Age,TypeofContact,CityTier,DurationOfPitch,Occupation,Gender,NumberOfPersonVisiting,NumberOfFollowups,ProductPitched,PreferredPropertyStar,MaritalStatus,NumberOfTrips,Passport,PitchSatisfactionScore,OwnCar,NumberOfChildrenVisiting,Designation,MonthlyIncome,IncomePerPerson,PitchEffectiveness,FamilySize,IsFrequentTraveller,ProdTaken
31.0,1,1,17.0,2,1,2,3.0,0,3.0,0,4.0,1,3,1,1.0,1,17356.0,8678.0,9.0,3.0,1,0
38.0,1,1,18.0,3,0,4,6.0,1,4.0,0,7.0,0,4,1,1.0,2,23455.0,5863.75,24.0,5.0,1,1
28.0,1,1,13.0,2,1,3,5.0,0,3.0,0,3.0,0,2,1,2.0,1,21217.0,7072.33,10.0,5.0,0,0
37.0,1,1,20.0,2,0,3,3.0,0,5.0,1,2.0,0,4,1,0.0,1,18034.0,6011.33,12.0,3.0,0,0
46.0,1,3,27.0,2,0,3,4.0,1,3.0,2,2.0,0,1,1,1.0,2,23528.0,7842.67,4.0,4.0,0,0
28.0,1,1,14.0,2,0,2,4.0,0,4.0,2,2.0,0,4,0,1.0,1,17154.0,8577.0,16.0,3.0,0,1
41.0,0,1,9.0,3,0,3,2.0,1,4.0,0,3.0,0,3,0,2.0,2,22922.0,7640.67,6.0,5.0,0,0
45.0,1,3,8.0,2,1,3,6.0,1,4.0,2,8.0,0,3,0,2.0,2,21040.0,7013.33,18.0,5.0,1,1
39.0,1,1,9.0,3,0,3,5.0,3,3.0,1,5.0,1,5,1,2.0,3,26434.0,8811.33,25.0,5.0,1,0
24.0,1,1,13.0,2,1,4,2.0,0,5.0,1,3.0,1,3,0,1.0,1,20279.0,5069.75,6.0,5.0,0,1
48.0,1,3,21.0,3,1,3,4.0,1,5.0,2,4.0,0,2,0,2.0,2,23638.0,7879.33,8.0,5.0,1,0
37.0,0,3,15.0,3,1,3,3.0,3,4.0,1,2.0,0,1,1,2.0,3,23834.0,7944.67,3.0,5.0,0,0
38.0,1,1,9.0,0,1,4,5.0,0,3.0,2,8.0,1,3,0,1.0,1,20768.0,5192.0,15.0,5.0,1,1
31.0,0,3,11.0,3,0,2,3.0,0,4.0,1,2.0,0,3,0,0.0,1,17789.0,8894.5,9.0,2.0,0,0
33.0,0,3,6.0,2,0,2,1.0,1,5.0,1,3.0,0,3,0,1.0,2,20376.0,10188.0,3.0,3.0,0,0
43.0,0,1,36.0,2,0,4,4.0,1,3.0,1,4.0,0,3,1,2.0,2,23234.0,5808.5,12.0,6.0,1,0
38.0,1,3,6.0,2,0,2,4.0,1,3.0,2,5.0,0,1,0,1.0,2,23686.0,11843.0,4.0,3.0,1,0
48.0,1,1,21.0,3,0,3,3.0,3,3.0,1,2.0,0,3,0,0.0,3,33265.0,11088.33,9.0,3.0,0,1
44.0,0,1,23.0,2,1,3,5.0,0,3.0,2,3.0,0,4,1,0.0,1,17290.0,5763.33,20.0,3.0,0,0
47.0,1,1,25.0,3,0,3,4.0,1,3.0,1,4.0,0,5,0,1.0,2,23488.0,7829.33,20.0,4.0,1,0
52.0,1,1,16.0,2,1,4,4.0,0,3.0,1,5.0,0,3,1,1.0,1,20753.0,5188.25,12.0,5.0,1,0
60.0,1,3,22.0,3,1,2,3.0,1,5.0,2,1.0,0,4,1,0.0,2,20405.0,10202.5,12.0,2.0,0,0
49.0,1,1,13.0,2,1,2,4.0,3,3.0,2,1.0,0,2,1,1.0,3,25965.0,12982.5,8.0,3.0,0,0
30.0,0,1,15.0,3,1,3,3.0,1,5.0,1,2.0,0,1,1,1.0,2,18072.0,6024.0,3.0,4.0,0,0
47.0,1,1,7.0,3,1,4,4.0,3,5.0,1,2.0,0,1,0,3.0,3,28074.0,7018.5,4.0,7.0,0,0
34.0,1,3,27.0,2,1,3,1.0,1,3.0,2,2.0,0,3,0,0.0,2,20337.0,6779.0,3.0,3.0,0,0
43.0,0,1,33.0,3,0,3,4.0,3,5.0,1,5.0,1,3,0,1.0,3,31869.0,10623.0,12.0,4.0,1,0
36.0,0,1,24.0,3,0,3,3.0,0,3.0,2,2.0,0,3,1,2.0,1,17153.0,5717.67,9.0,5.0,0,0
54.0,1,1,13.0,2,1,3,4.0,1,3.0,2,4.0,0,5,1,1.0,2,21128.0,7042.67,20.0,4.0,1,0
43.0,1,1,36.0,2,1,4,4.0,1,4.0,0,3.0,0,3,1,2.0,2,23112.0,5778.0,12.0,6.0,0,0
34.0,1,1,15.0,2,1,4,4.0,1,3.0,2,4.0,1,3,0,3.0,2,25066.0,6266.5,12.0,7.0,1,0
37.0,0,1,10.0,1,1,3,4.0,0,4.0,0,3.0,0,3,1,2.0,1,22370.0,7456.67,12.0,5.0,0,0
33.0,1,1,6.0,2,1,3,4.0,0,5.0,2,4.0,1,4,1,1.0,1,17799.0,5933.0,16.0,4.0,1,0
35.0,1,1,15.0,3,0,4,4.0,1,3.0,2,5.0,0,4,0,2.0,2,24820.0,6205.0,16.0,6.0,1,0
32.0,0,1,30.0,2,1,3,3.0,1,3.0,0,2.0,0,4,1,0.0,2,20309.0,6769.67,12.0,3.0,0,0
38.0,1,1,7.0,2,0,4,4.0,1,4.0,1,8.0,0,1,1,3.0,2,25125.0,6281.25,4.0,7.0,1,0
44.0,0,1,34.0,2,0,3,4.0,3,5.0,0,2.0,0,4,0,1.0,3,29498.0,9832.67,16.0,4.0,0,0
47.0,1,1,8.0,3,0,2,3.0,4,3.0,0,4.0,0,5,1,0.0,0,32169.0,16084.5,15.0,2.0,1,0
56.0,1,1,13.0,2,1,2,5.0,3,3.0,2,5.0,0,1,0,0.0,3,22260.0,11130.0,5.0,2.0,1,0
44.0,1,1,6.0,3,1,2,3.0,0,3.0,2,7.0,1,4,0,1.0,1,17436.0,8718.0,12.0,3.0,1,0
31.0,1,1,15.0,2,0,4,2.0,3,5.0,0,2.0,1,2,0,3.0,3,30094.0,7523.5,4.0,7.0,0,0
40.0,1,1,15.0,2,1,2,3.0,0,5.0,2,4.0,0,1,1,1.0,1,17018.0,8509.0,3.0,3.0,1,1
28.0,1,1,14.0,3,0,3,5.0,1,5.0,2,2.0,0,3,1,1.0,2,25489.0,8496.33,15.0,4.0,0,0
31.0,1,1,9.0,2,1,4,4.0,0,4.0,2,3.0,0,3,0,1.0,1,30594.0,7648.5,12.0,5.0,0,1
36.0,1,1,16.0,3,1,3,4.0,1,3.0,2,3.0,0,4,0,2.0,2,23776.0,7925.33,16.0,5.0,0,0
53.0,1,1,10.0,3,1,3,5.0,3,3.0,1,4.0,1,1,1,1.0,3,26647.0,8882.33,5.0,4.0,1,0
45.0,1,1,10.0,2,1,3,4.0,0,5.0,0,6.0,0,5,1,2.0,1,21040.0,7013.33,20.0,5.0,1,1
32.0,1,3,13.0,2,1,3,4.0,1,3.0,0,2.0,0,3,1,2.0,2,20484.0,6828.0,12.0,5.0,0,0
45.0,1,1,8.0,2,0,2,4.0,1,3.0,1,2.0,0,4,1,1.0,2,20770.0,10385.0,16.0,3.0,0,0
38.0,1,2,6.0,2,1,2,1.0,0,3.0,0,2.0,0,4,1,0.0,1,17844.0,8922.0,4.0,2.0,0,0
55.0,1,1,26.0,1,1,2,3.0,1,3.0,1,4.0,1,1,0,0.0,2,20415.0,10207.5,3.0,2.0,1,0
35.0,0,1,9.0,2,1,2,4.0,0,3.0,0,2.0,0,2,1,1.0,1,16281.0,8140.5,8.0,3.0,0,0
27.0,1,3,16.0,3,0,3,4.0,1,3.0,0,2.0,1,3,1,2.0,2,20769.0,6923.0,12.0,5.0,0,0
30.0,0,1,21.0,2,0,3,4.0,3,3.0,2,2.0,1,5,1,1.0,3,26231.0,8743.67,20.0,4.0,0,1
59.0,0,2,8.0,2,0,2,4.0,2,3.0,0,1.0,0,2,1,1.0,4,33844.0,16922.0,8.0,3.0,0,0
35.0,1,1,9.0,3,0,3,5.0,0,5.0,2,3.0,0,2,1,2.0,1,23059.0,7686.33,10.0,5.0,0,0
29.0,1,1,26.0,3,1,4,5.0,0,5.0,0,3.0,0,3,1,3.0,1,21874.0,5468.5,15.0,7.0,0,0
41.0,1,1,7.0,2,1,3,4.0,0,3.0,1,2.0,0,1,0,1.0,1,21084.0,7028.0,4.0,4.0,0,0
29.0,0,1,7.0,3,1,3,5.0,0,4.0,1,3.0,0,4,1,1.0,1,21274.0,7091.33,20.0,4.0,0,1
46.0,1,3,8.0,1,0,3,5.0,4,4.0,1,4.0,1,5,1,0.0,0,31872.0,10624.0,25.0,3.0,1,0
37.0,1,1,6.0,2,0,2,3.0,0,3.0,2,2.0,0,1,1,0.0,1,17115.0,8557.5,3.0,2.0,0,0
28.0,1,1,24.0,2,0,3,4.0,0,3.0,2,3.0,1,5,1,1.0,1,21072.0,7024.0,20.0,4.0,0,1
25.0,1,1,9.0,2,1,2,3.0,0,5.0,1,5.0,0,5,1,0.0,1,16118.0,8059.0,15.0,2.0,1,1
21.0,0,1,13.0,2,0,4,5.0,0,3.0,2,3.0,1,1,0,1.0,1,21604.0,5401.0,5.0,5.0,0,1
37.0,1,1,6.0,1,0,2,3.0,3,3.0,2,5.0,0,5,1,1.0,3,22491.0,11245.5,15.0,3.0,1,0
35.0,0,3,11.0,3,0,4,4.0,1,3.0,1,2.0,0,1,0,1.0,2,25216.0,6304.0,4.0,5.0,0,0
45.0,1,1,7.0,3,1,3,4.0,0,3.0,2,8.0,1,4,0,2.0,1,21114.0,7038.0,16.0,5.0,1,0
38.0,1,3,15.0,3,1,3,4.0,0,4.0,1,1.0,0,4,0,2.0,1,17899.0,5966.33,16.0,5.0,0,0
34.0,1,2,9.0,2,1,3,4.0,0,3.0,0,3.0,0,2,0,1.0,1,22278.0,7426.0,8.0,4.0,0,0
30.0,1,1,7.0,1,1,3,4.0,0,3.0,2,2.0,0,2,0,1.0,1,20736.0,6912.0,8.0,4.0,0,1
40.0,0,1,29.0,3,0,3,4.0,3,5.0,2,3.0,1,5,1,1.0,3,29558.0,9852.67,20.0,4.0,0,0
61.0,1,3,23.0,3,1,3,4.0,1,5.0,2,2.0,0,4,1,2.0,2,24083.0,8027.67,16.0,5.0,0,0
37.0,0,1,18.0,2,1,4,5.0,1,4.0,2,3.0,0,4,1,2.0,2,25177.0,6294.25,20.0,6.0,0,0
31.0,1,1,31.0,2,1,4,4.0,0,3.0,1,3.0,0,2,0,2.0,1,21371.0,5342.75,8.0,6.0,0,0
36.0,1,1,6.0,2,0,2,3.0,1,4.0,1,1.0,0,5,1,1.0,2,20228.0,10114.0,15.0,3.0,0,0
36.0,1,3,9.0,2,1,2,4.0,3,3.0,1,2.0,1,1,1,0.0,3,25325.0,12662.5,4.0,2.0,0,1
38.0,1,2,13.0,2,1,4,4.0,0,5.0,1,6.0,1,1,0,3.0,1,20751.0,5187.75,4.0,7.0,1,1
34.0,1,3,16.0,3,0,4,4.0,1,5.0,2,2.0,1,3,0,1.0,2,26902.0,6725.5,12.0,5.0,0,1
38.0,1,1,17.0,2,0,3,4.0,0,5.0,1,2.0,1,3,1,2.0,1,21460.0,7153.33,12.0,5.0,0,0
21.0,0,3,15.0,3,1,2,3.0,0,3.0,2,2.0,0,4,0,0.0,1,17610.0,8805.0,12.0,2.0,0,0
50.0,1,1,12.0,1,1,4,4.0,1,3.0,0,4.0,0,3,0,1.0,2,25329.0,6332.25,12.0,5.0,1,0
41.0,1,3,23.0,3,1,4,4.0,3,3.0,1,4.0,0,5,0,2.0,3,22222.0,5555.5,20.0,6.0,1,1
37.0,1,1,8.0,0,1,3,4.0,0,3.0,2,7.0,1,3,0,0.0,1,17090.0,5696.67,12.0,3.0,1,1
24.0,1,1,15.0,3,1,4,5.0,0,3.0,2,3.0,1,4,1,3.0,1,22667.0,5666.75,20.0,7.0,0,1
41.0,1,1,15.0,2,1,3,3.0,0,5.0,1,3.0,0,1,0,0.0,1,17238.0,5746.0,3.0,3.0,0,0
59.0,1,1,24.0,3,1,3,3.0,3,3.0,2,7.0,0,3,1,1.0,3,25512.0,8504.0,9.0,4.0,1,0
37.0,1,1,14.0,2,1,4,4.0,0,3.0,2,4.0,0,3,0,3.0,1,23356.0,5839.0,12.0,7.0,1,0
41.0,0,1,11.0,2,1,3,4.0,0,5.0,1,7.0,0,3,1,0.0,1,17107.0,5702.33,12.0,3.0,1,1
42.0,1,1,8.0,2,1,3,4.0,1,3.0,2,4.0,0,2,0,1.0,2,21781.0,7260.33,8.0,4.0,1,0
26.0,1,3,11.0,2,0,4,5.0,1,3.0,2,3.0,1,1,0,3.0,2,23165.0,5791.25,5.0,7.0,0,0
44.0,1,3,9.0,3,1,4,4.0,1,3.0,1,3.0,1,3,0,1.0,2,26525.0,6631.25,12.0,5.0,0,0
37.0,1,1,9.0,3,1,4,4.0,0,3.0,2,6.0,0,5,1,2.0,1,21197.0,5299.25,20.0,6.0,1,0
29.0,0,1,13.0,2,1,3,5.0,0,3.0,1,3.0,1,4,1,1.0,1,21381.0,7127.0,20.0,4.0,0,0
40.0,1,3,10.0,3,1,3,4.0,3,3.0,0,1.0,0,2,1,0.0,3,25855.0,8618.33,8.0,3.0,0,0
29.0,1,3,16.0,3,1,2,3.0,0,4.0,1,2.0,0,2,0,1.0,1,17297.0,8648.5,6.0,3.0,0,0
48.0,1,1,16.0,2,0,4,4.0,0,3.0,2,6.0,0,3,1,1.0,1,20783.0,5195.75,12.0,5.0,1,0
50.0,1,3,6.0,3,0,3,3.0,2,3.0,1,4.0,0,1,1,0.0,4,34517.0,11505.67,3.0,3.0,1,0
32.0,0,1,7.0,2,0,4,4.0,1,5.0,1,3.0,0,5,1,1.0,2,22826.0,5706.5,20.0,5.0,0,0
34.0,0,3,14.0,3,1,3,4.0,1,5.0,0,2.0,0,3,0,1.0,2,23051.0,7683.67,12.0,4.0,0,0
39.0,0,3,17.0,1,0,3,4.0,1,3.0,2,3.0,1,3,1,1.0,2,24344.0,8114.67,12.0,4.0,0,0
23.0,1,1,6.0,2,1,2,3.0,0,3.0,0,2.0,0,4,0,1.0,1,16223.0,8111.5,12.0,3.0,0,0
24.0,1,1,23.0,2,0,3,3.0,0,4.0,0,2.0,0,2,0,1.0,1,17210.0,5736.67,6.0,4.0,0,1
42.0,1,1,6.0,2,0,2,4.0,1,3.0,0,1.0,1,3,0,1.0,2,21062.0,10531.0,12.0,3.0,0,0
34.0,1,1,8.0,2,1,3,4.0,0,3.0,1,4.0,0,5,1,0.0,1,17768.0,5922.67,20.0,3.0,1,0
33.0,1,1,9.0,2,1,4,4.0,0,4.0,2,3.0,0,3,1,2.0,1,20071.0,5017.75,12.0,6.0,0,1
45.0,1,1,6.0,2,1,3,1.0,2,3.0,1,1.0,0,4,1,1.0,4,34202.0,11400.67,4.0,4.0,0,0
43.0,1,1,16.0,2,1,4,5.0,2,3.0,2,2.0,0,1,1,2.0,4,38291.0,9572.75,5.0,6.0,0,0
54.0,1,3,9.0,3,0,2,3.0,1,5.0,1,3.0,0,4,1,0.0,2,20940.0,10470.0,12.0,2.0,0,0
35.0,1,3,6.0,3,1,3,3.0,3,4.0,0,2.0,0,4,1,2.0,3,22295.0,7431.67,12.0,5.0,0,0
40.0,1,3,8.0,2,0,3,3.0,2,3.0,0,1.0,0,3,0,0.0,4,33041.0,11013.67,9.0,3.0,0,0
28.0,1,3,9.0,3,0,3,3.0,0,4.0,1,2.0,0,1,1,0.0,1,17856.0,5952.0,3.0,3.0,0,0
34.0,1,1,6.0,2,1,2,3.0,0,3.0,1,2.0,0,3,1,1.0,1,17691.0,8845.5,9.0,3.0,0,0
53.0,1,3,30.0,2,1,3,3.0,3,5.0,2,7.0,1,3,1,2.0,3,25448.0,8482.67,9.0,5.0,1,1
23.0,1,1,32.0,2,1,2,3.0,0,3.0,1,2.0,0,1,0,1.0,1,17904.0,8952.0,3.0,3.0,0,0
51.0,1,1,17.0,1,1,4,5.0,3,3.0,2,8.0,0,5,1,2.0,3,29174.0,7293.5,25.0,6.0,1,0
41.0,1,1,25.0,2,1,2,3.0,1,5.0,1,3.0,0,1,0,0.0,2,18072.0,9036.0,3.0,2.0,0,0
39.0,1,2,8.0,2,0,2,4.0,1,3.0,1,1.0,0,3,1,0.0,2,20204.0,10102.0,12.0,2.0,0,0
47.0,1,1,8.0,3,0,3,3.0,1,3.0,1,6.0,0,1,0,0.0,2,20070.0,6690.0,3.0,3.0,1,0
30.0,1,1,34.0,3,0,4,4.0,1,3.0,0,6.0,0,2,1,1.0,2,23013.0,5753.25,8.0,5.0,1,0
55.0,0,1,8.0,2,0,3,4.0,3,3.0,1,2.0,0,5,0,2.0,3,29180.0,9726.67,20.0,5.0,0,0
38.0,1,3,9.0,2,1,2,3.0,1,3.0,2,1.0,1,3,1,1.0,2,21861.0,10930.5,9.0,3.0,0,0
43.0,1,3,11.0,3,1,3,4.0,1,5.0,2,2.0,0,5,1,1.0,2,23833.0,7944.33,20.0,4.0,0,0
27.0,0,2,28.0,2,0,2,4.0,0,4.0,1,2.0,0,1,1,0.0,1,17863.0,8931.5,4.0,2.0,0,1
33.0,1,3,17.0,3,1,3,4.0,1,3.0,2,3.0,0,4,1,2.0,2,24074.0,8024.67,16.0,5.0,0,0
41.0,0,1,33.0,3,0,4,5.0,1,3.0,1,5.0,1,1,0,2.0,2,23100.0,5775.0,5.0,6.0,1,0
60.0,0,1,21.0,2,0,3,4.0,3,3.0,2,2.0,1,5,1,1.0,3,29190.0,9730.0,20.0,4.0,0,1
27.0,1,1,31.0,1,1,4,6.0,0,3.0,2,3.0,1,3,0,2.0,1,21018.0,5254.5,18.0,6.0,0,1
33.0,0,3,15.0,3,0,3,4.0,3,3.0,2,3.0,0,4,1,2.0,3,27676.0,9225.33,16.0,5.0,0,0
40.0,0,3,30.0,2,0,3,1.0,4,4.0,2,5.0,1,3,1,0.0,0,28194.0,9398.0,3.0,3.0,1,1
26.0,0,1,9.0,1,1,3,3.0,0,5.0,2,1.0,0,3,0,2.0,1,18102.0,6034.0,9.0,5.0,0,1
42.0,1,1,15.0,2,1,3,4.0,2,3.0,2,1.0,0,1,1,1.0,4,34613.0,11537.67,4.0,4.0,0,0
25.0,0,1,11.0,2,1,3,5.0,0,3.0,1,2.0,0,3,0,2.0,1,21840.0,7280.0,15.0,5.0,0,0
33.0,1,3,15.0,3,0,3,3.0,1,5.0,2,1.0,1,3,0,0.0,2,23224.0,7741.33,9.0,3.0,0,1
38.0,1,1,26.0,2,1,3,4.0,1,3.0,1,5.0,0,1,0,1.0,2,24446.0,8148.67,4.0,4.0,1,0
55.0,1,2,26.0,3,1,3,4.0,3,4.0,1,4.0,0,3,1,2.0,3,29403.0,9801.0,12.0,5.0,1,0
24.0,0,3,16.0,3,1,3,4.0,0,5.0,1,3.0,0,5,1,1.0,1,20468.0,6822.67,20.0,4.0,0,1
34.0,1,1,11.0,3,0,2,4.0,3,5.0,2,3.0,0,2,0,0.0,3,26631.0,13315.5,8.0,2.0,0,0
29.0,0,2,7.0,2,1,3,4.0,0,3.0,1,3.0,0,4,0,2.0,1,21384.0,7128.0,16.0,5.0,0,0
41.0,1,1,15.0,2,0,4,4.0,1,5.0,1,4.0,1,1,0,1.0,2,25194.0,6298.5,4.0,5.0,1,0
32.0,0,1,19.0,2,0,3,4.0,0,4.0,0,2.0,0,5,0,0.0,1,17743.0,5914.33,20.0,3.0,0,0
45.0,1,3,35.0,3,0,3,2.0,4,3.0,1,5.0,1,1,1,1.0,0,31998.0,10666.0,2.0,4.0,1,0
35.0,1,3,21.0,1,0,3,4.0,0,3.0,1,3.0,1,5,1,1.0,1,21257.0,7085.67,20.0,4.0,0,0
40.0,0,1,29.0,3,0,3,4.0,3,5.0,2,3.0,1,5,1,2.0,3,29558.0,9852.67,20.0,5.0,0,0
51.0,1,1,13.0,3,1,2,4.0,1,3.0,0,3.0,0,3,1,1.0,2,21132.0,10566.0,12.0,3.0,0,0
39.0,1,1,6.0,3,0,3,3.0,0,3.0,1,1.0,0,3,1,0.0,1,17232.0,5744.0,9.0,3.0,0,0
19.0,1,3,28.0,3,1,2,3.0,0,3.0,2,2.0,1,2,0,1.0,1,16675.0,8337.5,6.0,3.0,0,1
39.0,0,3,17.0,1,0,3,4.0,1,3.0,2,3.0,1,3,0,2.0,2,24344.0,8114.67,12.0,5.0,0,0
37.0,1,1,14.0,2,1,4,4.0,0,3.0,2,4.0,0,3,1,3.0,1,23356.0,5839.0,12.0,7.0,1,0
42.0,1,3,18.0,3,1,3,3.0,1,3.0,1,4.0,1,1,0,0.0,2,20087.0,6695.67,3.0,3.0,1,0
30.0,1,3,17.0,2,1,3,4.0,0,3.0,2,3.0,0,4,0,1.0,1,21320.0,7106.67,16.0,4.0,0,0
44.0,0,1,35.0,3,0,4,2.0,0,3.0,2,6.0,0,3,0,3.0,1,23417.0,5854.25,6.0,7.0,1,0
45.0,1,1,34.0,1,0,2,4.0,4,4.0,2,2.0,0,3,1,0.0,0,31704.0,15852.0,12.0,2.0,0,0
36.0,1,1,32.0,1,1,4,5.0,3,4.0,1,5.0,0,3,1,2.0,3,29581.0,7395.25,15.0,6.0,1,0
36.0,1,1,29.0,2,1,3,6.0,0,3.0,2,2.0,0,4,1,1.0,1,22908.0,7636.0,24.0,4.0,0,0
33.0,1,1,10.0,3,0,4,4.0,1,5.0,1,3.0,0,1,1,1.0,2,25403.0,6350.75,4.0,5.0,0,0
39.0,1,1,17.0,3,0,3,6.0,3,3.0,1,5.0,0,1,1,2.0,3,31884.0,10628.0,6.0,5.0,1,0
44.0,0,1,16.0,3,1,4,4.0,1,3.0,1,5.0,1,3,1,3.0,2,24357.0,6089.25,12.0,7.0,1,0
36.0,0,1,24.0,2,1,3,3.0,1,3.0,2,3.0,0,3,0,1.0,2,22779.0,7593.0,9.0,4.0,0,0
20.0,1,1,16.0,2,1,3,4.0,0,5.0,2,3.0,0,3,0,2.0,1,21230.0,7076.67,12.0,5.0,0,0
46.0,1,1,14.0,3,0,3,4.0,0,3.0,1,6.0,1,3,0,2.0,1,23155.0,7718.33,12.0,5.0,1,0
55.0,1,1,14.0,3,0,2,3.0,4,3.0,1,3.0,1,3,1,1.0,0,29756.0,14878.0,9.0,3.0,0,0
35.0,0,1,33.0,1,0,4,5.0,0,3.0,1,3.0,0,1,1,1.0,1,20707.0,5176.75,5.0,5.0,0,0
32.0,1,1,15.0,2,0,4,4.0,1,3.0,2,3.0,0,5,0,2.0,2,23102.0,5775.5,20.0,6.0,0,0
41.0,0,3,16.0,2,1,2,3.0,1,3.0,2,1.0,0,2,0,1.0,2,21230.0,10615.0,6.0,3.0,0,0
38.0,1,3,13.0,3,1,4,4.0,1,3.0,0,6.0,0,3,0,1.0,2,25180.0,6295.0,12.0,5.0,1,0
35.0,0,3,30.0,3,1,4,4.0,1,3.0,2,2.0,0,5,0,2.0,2,23246.0,5811.5,20.0,6.0,0,0
37.0,1,1,13.0,2,1,3,4.0,0,3.0,1,2.0,0,5,1,2.0,1,21888.0,7296.0,20.0,5.0,0,0
25.0,1,1,13.0,3,1,3,4.0,0,3.0,1,2.0,0,1,0,2.0,1,17889.0,5963.0,4.0,5.0,0,0
32.0,1,3,14.0,1,0,3,4.0,1,4.0,0,2.0,1,2,1,0.0,2,20228.0,6742.67,8.0,3.0,0,0
36.0,1,1,30.0,3,1,4,6.0,0,3.0,1,2.0,0,1,1,1.0,1,21383.0,5345.75,6.0,5.0,0,0
24.0,0,2,16.0,3,1,2,3.0,0,3.0,1,1.0,0,4,1,1.0,1,17145.0,8572.5,12.0,3.0,0,0
26.0,1,3,26.0,3,1,3,5.0,0,4.0,0,3.0,1,2,0,1.0,1,21091.0,7030.33,10.0,4.0,0,1
49.0,1,1,26.0,3,0,3,3.0,1,5.0,0,2.0,0,2,1,2.0,2,21567.0,7189.0,6.0,5.0,0,0
47.0,1,1,10.0,2,0,3,4.0,3,4.0,1,1.0,1,4,1,2.0,3,25333.0,8444.33,16.0,5.0,0,0
41.0,0,1,16.0,2,1,3,4.0,4,5.0,1,5.0,0,1,1,0.0,0,32181.0,10727.0,4.0,3.0,1,0
25.0,0,1,8.0,2,1,3,1.0,1,3.0,1,2.0,0,1,0,1.0,2,20206.0,6735.33,1.0,4.0,0,0
34.0,0,1,22.0,2,0,3,4.0,0,3.0,2,2.0,0,5,1,2.0,1,17553.0,5851.0,20.0,5.0,0,0
40.0,1,1,6.0,2,1,2,3.0,0,4.0,0,4.0,0,1,1,1.0,1,17387.0,8693.5,3.0,3.0,1,0
22.0,1,1,25.0,3,1,3,3.0,0,3.0,0,2.0,0,2,0,1.0,1,17323.0,5774.33,6.0,4.0,0,0
31.0,1,1,17.0,3,1,3,3.0,1,5.0,0,2.0,1,2,0,2.0,2,21833.0,7277.67,6.0,5.0,0,0
36.0,1,1,15.0,2,1,3,2.0,0,3.0,1,3.0,0,5,1,2.0,1,20947.0,6982.33,10.0,5.0,0,0
38.0,1,1,8.0,3,1,3,3.0,0,3.0,1,7.0,1,4,0,2.0,1,18057.0,6019.0,12.0,5.0,1,0
45.0,1,1,17.0,2,1,3,4.0,1,3.0,1,4.0,1,3,0,2.0,2,25143.0,8381.0,12.0,5.0,1,0
37.0,1,1,10.0,2,1,4,2.0,1,5.0,1,8.0,0,1,1,3.0,2,25520.0,6380.0,2.0,7.0,1,0
25.0,1,3,11.0,3,1,2,4.0,1,3.0,2,2.0,1,3,1,0.0,2,20744.0,10372.0,12.0,2.0,0,1
32.0,0,3,8.0,2,0,3,3.0,0,5.0,1,2.0,0,3,1,0.0,1,17827.0,5942.33,9.0,3.0,0,0
27.0,1,1,12.0,3,0,3,4.0,0,3.0,1,1.0,0,2,1,1.0,1,17187.0,5729.0,8.0,4.0,0,0
42.0,1,3,11.0,3,1,2,3.0,2,3.0,0,7.0,0,4,0,1.0,4,33303.0,16651.5,12.0,3.0,1,0
44.0,1,1,34.0,2,1,2,3.0,4,5.0,0,4.0,0,1,1,0.0,0,31328.0,15664.0,3.0,2.0,1,0
39.0,0,1,36.0,2,0,3,4.0,1,3.0,2,3.0,0,3,1,1.0,2,21084.0,7028.0,12.0,4.0,0,0
35.0,1,1,6.0,3,1,2,4.0,0,3.0,1,7.0,0,1,1,1.0,1,17258.0,8629.0,4.0,3.0,1,0
48.0,0,1,23.0,3,1,4,2.0,1,3.0,1,3.0,1,2,0,1.0,2,23745.0,5936.25,4.0,5.0,0,0
37.0,1,3,9.0,2,1,4,4.0,0,3.0,2,5.0,1,3,0,1.0,1,21322.0,5330.5,12.0,5.0,1,0
28.0,1,1,15.0,3,1,3,3.0,0,3.0,1,2.0,0,1,1,0.0,1,17070.0,5690.0,3.0,3.0,0,0
41.0,1,1,9.0,3,0,4,4.0,0,3.0,1,4.0,0,1,1,2.0,1,20679.0,5169.75,4.0,6.0,1,0
29.0,1,1,21.0,2,0,3,5.0,0,3.0,1,1.0,1,5,1,1.0,1,17168.0,5722.67,25.0,4.0,0,0
37.0,0,1,15.0,3,1,2,3.0,0,3.0,1,2.0,1,1,0,1.0,1,17326.0,8663.0,3.0,3.0,0,0
31.0,1,1,13.0,3,0,2,3.0,3,3.0,2,2.0,1,4,1,1.0,3,22143.0,11071.5,12.0,3.0,0,0
27.0,1,1,23.0,3,1,3,4.0,0,4.0,1,4.0,1,1,1,1.0,1,21051.0,7017.0,4.0,4.0,1,1
50.0,1,1,15.0,2,0,3,4.0,3,4.0,1,6.0,0,4,0,2.0,3,26081.0,8693.67,16.0,5.0,1,0
50.0,0,3,6.0,2,0,3,3.0,1,3.0,1,1.0,0,1,0,1.0,2,21347.0,7115.67,3.0,4.0,0,0
35.0,0,1,7.0,2,1,4,4.0,0,5.0,1,7.0,0,1,1,3.0,1,21674.0,5418.5,4.0,7.0,1,0
37.0,1,1,9.0,2,0,4,4.0,0,3.0,1,6.0,0,5,1,1.0,1,21221.0,5305.25,20.0,5.0,1,0
31.0,1,3,11.0,3,0,4,5.0,1,4.0,1,3.0,1,3,1,1.0,2,23887.0,5971.75,15.0,5.0,0,0
34.0,1,1,16.0,3,1,2,3.0,1,5.0,2,2.0,0,4,0,0.0,2,21125.0,10562.5,12.0,2.0,0,1
39.0,1,1,16.0,2,1,4,4.0,0,3.0,1,4.0,0,1,1,2.0,1,23449.0,5862.25,4.0,6.0,1,0
37.0,1,1,9.0,2,1,2,3.0,3,3.0,1,2.0,0,1,1,0.0,3,24434.0,12217.0,3.0,2.0,0,0
37.0,0,1,25.0,2,1,3,2.0,0,3.0,1,6.0,0,5,1,2.0,1,22366.0,7455.33,10.0,5.0,1,0
34.0,1,1,13.0,2,0,2,3.0,3,4.0,2,1.0,0,3,1,0.0,3,26994.0,13497.0,9.0,2.0,0,0
32.0,1,1,18.0,3,1,4,4.0,1,5.0,0,3.0,1,2,0,3.0,2,25511.0,6377.75,8.0,7.0,0,0
48.0,0,1,28.0,3,0,2,3.0,4,3.0,1,4.0,0,5,0,0.0,0,32174.0,16087.0,15.0,2.0,1,0
51.0,1,1,6.0,2,1,3,3.0,0,3.0,0,2.0,0,4,1,0.0,1,17723.0,5907.67,12.0,3.0,0,0
22.0,1,1,13.0,2,1,3,3.0,0,4.0,2,2.0,1,3,1,0.0,1,17472.0,5824.0,9.0,3.0,0,1
28.0,0,1,17.0,2,1,3,4.0,3,5.0,1,3.0,0,3,1,1.0,3,27471.0,9157.0,12.0,4.0,0,0
41.0,1,1,31.0,1,1,4,4.0,1,3.0,1,3.0,0,3,1,2.0,2,21997.0,5499.25,12.0,6.0,0,0
24.0,1,1,6.0,3,1,3,3.0,0,3.0,1,3.0,1,3,0,2.0,1,17293.0,5764.33,9.0,5.0,0,1
29.0,1,3,12.0,3,1,3,4.0,1,5.0,2,2.0,0,1,1,1.0,2,27141.0,9047.0,4.0,4.0,0,0
43.0,0,1,16.0,2,0,2,4.0,1,3.0,1,2.0,0,3,1,0.0,2,20257.0,10128.5,12.0,2.0,0,0
42.0,0,1,8.0,2,1,2,3.0,3,3.0,1,3.0,1,3,1,0.0,3,25124.0,12562.0,9.0,2.0,0,0
25.0,1,3,32.0,3,0,2,3.0,1,3.0,2,2.0,0,4,0,0.0,2,21180.0,10590.0,12.0,2.0,0,0
23.0,1,3,8.0,1,1,3,3.0,0,5.0,1,4.0,0,3,1,1.0,1,17322.0,5774.0,9.0,4.0,1,0
38.0,0,1,14.0,3,0,2,4.0,1,4.0,1,2.0,1,1,1,0.0,2,17133.0,8566.5,4.0,2.0,0,0
35.0,0,3,17.0,2,1,3,4.0,1,3.0,1,3.0,1,1,1,2.0,2,22679.0,7559.67,4.0,5.0,0,0
32.0,1,3,20.0,3,1,3,4.0,1,5.0,1,4.0,0,2,0,1.0,2,22911.0,7637.0,8.0,4.0,1,1
38.0,1,1,7.0,2,0,3,4.0,0,3.0,2,3.0,0,2,1,2.0,1,20793.0,6931.0,8.0,5.0,0,0
60.0,1,1,13.0,2,0,2,3.0,2,5.0,1,6.0,0,5,1,0.0,4,34566.0,17283.0,15.0,2.0,1,0
29.0,0,1,13.0,2,1,3,5.0,0,3.0,1,3.0,1,4,1,2.0,1,21381.0,7127.0,20.0,5.0,0,0
39.0,1,1,8.0,2,0,3,3.0,0,5.0,1,2.0,1,1,1,0.0,1,32123.0,10707.67,3.0,3.0,0,1
37.0,1,1,15.0,1,0,3,4.0,3,3.0,1,3.0,0,4,1,1.0,3,28774.0,9591.33,16.0,4.0,0,0
32.0,1,1,14.0,3,0,3,4.0,1,5.0,1,3.0,0,1,1,1.0,2,22984.0,7661.33,4.0,4.0,0,0
39.0,0,1,17.0,3,1,4,4.0,0,3.0,1,2.0,0,5,0,1.0,1,21362.0,5340.5,20.0,5.0,0,0
45.0,1,1,11.0,3,1,3,4.0,1,4.0,2,2.0,0,1,1,2.0,2,24611.0,8203.67,4.0,5.0,0,0
47.0,1,3,17.0,3,0,4,5.0,3,3.0,1,4.0,1,1,0,1.0,3,27749.0,6937.25,5.0,5.0,1,0
56.0,1,1,13.0,1,1,3,3.0,0,3.0,1,1.0,0,4,1,2.0,1,17339.0,5779.67,12.0,5.0,0,1
34.0,1,1,14.0,3,0,3,3.0,1,3.0,2,4.0,0,4,1,1.0,2,21142.0,7047.33,12.0,4.0,1,0
42.0,1,1,16.0,2,1,4,4.0,0,5.0,0,4.0,0,2,0,3.0,1,20916.0,5229.0,8.0,7.0,1,0
29.0,1,1,9.0,3,1,3,6.0,0,3.0,1,7.0,1,3,1,2.0,1,22142.0,7380.67,18.0,5.0,1,1
36.0,0,1,9.0,3,1,4,5.0,0,3.0,2,2.0,1,3,1,1.0,1,23608.0,5902.0,15.0,5.0,0,0
55.0,1,3,10.0,3,0,3,4.0,1,5.0,0,4.0,0,4,1,2.0,2,24618.0,8206.0,16.0,5.0,1,0
38.0,0,3,16.0,3,1,4,4.0,3,4.0,1,3.0,0,2,1,1.0,3,27512.0,6878.0,8.0,5.0,0,0
35.0,0,1,17.0,3,1,3,4.0,3,5.0,1,3.0,1,5,1,2.0,3,24884.0,8294.67,20.0,5.0,0,0
49.0,0,1,7.0,3,1,3,2.0,4,3.0,2,4.0,0,2,0,1.0,0,35563.0,11854.33,4.0,4.0,1,0
35.0,1,1,13.0,2,0,3,5.0,1,4.0,1,8.0,0,3,1,1.0,2,23183.0,7727.67,15.0,4.0,1,0
60.0,1,1,10.0,2,1,4,5.0,0,3.0,1,5.0,0,3,0,1.0,1,20855.0,5213.75,15.0,5.0,1,0
34.0,0,3,17.0,3,1,3,5.0,1,3.0,2,5.0,0,3,1,2.0,2,23360.0,7786.67,15.0,5.0,1,0
44.0,0,3,22.0,2,1,3,5.0,1,3.0,1,5.0,0,5,1,1.0,2,25482.0,8494.0,25.0,4.0,1,0
30.0,1,1,24.0,2,0,3,3.0,0,3.0,2,2.0,0,1,1,2.0,1,17632.0,5877.33,3.0,5.0,0,0
30.0,0,1,8.0,3,0,2,3.0,0,3.0,2,1.0,0,4,1,0.0,1,17564.0,8782.0,12.0,2.0,0,0
37.0,0,1,17.0,2,1,2,3.0,3,3.0,1,2.0,1,3,0,1.0,3,27185.0,13592.5,9.0,3.0,0,0
54.0,1,1,6.0,3,0,2,3.0,4,3.0,2,7.0,0,4,1,1.0,0,32328.0,16164.0,12.0,3.0,1,0
43.0,1,3,15.0,3,1,3,4.0,1,4.0,0,2.0,0,3,0,2.0,2,25503.0,8501.0,12.0,5.0,0,0
34.0,1,1,13.0,3,1,2,3.0,0,3.0,2,2.0,0,1,0,1.0,1,17972.0,8986.0,3.0,3.0,0,0
52.0,1,1,10.0,3,0,4,4.0,4,4.0,2,5.0,0,5,0,2.0,0,32412.0,8103.0,20.0,6.0,1,0
34.0,0,1,7.0,2,0,3,2.0,1,4.0,1,3.0,1,3,1,1.0,2,24166.0,8055.33,6.0,4.0,0,0
28.0,1,3,9.0,2,1,4,4.0,1,3.0,2,3.0,1,4,0,2.0,2,23156.0,5789.0,16.0,6.0,0,0
35.0,1,3,8.0,3,0,3,3.0,0,3.0,1,2.0,0,1,1,2.0,1,17014.0,5671.33,3.0,5.0,0,0
32.0,1,1,8.0,1,1,2,4.0,1,5.0,2,5.0,0,4,0,1.0,2,17176.0,8588.0,16.0,3.0,1,0
45.0,0,1,24.0,2,1,4,6.0,0,3.0,2,4.0,0,4,1,1.0,1,20968.0,5242.0,24.0,5.0,1,0
34.0,1,1,6.0,2,0,3,1.0,0,3.0,2,3.0,0,1,1,1.0,1,18280.0,6093.33,1.0,4.0,0,0
46.0,1,3,9.0,3,1,2,3.0,4,3.0,1,4.0,0,1,1,0.0,0,32465.0,16232.5,3.0,2.0,1,0
47.0,1,3,22.0,3,1,3,6.0,1,3.0,1,8.0,1,1,0,2.0,2,22101.0,7367.0,6.0,5.0,1,1
37.0,1,1,17.0,2,1,3,4.0,3,5.0,1,2.0,1,5,1,2.0,3,26999.0,8999.67,20.0,5.0,0,0
26.0,1,1,9.0,2,1,3,4.0,0,3.0,1,8.0,1,5,0,1.0,1,22655.0,7551.67,20.0,4.0,1,0
60.0,1,1,25.0,3,1,4,4.0,3,3.0,2,8.0,0,3,1,2.0,3,29190.0,7297.5,12.0,6.0,1,0
52.0,1,1,9.0,3,1,2,4.0,3,3.0,0,3.0,1,2,0,0.0,3,22969.0,11484.5,8.0,2.0,0,0
30.0,1,1,14.0,1,0,3,4.0,0,3.0,1,5.0,1,4,1,2.0,1,22017.0,7339.0,16.0,5.0,1,1
33.0,1,3,11.0,3,1,3,6.0,3,3.0,1,3.0,0,1,1,1.0,3,29078.0,9692.67,6.0,4.0,0,1
44.0,0,1,6.0,3,1,2,3.0,0,4.0,1,2.0,1,3,1,1.0,1,17342.0,8671.0,9.0,3.0,0,1
57.0,1,1,14.0,2,1,3,6.0,3,3.0,2,6.0,0,1,0,1.0,3,25938.0,8646.0,6.0,4.0,1,0
42.0,1,3,7.0,2,0,4,4.0,1,3.0,2,2.0,1,4,0,3.0,2,24671.0,6167.75,16.0,7.0,0,1
53.0,0,3,8.0,3,0,2,4.0,3,4.0,0,3.0,0,2,0,1.0,3,22525.0,11262.5,8.0,3.0,0,0
18.0,0,3,9.0,3,0,3,3.0,0,3.0,2,2.0,1,5,0,1.0,1,16569.0,5523.0,15.0,4.0,0,1
22.0,1,3,29.0,1,1,3,4.0,0,3.0,2,3.0,0,1,0,1.0,1,22125.0,7375.0,4.0,4.0,0,0
39.0,1,1,16.0,3,1,3,3.0,4,5.0,1,2.0,1,3,1,2.0,0,32068.0,10689.33,9.0,5.0,0,0
33.0,0,1,9.0,2,0,2,3.0,0,3.0,1,2.0,1,1,1,1.0,1,17909.0,8954.5,3.0,3.0,0,0
27.0,1,3,15.0,1,1,3,5.0,1,5.0,2,8.0,0,3,0,1.0,2,24004.0,8001.33,15.0,4.0,1,1
35.0,1,3,10.0,2,1,3,6.0,1,5.0,2,5.0,0,5,1,2.0,2,23437.0,7812.33,30.0,5.0,1,0
51.0,1,1,8.0,3,1,2,5.0,1,4.0,1,6.0,0,1,0,1.0,2,20482.0,10241.0,5.0,3.0,1,0
42.0,0,3,11.0,3,1,3,4.0,1,4.0,2,3.0,0,3,1,1.0,2,28033.0,9344.33,12.0,4.0,0,1
40.0,1,1,12.0,2,0,3,3.0,4,3.0,2,1.0,0,5,1,2.0,0,28237.0,9412.33,15.0,5.0,0,0
36.0,0,3,6.0,3,0,2,3.0,1,3.0,2,5.0,0,1,1,1.0,2,21653.0,10826.5,3.0,3.0,1,0
33.0,1,3,13.0,3,1,3,4.0,1,3.0,2,3.0,0,5,1,2.0,2,23688.0,7896.0,20.0,5.0,0,0
25.0,0,1,14.0,2,0,3,4.0,0,3.0,1,3.0,1,4,0,1.0,1,21564.0,7188.0,16.0,4.0,0,1
18.0,1,3,16.0,3,0,3,4.0,0,3.0,2,2.0,0,2,1,2.0,1,16200.0,5400.0,8.0,5.0,0,0
51.0,1,1,31.0,2,1,4,4.0,4,3.0,1,5.0,1,4,1,3.0,0,32651.0,8162.75,16.0,7.0,1,0
49.0,1,1,11.0,2,1,4,5.0,3,3.0,2,2.0,0,5,1,1.0,3,29677.0,7419.25,25.0,5.0,0,0
34.0,0,1,22.0,2,0,3,4.0,0,3.0,2,2.0,0,5,1,1.0,1,17553.0,5851.0,20.0,4.0,0,0
59.0,1,1,30.0,2,1,3,4.0,0,3.0,1,3.0,0,3,1,2.0,1,21050.0,7016.67,12.0,5.0,0,0
30.0,1,3,10.0,3,0,4,4.0,1,3.0,0,3.0,0,2,0,1.0,2,24239.0,6059.75,8.0,5.0,0,0
56.0,1,1,11.0,2,1,2,4.0,1,3.0,0,2.0,1,4,0,1.0,2,22713.0,11356.5,16.0,3.0,0,0
40.0,0,3,11.0,2,1,2,4.0,3,5.0,0,6.0,1,5,0,1.0,3,25475.0,12737.5,20.0,3.0,1,0
32.0,1,1,11.0,2,0,3,4.0,1,4.0,1,4.0,0,3,1,0.0,2,20878.0,6959.33,12.0,3.0,1,0
30.0,1,3,17.0,3,0,3,5.0,1,4.0,1,3.0,1,5,1,1.0,2,26946.0,8982.0,25.0,4.0,0,0
29.0,1,1,6.0,2,0,2,4.0,0,5.0,0,2.0,1,2,0,0.0,1,17319.0,8659.5,8.0,2.0,0,1
19.0,0,1,15.0,3,1,4,4.0,0,3.0,2,3.0,0,5,0,1.0,1,20582.0,5145.5,20.0,5.0,0,1
38.0,1,3,16.0,3,1,3,4.0,3,3.0,1,1.0,1,3,1,1.0,3,23740.0,7913.33,12.0,4.0,0,0
28.0,0,3,6.0,1,1,3,3.0,0,3.0,0,4.0,0,3,1,0.0,1,17909.0,5969.67,9.0,3.0,1,1
36.0,1,3,9.0,3,0,4,4.0,0,3.0,0,3.0,0,2,1,1.0,1,20692.0,5173.0,8.0,5.0,0,0
38.0,1,3,13.0,3,1,4,4.0,1,3.0,1,6.0,0,3,1,1.0,2,25180.0,6295.0,12.0,5.0,1,0
44.0,0,1,9.0,2,1,4,4.0,0,3.0,1,8.0,1,3,0,1.0,1,28909.0,7227.25,12.0,5.0,1,1
54.0,1,1,15.0,2,0,3,3.0,1,3.0,1,4.0,0,5,0,1.0,2,17897.0,5965.67,15.0,4.0,1,0
45.0,0,1,9.0,3,1,3,4.0,3,3.0,2,7.0,1,1,0,2.0,3,28887.0,9629.0,4.0,5.0,1,0
35.0,1,1,14.0,2,1,2,1.0,0,3.0,1,2.0,0,5,1,1.0,1,17269.0,8634.5,5.0,3.0,0,0
37.0,1,1,9.0,3,1,4,4.0,0,3.0,2,6.0,0,5,1,1.0,1,21197.0,5299.25,20.0,5.0,1,0
45.0,1,3,7.0,2,1,3,4.0,1,5.0,1,2.0,0,4,1,2.0,2,33061.0,11020.33,16.0,5.0,0,1
34.0,0,1,8.0,2,1,2,4.0,1,3.0,1,2.0,0,4,0,1.0,2,24547.0,12273.5,16.0,3.0,0,0
35.0,1,3,13.0,2,0,2,3.0,1,3.0,1,2.0,1,4,1,1.0,2,20204.0,10102.0,12.0,3.0,0,0
28.0,0,3,15.0,2,1,3,4.0,3,3.0,2,3.0,0,1,1,1.0,3,27404.0,9134.67,4.0,4.0,0,0
29.0,1,1,9.0,3,1,3,6.0,0,3.0,0,7.0,1,3,1,1.0,1,22142.0,7380.67,18.0,4.0,1,1
23.0,1,1,12.0,2,1,3,1.0,0,5.0,0,2.0,1,3,1,2.0,1,16601.0,5533.67,3.0,5.0,0,1
34.0,1,1,22.0,3,0,4,4.0,1,3.0,1,2.0,1,1,1,2.0,2,23556.0,5889.0,4.0,6.0,0,0
50.0,1,1,15.0,2,1,3,3.0,0,3.0,0,5.0,0,5,1,0.0,1,17380.0,5793.33,15.0,3.0,1,0
45.0,1,2,30.0,3,1,2,3.0,0,4.0,2,2.0,0,4,0,1.0,1,17177.0,8588.5,12.0,3.0,0,0
30.0,0,3,18.0,2,1,3,4.0,0,5.0,0,2.0,0,5,1,0.0,1,17033.0,5677.67,20.0,3.0,0,1
30.0,1,1,15.0,2,0,3,6.0,1,5.0,1,5.0,0,1,0,1.0,2,28393.0,9464.33,6.0,4.0,1,0
46.0,1,1,27.0,3,1,4,6.0,3,5.0,1,4.0,1,3,0,1.0,3,29529.0,7382.25,18.0,5.0,1,0
28.0,1,1,18.0,2,0,3,3.0,0,3.0,1,2.0,1,4,1,1.0,1,17515.0,5838.33,12.0,4.0,0,1
57.0,1,3,18.0,3,0,3,5.0,1,5.0,1,6.0,0,5,0,2.0,2,24058.0,8019.33,25.0,5.0,1,0
46.0,1,1,13.0,3,1,3,3.0,3,3.0,1,7.0,0,1,1,1.0,3,25845.0,8615.0,3.0,4.0,1,0
24.0,1,1,17.0,3,1,4,3.0,0,3.0,2,3.0,0,2,1,2.0,1,22183.0,5545.75,6.0,6.0,0,0
35.0,0,1,10.0,2,1,3,5.0,0,3.0,0,5.0,0,2,1,1.0,1,21657.0,7219.0,10.0,4.0,1,0
53.0,1,1,15.0,3,1,3,5.0,1,4.0,0,4.0,0,2,1,2.0,2,23619.0,7873.0,10.0,5.0,1,1
45.0,1,1,11.0,3,0,2,5.0,1,5.0,2,2.0,1,3,1,0.0,2,20769.0,10384.5,15.0,2.0,0,0
50.0,1,1,23.0,2,0,2,4.0,3,5.0,1,6.0,0,3,1,0.0,3,28269.0,14134.5,12.0,2.0,1,0
36.0,1,1,8.0,2,0,3,3.0,0,3.0,1,5.0,0,5,1,0.0,1,17543.0,5847.67,15.0,3.0,1,0
54.0,0,1,6.0,2,0,2,3.0,3,3.0,1,1.0,0,5,1,1.0,3,25502.0,12751.0,15.0,3.0,0,0
23.0,1,1,18.0,3,0,3,4.0,0,4.0,1,3.0,0,1,1,2.0,1,20922.0,6974.0,4.0,5.0,0,0
42.0,1,1,30.0,3,1,2,3.0,3,5.0,1,2.0,1,1,1,0.0,3,22406.0,11203.0,3.0,2.0,0,0
34.0,1,1,15.0,2,1,2,3.0,3,3.0,1,1.0,0,5,1,1.0,3,23500.0,11750.0,15.0,3.0,0,0
28.0,1,3,18.0,3,0,4,2.0,0,3.0,0,2.0,0,3,1,2.0,1,21212.0,5303.0,6.0,6.0,0,0
37.0,1,1,16.0,3,1,3,5.0,1,4.0,1,4.0,1,4,1,1.0,2,27525.0,9175.0,20.0,4.0,1,0
33.0,0,1,9.0,2,0,3,4.0,1,3.0,2,6.0,1,5,1,2.0,2,23676.0,7892.0,20.0,5.0,1,0
32.0,1,3,20.0,3,1,4,5.0,1,5.0,1,7.0,1,1,1,1.0,2,20980.0,5245.0,5.0,5.0,1,1
32.0,1,3,20.0,3,1,3,4.0,1,5.0,1,4.0,0,1,0,2.0,2,22911.0,7637.0,4.0,5.0,1,1
33.0,0,1,7.0,2,0,4,5.0,0,4.0,0,8.0,0,3,1,1.0,1,21010.0,5252.5,15.0,5.0,1,0
55.0,1,1,26.0,1,1,2,3.0,1,3.0,0,4.0,1,2,1,1.0,2,20415.0,10207.5,6.0,3.0,1,0
32.0,1,2,29.0,2,1,3,6.0,0,3.0,1,3.0,0,1,0,2.0,1,28530.0,9510.0,6.0,5.0,0,1
41.0,1,1,11.0,2,1,2,1.0,1,4.0,2,4.0,0,5,1,0.0,2,21870.0,10935.0,5.0,2.0,1,0
38.0,1,1,15.0,2,0,3,3.0,0,3.0,2,2.0,0,1,1,2.0,1,17288.0,5762.67,3.0,5.0,0,0
52.0,0,1,31.0,3,0,2,4.0,4,3.0,0,4.0,0,5,0,1.0,0,28826.0,14413.0,20.0,3.0,1,0
59.0,1,3,17.0,3,1,3,4.0,4,3.0,2,2.0,0,3,0,2.0,0,32550.0,10850.0,12.0,5.0,0,0
46.0,1,1,14.0,2,1,3,4.0,3,5.0,1,4.0,0,3,1,2.0,3,28402.0,9467.33,12.0,5.0,1,0
36.0,1,3,23.0,3,1,4,4.0,3,4.0,1,2.0,0,1,1,2.0,3,26698.0,6674.5,4.0,6.0,0,0
46.0,1,3,15.0,3,1,2,3.0,3,3.0,1,5.0,0,3,0,1.0,3,25096.0,12548.0,9.0,3.0,1,1
33.0,1,1,27.0,3,1,3,1.0,0,4.0,1,2.0,0,1,1,1.0,1,17028.0,5676.0,1.0,4.0,0,0
44.0,0,1,17.0,2,0,3,4.0,0,3.0,2,2.0,0,5,0,2.0,1,21133.0,7044.33,20.0,5.0,0,0
28.0,1,1,35.0,2,1,3,5.0,1,4.0,0,2.0,0,1,1,2.0,2,21549.0,7183.0,5.0,5.0,0,0
31.0,1,3,13.0,2,1,2,4.0,0,3.0,0,4.0,0,4,1,1.0,1,17329.0,8664.5,16.0,3.0,1,0
48.0,0,1,10.0,3,1,2,4.0,4,3.0,1,3.0,0,5,1,1.0,0,30202.0,15101.0,20.0,3.0,0,0
36.0,1,3,8.0,3,1,3,4.0,3,3.0,1,2.0,0,1,1,1.0,3,22596.0,7532.0,4.0,4.0,0,0
28.0,0,1,15.0,2,1,3,6.0,0,3.0,0,3.0,0,2,1,2.0,1,23299.0,7766.33,12.0,5.0,0,0
26.0,1,3,12.0,3,1,3,5.0,1,3.0,2,3.0,1,3,0,2.0,2,24422.0,8140.67,15.0,5.0,0,1
60.0,1,1,9.0,2,0,4,5.0,4,3.0,2,5.0,1,5,1,1.0,0,32404.0,8101.0,25.0,5.0,1,0
40.0,1,1,25.0,3,1,2,3.0,1,3.0,0,1.0,1,2,1,1.0,2,17741.0,8870.5,6.0,3.0,0,0
36.0,1,3,8.0,3,1,3,4.0,3,3.0,0,2.0,0,2,1,0.0,3,22596.0,7532.0,8.0,3.0,0,0
43.0,1,1,18.0,2,1,2,4.0,4,4.0,1,2.0,0,3,0,1.0,0,29336.0,14668.0,12.0,3.0,0,0
23.0,1,1,9.0,1,1,4,4.0,0,3.0,1,2.0,0,5,1,1.0,1,21201.0,5300.25,20.0,5.0,0,0
46.0,1,1,8.0,2,1,2,3.0,4,3.0,0,7.0,0,5,0,0.0,0,32861.0,16430.5,15.0,2.0,1,0
19.0,0,1,16.0,3,0,3,4.0,0,4.0,2,2.0,1,5,1,1.0,1,16859.0,5619.67,20.0,4.0,0,1
29.0,0,1,8.0,2,1,2,3.0,1,3.0,1,2.0,0,3,0,0.0,2,23853.0,11926.5,9.0,2.0,0,0
40.0,1,3,6.0,3,1,2,5.0,1,3.0,1,3.0,1,3,1,0.0,2,22457.0,11228.5,15.0,2.0,0,0
45.0,1,1,22.0,3,0,4,4.0,3,3.0,0,3.0,0,3,0,2.0,3,26656.0,6664.0,12.0,6.0,0,1
53.0,1,1,18.0,2,0,3,4.0,1,3.0,1,2.0,0,1,1,1.0,2,21827.0,7275.67,4.0,4.0,0,0
40.0,1,1,13.0,2,1,3,3.0,0,5.0,2,4.0,1,3,0,1.0,1,17166.0,5722.0,9.0,4.0,1,1
43.0,1,1,24.0,2,0,3,2.0,1,5.0,2,5.0,1,1,1,2.0,2,25223.0,8407.67,2.0,5.0,1,0
37.0,1,1,19.0,3,0,3,5.0,3,3.0,2,2.0,0,1,1,1.0,3,27536.0,9178.67,5.0,4.0,0,0
32.0,0,1,22.0,3,1,4,4.0,0,3.0,1,3.0,0,4,1,1.0,1,21288.0,5322.0,16.0,5.0,0,1
33.0,1,1,7.0,2,1,4,4.0,0,5.0,2,3.0,0,2,0,3.0,1,21634.0,5408.5,8.0,7.0,0,0
40.0,1,1,31.0,2,1,3,4.0,1,3.0,2,2.0,0,4,1,1.0,2,22786.0,7595.33,16.0,4.0,0,0
30.0,1,1,15.0,3,1,4,5.0,1,3.0,0,3.0,1,3,0,1.0,2,23734.0,5933.5,15.0,5.0,0,0
26.0,1,3,16.0,2,1,4,5.0,0,5.0,0,5.0,0,1,1,1.0,1,23078.0,5769.5,5.0,5.0,1,1
37.0,1,1,13.0,3,1,1,3.0,3,3.0,2,5.0,0,1,0,0.0,3,28664.0,28664.0,3.0,1.0,1,0
48.0,1,3,8.0,3,1,2,1.0,1,4.0,1,4.0,0,3,0,1.0,2,23120.0,11560.0,3.0,3.0,1,0
59.0,0,1,7.0,2,1,3,6.0,1,3.0,1,4.0,1,1,1,2.0,2,24338.0,8112.67,6.0,5.0,1,0
22.0,0,1,9.0,2,1,2,4.0,0,3.0,1,1.0,1,3,0,1.0,1,17853.0,8926.5,12.0,3.0,0,1
32.0,1,3,8.0,3,1,2,4.0,1,4.0,2,1.0,1,1,1,0.0,2,24907.0,12453.5,4.0,2.0,0,1
37.0,1,3,9.0,2,0,3,4.0,1,3.0,2,5.0,0,4,1,2.0,2,23180.0,7726.67,16.0,5.0,1,0
32.0,0,3,11.0,2,1,2,3.0,1,4.0,0,2.0,0,3,1,1.0,2,21524.0,10762.0,9.0,3.0,0,0
23.0,1,1,26.0,2,1,3,3.0,1,3.0,2,1.0,0,4,1,2.0,2,17272.0,5757.33,12.0,5.0,0,0
44.0,1,1,10.0,2,1,3,1.0,2,5.0,1,2.0,0,5,1,2.0,4,34190.0,11396.67,5.0,5.0,0,0
34.0,0,3,25.0,3,1,3,2.0,1,3.0,2,1.0,1,2,1,2.0,2,20304.0,6768.0,4.0,5.0,0,1
31.0,1,1,9.0,2,1,5,5.0,1,3.0,1,3.0,0,4,1,2.0,2,22830.0,4566.0,20.0,7.0,0,0
48.0,0,1,21.0,1,1,4,4.0,1,4.0,1,2.0,0,3,0,3.0,2,24145.0,6036.25,12.0,7.0,0,0
38.0,0,1,8.0,2,0,3,1.0,1,5.0,2,7.0,1,2,1,2.0,2,20980.0,6993.33,2.0,5.0,1,0
27.0,1,1,32.0,2,1,3,6.0,0,3.0,2,3.0,0,1,0,1.0,1,20971.0,6990.33,6.0,4.0,0,1
43.0,1,3,21.0,3,0,4,5.0,1,3.0,2,2.0,0,3,1,1.0,2,24922.0,6230.5,15.0,5.0,0,0
26.0,1,3,35.0,2,1,3,5.0,1,3.0,1,4.0,0,4,1,2.0,2,27317.0,9105.67,20.0,5.0,1,0
36.0,1,2,15.0,1,1,4,4.0,0,3.0,2,3.0,0,5,0,2.0,1,23001.0,5750.25,20.0,6.0,0,0
40.0,0,1,6.0,2,1,3,4.0,4,4.0,1,2.0,0,1,1,1.0,0,28503.0,9501.0,4.0,4.0,0,0
31.0,1,1,15.0,2,1,2,3.0,3,4.0,1,2.0,0,3,0,0.0,3,25648.0,12824.0,9.0,2.0,0,0
44.0,0,1,16.0,3,1,4,4.0,1,3.0,1,5.0,1,3,1,1.0,2,24357.0,6089.25,12.0,5.0,1,0
45.0,1,1,26.0,3,1,3,3.0,4,3.0,1,1.0,1,3,1,1.0,0,28496.0,9498.67,9.0,4.0,0,0
18.0,0,1,11.0,2,1,3,3.0,0,3.0,2,2.0,0,1,0,1.0,1,16051.0,5350.33,3.0,4.0,0,0
49.0,1,1,13.0,2,1,4,5.0,1,3.0,2,4.0,0,1,0,3.0,2,22918.0,5729.5,5.0,7.0,1,0
35.0,1,1,22.0,3,1,2,2.0,0,4.0,0,1.0,0,3,1,1.0,1,17426.0,8713.0,6.0,3.0,0,0
36.0,1,1,28.0,2,0,3,4.0,1,3.0,0,3.0,1,3,0,2.0,2,22692.0,7564.0,12.0,5.0,0,0
39.0,0,3,9.0,2,1,3,5.0,1,3.0,0,5.0,0,5,1,2.0,2,23927.0,7975.67,25.0,5.0,1,0
53.0,1,3,8.0,2,0,3,4.0,4,3.0,0,3.0,0,3,1,0.0,0,30427.0,10142.33,12.0,3.0,0,0
25.0,1,3,10.0,2,0,3,4.0,1,3.0,0,2.0,0,4,1,1.0,2,23677.0,7892.33,16.0,4.0,0,0
27.0,1,1,8.0,2,0,2,3.0,0,5.0,1,2.0,0,3,1,1.0,1,17341.0,8670.5,9.0,3.0,0,0
29.0,1,3,12.0,3,1,4,4.0,1,3.0,2,3.0,0,3,1,1.0,2,23586.0,5896.5,12.0,5.0,0,0
24.0,0,1,15.0,2,1,2,4.0,0,4.0,1,2.0,0,5,1,0.0,1,17694.0,8847.0,20.0,2.0,0,0
28.0,1,1,18.0,2,0,3,3.0,0,3.0,0,2.0,1,4,1,0.0,1,17515.0,5838.33,12.0,3.0,0,1
30.0,1,1,22.0,2,0,4,6.0,0,3.0,1,2.0,1,5,1,2.0,1,20846.0,5211.5,30.0,6.0,0,0
25.0,1,2,8.0,2,0,2,3.0,0,4.0,1,5.0,0,4,0,0.0,1,17187.0,8593.5,12.0,2.0,1,0
57.0,1,1,30.0,2,1,2,2.0,3,3.0,1,4.0,1,4,1,1.0,3,24439.0,12219.5,8.0,3.0,1,0
53.0,0,3,127.0,2,1,3,4.0,0,3.0,1,4.0,0,1,1,2.0,1,22160.0,7386.67,4.0,5.0,1,0
36.0,1,2,14.0,2,1,3,4.0,0,5.0,1,1.0,0,1,0,1.0,1,17342.0,5780.67,4.0,4.0,0,0
27.0,0,1,8.0,3,1,2,3.0,0,3.0,2,3.0,0,3,0,1.0,1,17580.0,8790.0,9.0,3.0,0,0
36.0,0,1,7.0,3,1,4,4.0,0,5.0,0,6.0,0,2,0,2.0,1,20872.0,5218.0,8.0,6.0,1,0
36.0,1,3,9.0,3,0,4,4.0,0,3.0,1,3.0,0,1,1,3.0,1,20692.0,5173.0,4.0,7.0,0,0
32.0,1,1,9.0,2,1,3,4.0,0,3.0,1,2.0,1,4,1,2.0,1,21373.0,7124.33,16.0,5.0,0,0
28.0,0,1,22.0,3,1,2,3.0,0,3.0,2,2.0,0,3,0,0.0,1,17144.0,8572.0,9.0,2.0,0,0
48.0,0,3,11.0,3,1,3,4.0,1,3.0,2,5.0,0,4,0,2.0,2,21654.0,7218.0,16.0,5.0,1,0
35.0,1,3,9.0,2,1,3,4.0,1,3.0,2,3.0,0,5,0,1.0,2,24952.0,8317.33,20.0,4.0,0,0
34.0,1,3,10.0,2,1,3,3.0,3,3.0,1,3.0,1,4,0,2.0,3,24713.0,8237.67,12.0,5.0,0,0
60.0,1,3,10.0,2,0,3,5.0,1,3.0,2,7.0,0,3,0,1.0,2,23849.0,7949.67,15.0,4.0,1,0
30.0,1,1,9.0,2,1,4,4.0,0,4.0,1,2.0,0,4,1,1.0,1,21381.0,5345.25,16.0,5.0,0,0
32.0,1,1,35.0,2,0,2,4.0,0,4.0,2,2.0,0,3,1,0.0,1,17837.0,8918.5,12.0,2.0,0,0
32.0,1,3,14.0,3,1,2,1.0,1,3.0,0,2.0,0,5,0,0.0,2,21209.0,10604.5,5.0,2.0,0,0
30.0,1,3,11.0,2,0,2,3.0,3,3.0,1,3.0,0,4,1,1.0,3,24419.0,12209.5,12.0,3.0,0,0
39.0,0,1,9.0,2,0,4,2.0,1,5.0,2,8.0,1,1,0,1.0,2,24658.0,6164.5,2.0,5.0,1,0
33.0,1,1,20.0,3,1,2,3.0,0,3.0,1,6.0,1,1,1,1.0,1,17436.0,8718.0,3.0,3.0,1,1
29.0,1,1,16.0,2,0,3,4.0,0,5.0,2,7.0,1,5,1,0.0,1,17404.0,5801.33,20.0,3.0,1,1
27.0,1,3,36.0,3,1,3,4.0,1,3.0,1,7.0,0,5,1,1.0,2,22984.0,7661.33,20.0,4.0,1,0
29.0,1,1,8.0,1,1,4,5.0,0,5.0,2,8.0,0,3,1,2.0,1,20758.0,5189.5,15.0,6.0,1,1
39.0,1,2,8.0,2,0,2,4.0,1,3.0,0,1.0,0,3,0,0.0,2,20204.0,10102.0,12.0,2.0,0,0
38.0,0,1,16.0,3,1,3,4.0,0,3.0,0,3.0,1,2,0,1.0,1,21004.0,7001.33,8.0,4.0,0,0
60.0,1,1,10.0,3,0,3,2.0,0,5.0,1,6.0,1,1,0,2.0,1,21348.0,7116.0,2.0,5.0,1,0
23.0,1,1,12.0,2,1,3,2.0,0,4.0,1,3.0,1,4,1,1.0,1,21006.0,7002.0,8.0,4.0,0,0
26.0,1,3,10.0,2,1,4,4.0,1,5.0,0,3.0,1,4,1,1.0,2,22872.0,5718.0,16.0,5.0,0,0
29.0,1,3,29.0,2,0,2,4.0,3,5.0,0,2.0,0,3,0,0.0,3,22336.0,11168.0,12.0,2.0,0,1
30.0,0,3,9.0,2,1,3,4.0,1,3.0,2,3.0,0,2,0,1.0,2,23232.0,7744.0,8.0,4.0,0,0
27.0,1,1,6.0,2,0,3,3.0,3,5.0,0,2.0,0,4,1,2.0,3,22412.0,7470.67,12.0,5.0,0,0
36.0,1,3,7.0,3,1,4,4.0,3,4.0,0,3.0,0,4,1,3.0,3,25973.0,6493.25,16.0,7.0,0,0
29.0,1,1,9.0,3,1,3,4.0,0,3.0,2,8.0,0,3,1,2.0,1,23060.0,7686.67,12.0,5.0,1,1
36.0,1,1,7.0,2,0,4,6.0,0,3.0,1,3.0,0,3,0,2.0,1,21655.0,5413.75,18.0,6.0,0,0
41.0,1,3,29.0,3,1,4,5.0,1,3.0,0,4.0,1,3,1,2.0,2,25058.0,6264.5,15.0,6.0,1,1
34.0,1,1,11.0,3,0,3,5.0,0,4.0,0,8.0,0,4,0,1.0,1,21300.0,7100.0,20.0,4.0,1,0
33.0,0,1,36.0,3,0,4,4.0,0,3.0,2,2.0,0,3,1,3.0,1,22703.0,5675.75,12.0,7.0,0,0
56.0,1,3,7.0,2,1,4,4.0,3,3.0,0,5.0,0,2,0,2.0,3,28917.0,7229.25,8.0,6.0,1,0
55.0,0,3,8.0,2,0,2,4.0,0,3.0,2,1.0,0,5,0,0.0,1,28577.0,14288.5,20.0,2.0,0,1
37.0,0,3,22.0,3,1,3,6.0,1,3.0,1,3.0,0,1,1,1.0,2,24084.0,8028.0,6.0,4.0,0,0
58.0,1,1,8.0,2,1,2,3.0,2,4.0,2,1.0,1,3,1,0.0,4,34246.0,17123.0,9.0,2.0,0,1
30.0,1,3,11.0,3,0,1,4.0,1,3.0,1,2.0,0,1,1,0.0,2,21118.0,21118.0,4.0,1.0,0,0
29.0,0,1,31.0,1,1,4,5.0,3,5.0,2,3.0,0,1,1,2.0,3,27400.0,6850.0,5.0,6.0,0,1
45.0,1,2,30.0,3,1,2,3.0,0,4.0,2,2.0,0,4,0,0.0,1,17177.0,8588.5,12.0,2.0,0,0
41.0,1,3,29.0,2,1,3,3.0,3,3.0,2,4.0,1,3,0,2.0,3,22082.0,7360.67,9.0,5.0,1,0
22.0,1,1,11.0,2,1,2,1.0,0,4.0,1,2.0,1,4,1,0.0,1,17328.0,8664.0,4.0,2.0,0,0
30.0,0,1,31.0,2,1,4,5.0,0,3.0,2,3.0,1,3,1,3.0,1,21117.0,5279.25,15.0,7.0,0,1
38.0,1,2,13.0,2,1,4,4.0,0,5.0,1,6.0,1,2,1,1.0,1,20751.0,5187.75,8.0,5.0,1,1
56.0,1,1,27.0,1,1,3,4.0,1,3.0,1,5.0,1,1,0,1.0,2,24093.0,8031.0,4.0,4.0,1,0
54.0,1,3,14.0,3,0,4,5.0,3,3.0,0,2.0,1,2,0,1.0,3,29612.0,7403.0,10.0,5.0,0,0
33.0,1,1,15.0,3,0,4,2.0,1,3.0,0,7.0,0,3,1,3.0,2,23853.0,5963.25,6.0,7.0,1,0
26.0,1,2,31.0,2,0,3,3.0,0,3.0,1,2.0,0,4,1,1.0,1,17942.0,5980.67,12.0,4.0,0,0
36.0,1,1,18.0,3,0,2,4.0,3,3.0,2,1.0,0,2,1,0.0,3,23858.0,11929.0,8.0,2.0,0,0
27.0,1,1,9.0,3,1,3,5.0,0,3.0,2,2.0,0,3,0,1.0,1,22582.0,7527.33,15.0,4.0,0,0
33.0,0,1,6.0,2,0,3,3.0,3,3.0,2,2.0,1,1,1,0.0,3,28458.0,9486.0,3.0,3.0,0,0
47.0,1,3,8.0,2,0,3,4.0,0,3.0,2,2.0,1,2,1,0.0,1,18294.0,6098.0,8.0,3.0,0,0
40.0,1,1,8.0,3,1,2,3.0,2,3.0,1,1.0,0,5,1,0.0,4,34436.0,17218.0,15.0,2.0,0,0
58.0,1,1,29.0,3,0,3,3.0,3,3.0,1,2.0,0,3,1,0.0,3,25312.0,8437.33,9.0,3.0,0,1
54.0,0,2,32.0,2,0,1,1.0,4,3.0,2,3.0,1,3,1,0.0,0,32328.0,32328.0,3.0,1.0,0,0
38.0,1,1,12.0,3,1,4,4.0,1,3.0,1,2.0,0,3,1,3.0,2,25025.0,6256.25,12.0,7.0,0,0
59.0,1,1,28.0,3,0,4,4.0,1,4.0,1,6.0,0,3,1,2.0,2,28686.0,7171.5,12.0,6.0,1,1
49.0,0,1,24.0,2,1,3,3.0,1,3.0,1,2.0,1,1,0,0.0,2,21804.0,7268.0,3.0,3.0,0,0
36.0,1,1,12.0,2,0,2,2.0,1,3.0,0,4.0,0,2,0,0.0,2,18038.0,9019.0,4.0,2.0,1,0
45.0,1,2,10.0,2,0,2,5.0,3,3.0,1,5.0,0,1,1,1.0,3,24756.0,12378.0,5.0,3.0,1,0
31.0,1,1,25.0,2,0,4,4.0,0,3.0,2,3.0,0,1,1,3.0,1,21310.0,5327.5,4.0,7.0,0,0
34.0,1,1,16.0,2,1,2,3.0,0,4.0,1,2.0,0,2,1,0.0,1,17008.0,8504.0,6.0,2.0,0,0
33.0,1,1,7.0,2,1,4,5.0,0,3.0,2,2.0,1,5,0,3.0,1,22408.0,5602.0,25.0,7.0,0,1
41.0,1,1,34.0,2,0,2,4.0,4,4.0,1,1.0,0,5,1,1.0,0,28570.0,14285.0,20.0,3.0,0,0
37.0,1,1,21.0,2,1,4,4.0,1,3.0,1,2.0,1,5,1,1.0,2,25264.0,6316.0,20.0,5.0,0,0
47.0,1,1,20.0,2,1,3,4.0,1,4.0,2,8.0,0,4,1,1.0,2,24240.0,8080.0,16.0,4.0,1,0
19.0,1,1,15.0,2,1,2,3.0,0,5.0,2,2.0,0,3,0,1.0,1,17552.0,8776.0,9.0,3.0,0,0
49.0,1,3,9.0,3,1,3,3.0,1,4.0,0,5.0,0,3,1,1.0,2,26798.0,8932.67,9.0,4.0,1,0
46.0,0,1,7.0,2,1,4,5.0,3,3.0,1,5.0,0,1,1,3.0,3,29426.0,7356.5,5.0,7.0,1,0
32.0,1,1,8.0,3,0,3,1.0,1,3.0,2,1.0,0,3,0,0.0,2,20055.0,6685.0,3.0,3.0,0,0
36.0,0,1,9.0,2,0,4,4.0,1,5.0,1,4.0,0,4,1,3.0,2,23771.0,5942.75,16.0,7.0,1,0
38.0,1,1,7.0,1,0,3,4.0,3,3.0,2,6.0,0,5,1,2.0,3,26169.0,8723.0,20.0,5.0,1,0
30.0,1,1,36.0,2,1,4,6.0,1,3.0,1,2.0,0,5,1,3.0,2,25062.0,6265.5,30.0,7.0,0,0
50.0,1,1,32.0,2,0,3,4.0,0,5.0,1,3.0,0,3,0,1.0,1,21889.0,7296.33,12.0,4.0,0,0
30.0,0,1,9.0,2,1,2,3.0,0,3.0,1,5.0,0,3,1,0.0,1,17097.0,8548.5,9.0,2.0,1,0
34.0,1,1,8.0,2,1,2,4.0,1,5.0,1,7.0,0,4,0,1.0,2,20957.0,10478.5,16.0,3.0,1,0
36.0,0,3,14.0,2,1,3,4.0,3,5.0,2,2.0,0,1,0,0.0,3,22587.0,7529.0,4.0,3.0,0,0
28.0,1,1,15.0,3,0,3,3.0,0,3.0,1,6.0,0,3,1,1.0,1,17377.0,5792.33,9.0,4.0,1,0
41.0,0,2,10.0,2,1,2,5.0,1,4.0,1,7.0,0,5,0,1.0,2,21430.0,10715.0,25.0,3.0,1,0
34.0,0,1,7.0,2,0,3,2.0,1,4.0,0,3.0,1,3,0,2.0,2,24166.0,8055.33,6.0,5.0,0,0
31.0,1,3,13.0,3,1,3,3.0,1,3.0,1,5.0,0,2,0,0.0,2,22547.0,7515.67,6.0,3.0,1,0
31.0,0,1,7.0,2,1,3,5.0,3,3.0,2,3.0,0,5,1,2.0,3,27152.0,9050.67,25.0,5.0,0,0
38.0,1,1,16.0,3,0,3,3.0,1,3.0,0,4.0,0,3,1,2.0,2,24824.0,8274.67,9.0,5.0,1,0
26.0,1,1,26.0,3,1,4,4.0,0,3.0,0,5.0,0,5,1,3.0,1,22347.0,5586.75,20.0,7.0,1,0
28.0,1,1,6.0,1,1,2,3.0,0,5.0,2,3.0,0,4,0,0.0,1,17080.0,8540.0,12.0,2.0,0,0
48.0,1,3,13.0,3,1,3,3.0,1,5.0,1,5.0,0,4,1,1.0,2,20486.0,6828.67,12.0,4.0,1,0
33.0,1,1,8.0,2,0,2,3.0,0,5.0,1,1.0,0,3,1,1.0,1,17707.0,8853.5,9.0,3.0,0,1
38.0,1,1,23.0,2,0,3,4.0,3,3.0,0,1.0,0,2,0,2.0,3,23823.0,7941.0,8.0,5.0,0,0
26.0,1,3,14.0,1,1,2,4.0,1,5.0,2,7.0,0,3,0,0.0,2,20326.0,10163.0,12.0,2.0,1,1
36.0,1,1,14.0,2,1,4,5.0,0,3.0,1,3.0,0,3,1,1.0,1,21368.0,5342.0,15.0,5.0,0,0
40.0,1,3,16.0,3,1,3,4.0,3,4.0,1,3.0,0,4,1,1.0,3,24705.0,8235.0,16.0,4.0,0,0
53.0,0,1,35.0,3,0,3,2.0,4,3.0,0,4.0,1,4,0,1.0,0,31925.0,10641.67,8.0,4.0,1,0
36.0,1,3,11.0,1,1,3,4.0,3,5.0,2,2.0,1,4,1,2.0,3,28260.0,9420.0,16.0,5.0,0,1
32.0,1,2,25.0,2,1,3,2.0,0,5.0,1,2.0,0,1,1,1.0,1,21634.0,7211.33,2.0,4.0,0,1
33.0,1,1,8.0,2,1,2,3.0,0,3.0,2,1.0,0,3,1,0.0,1,17500.0,8750.0,9.0,2.0,0,0
19.0,1,1,9.0,3,0,3,3.0,0,4.0,2,2.0,0,3,1,2.0,1,16483.0,5494.33,9.0,5.0,0,0
33.0,1,1,12.0,2,0,4,5.0,1,4.0,1,5.0,0,3,1,1.0,2,24556.0,6139.0,15.0,5.0,1,0
42.0,0,3,32.0,3,0,3,3.0,4,4.0,1,6.0,0,3,1,1.0,0,28525.0,9508.33,9.0,4.0,1,0
39.0,1,1,32.0,2,0,3,5.0,3,4.0,0,5.0,0,3,1,1.0,3,30739.0,10246.33,15.0,4.0,1,0
26.0,1,1,8.0,3,1,2,1.0,1,3.0,0,2.0,0,3,1,1.0,2,20472.0,10236.0,3.0,3.0,0,0
37.0,0,1,25.0,3,0,4,4.0,0,3.0,2,3.0,0,3,1,3.0,1,20831.0,5207.75,12.0,7.0,0,0
33.0,0,3,28.0,3,1,3,3.0,1,4.0,1,1.0,0,1,0,0.0,2,21146.0,7048.67,3.0,3.0,0,0
44.0,1,1,15.0,2,0,4,4.0,1,3.0,1,6.0,1,1,1,1.0,2,23200.0,5800.0,4.0,5.0,1,0
41.0,1,1,9.0,3,0,3,5.0,0,3.0,2,2.0,1,3,0,1.0,1,21020.0,7006.67,15.0,4.0,0,0
33.0,1,1,12.0,2,1,4,3.0,0,4.0,1,2.0,1,2,1,1.0,1,21976.0,5494.0,6.0,5.0,0,0
46.0,1,3,8.0,3,0,2,3.0,2,5.0,2,4.0,0,1,1,1.0,4,33947.0,16973.5,3.0,3.0,1,0
41.0,1,3,17.0,1,0,3,5.0,1,4.0,1,2.0,0,5,1,2.0,2,25530.0,8510.0,25.0,5.0,0,0
21.0,1,1,10.0,2,1,3,5.0,0,3.0,2,3.0,0,3,0,2.0,1,21711.0,7237.0,15.0,5.0,0,0
29.0,1,3,33.0,3,0,2,3.0,3,3.0,1,2.0,0,3,0,0.0,3,22639.0,11319.5,9.0,2.0,0,1
25.0,1,3,34.0,2,1,2,4.0,1,3.0,1,3.0,0,4,1,1.0,2,23639.0,11819.5,16.0,3.0,0,0
29.0,1,3,20.0,3,0,3,4.0,1,3.0,2,5.0,1,5,1,2.0,2,28532.0,9510.67,20.0,5.0,1,1
29.0,1,1,29.0,2,1,2,1.0,0,3.0,0,2.0,0,2,1,1.0,1,17700.0,8850.0,2.0,3.0,0,0
29.0,1,3,16.0,3,1,2,3.0,0,4.0,1,2.0,0,1,1,0.0,1,17297.0,8648.5,3.0,2.0,0,0
37.0,1,1,25.0,2,1,3,3.0,0,4.0,0,5.0,0,4,1,1.0,1,18022.0,6007.33,12.0,4.0,1,0
31.0,1,3,9.0,1,1,4,4.0,0,4.0,0,3.0,0,3,1,3.0,1,21154.0,5288.5,12.0,7.0,0,0
33.0,1,1,11.0,2,1,2,4.0,3,3.0,1,5.0,0,3,1,1.0,3,22119.0,11059.5,12.0,3.0,1,0
24.0,1,1,29.0,3,1,2,2.0,0,3.0,0,2.0,1,4,0,1.0,1,17725.0,8862.5,8.0,3.0,0,0
30.0,1,1,22.0,2,0,3,5.0,1,3.0,2,2.0,1,3,0,1.0,2,22871.0,7623.67,15.0,4.0,0,0
28.0,0,3,7.0,3,1,4,4.0,1,4.0,1,2.0,1,1,0,2.0,2,25027.0,6256.75,4.0,6.0,0,0
43.0,1,1,20.0,3,1,4,2.0,1,5.0,1,7.0,0,4,1,1.0,2,24216.0,6054.0,8.0,5.0,1,0
30.0,1,1,15.0,3,1,4,5.0,1,3.0,1,3.0,1,3,1,2.0,2,23734.0,5933.5,15.0,6.0,0,0
34.0,1,1,7.0,2,0,3,5.0,1,3.0,2,2.0,0,4,0,1.0,2,25627.0,8542.33,20.0,4.0,0,0
46.0,1,1,36.0,1,1,3,4.0,3,3.0,0,6.0,1,5,1,1.0,3,28058.0,9352.67,20.0,4.0,1,0
33.0,1,1,21.0,3,1,2,3.0,3,3.0,1,1.0,1,5,1,0.0,3,28610.0,14305.0,15.0,2.0,0,1
21.0,0,1,16.0,2,0,2,4.0,0,3.0,2,2.0,0,4,1,0.0,1,17625.0,8812.5,16.0,2.0,0,1
25.0,0,1,16.0,3,1,3,4.0,0,5.0,2,4.0,1,3,0,2.0,1,21850.0,7283.33,12.0,5.0,1,1
30.0,0,3,9.0,2,1,4,4.0,1,3.0,1,3.0,0,1,1,2.0,2,23327.0,5831.75,4.0,6.0,0,0
33.0,1,3,22.0,3,0,3,3.0,1,5.0,2,6.0,0,3,1,0.0,2,20324.0,6774.67,9.0,3.0,1,1
44.0,0,1,23.0,2,1,3,5.0,0,3.0,2,3.0,0,4,1,1.0,1,17290.0,5763.33,20.0,4.0,0,0
36.0,1,2,33.0,2,0,3,4.0,3,3.0,2,3.0,1,1,1,1.0,3,27515.0,9171.67,4.0,4.0,0,0
23.0,0,1,23.0,3,1,4,2.0,0,3.0,1,3.0,1,3,0,3.0,1,21613.0,5403.25,6.0,7.0,0,0
52.0,1,1,13.0,2,1,3,4.0,2,3.0,2,2.0,0,5,1,2.0,4,38215.0,12738.33,20.0,5.0,0,0
32.0,0,1,10.0,3,1,4,4.0,3,3.0,1,2.0,0,4,1,3.0,3,32353.0,8088.25,16.0,7.0,0,0
26.0,1,1,7.0,2,0,4,4.0,1,3.0,1,2.0,0,3,1,2.0,2,23576.0,5894.0,12.0,6.0,0,0
54.0,1,1,13.0,2,1,3,4.0,1,3.0,2,4.0,0,5,1,2.0,2,21128.0,7042.67,20.0,5.0,1,0
28.0,1,1,12.0,2,0,3,4.0,0,4.0,2,3.0,1,3,0,2.0,1,21156.0,7052.0,12.0,5.0,0,0
20.0,1,1,16.0,3,1,2,3.0,0,3.0,2,2.0,1,5,1,1.0,1,16009.0,8004.5,15.0,3.0,0,1
48.0,1,3,9.0,2,0,4,5.0,0,3.0,2,3.0,1,1,0,1.0,1,21972.0,5493.0,5.0,5.0,0,0
32.0,1,1,31.0,3,0,4,5.0,1,5.0,2,3.0,0,5,0,3.0,2,25490.0,6372.5,25.0,7.0,0,0
32.0,0,1,36.0,3,1,4,5.0,0,4.0,2,2.0,0,3,1,3.0,1,22157.0,5539.25,15.0,7.0,0,1
35.0,1,1,8.0,2,1,2,4.0,3,4.0,1,3.0,0,4,1,0.0,3,25274.0,12637.0,16.0,2.0,0,0
52.0,0,1,15.0,2,1,3,6.0,3,3.0,2,4.0,0,2,0,2.0,3,29328.0,9776.0,12.0,5.0,1,1
33.0,1,1,16.0,3,0,3,4.0,0,5.0,2,2.0,0,4,1,1.0,1,22878.0,7626.0,16.0,4.0,0,1
22.0,1,3,19.0,2,0,3,3.0,0,4.0,2,3.0,0,5,0,2.0,1,21394.0,7131.33,15.0,5.0,0,1
39.0,0,1,6.0,2,1,2,3.0,2,3.0,1,2.0,1,3,0,1.0,4,34197.0,17098.5,9.0,3.0,0,0
43.0,0,2,9.0,3,1,4,2.0,1,5.0,1,2.0,0,1,1,2.0,2,24950.0,6237.5,2.0,6.0,0,0
33.0,1,2,9.0,2,1,2,3.0,0,4.0,1,4.0,1,5,0,1.0,1,17277.0,8638.5,15.0,3.0,1,0
43.0,1,3,11.0,3,1,3,4.0,1,5.0,2,2.0,0,5,1,2.0,2,23833.0,7944.33,20.0,5.0,0,0
43.0,1,3,15.0,3,0,2,5.0,1,3.0,2,1.0,0,1,0,0.0,2,20346.0,10173.0,5.0,2.0,0,1
24.0,1,2,28.0,2,1,2,5.0,0,3.0,1,2.0,0,1,0,1.0,1,16555.0,8277.5,5.0,3.0,0,1
36.0,0,1,7.0,3,1,4,4.0,0,5.0,1,6.0,0,1,0,2.0,1,20872.0,5218.0,4.0,6.0,1,0
29.0,1,1,19.0,2,0,4,4.0,0,3.0,0,3.0,1,4,1,1.0,1,21193.0,5298.25,16.0,5.0,0,1
37.0,1,1,19.0,2,0,4,4.0,1,3.0,1,2.0,1,1,0,3.0,2,23341.0,5835.25,4.0,7.0,0,0
41.0,1,3,26.0,3,0,3,3.0,0,4.0,2,2.0,1,4,0,2.0,1,18140.0,6046.67,12.0,5.0,0,1
42.0,1,1,12.0,2,1,3,2.0,1,4.0,2,5.0,0,5,1,1.0,2,25548.0,8516.0,10.0,4.0,1,0
32.0,1,3,14.0,2,1,3,5.0,0,3.0,0,5.0,0,4,1,2.0,1,21007.0,7002.33,20.0,5.0,1,0
60.0,1,2,13.0,3,1,3,4.0,0,3.0,1,2.0,0,4,0,1.0,1,20945.0,6981.67,16.0,4.0,0,0
31.0,1,1,10.0,1,0,3,4.0,0,5.0,2,7.0,1,4,0,1.0,1,21335.0,7111.67,16.0,4.0,1,1
45.0,1,1,14.0,3,0,3,5.0,3,3.0,0,5.0,0,4,1,1.0,3,28926.0,9642.0,20.0,4.0,1,0
42.0,1,1,19.0,2,1,3,4.0,0,3.0,0,5.0,1,3,1,1.0,1,23444.0,7814.67,12.0,4.0,1,0
31.0,0,1,11.0,1,1,3,4.0,0,3.0,2,20.0,1,4,1,2.0,1,20963.0,6987.67,16.0,5.0,1,1
38.0,1,1,29.0,2,1,2,3.0,1,3.0,1,1.0,0,3,0,0.0,2,20745.0,10372.5,9.0,2.0,0,0
18.0,0,1,6.0,2,0,3,3.0,0,3.0,2,2.0,0,5,1,1.0,1,16611.0,5537.0,15.0,4.0,0,0
36.0,0,3,14.0,1,1,2,3.0,1,3.0,1,5.0,0,3,1,0.0,2,20079.0,10039.5,9.0,2.0,1,0
39.0,0,1,5.0,3,1,2,4.0,2,3.0,0,2.0,0,5,1,1.0,4,34272.0,17136.0,20.0,3.0,0,0
42.0,1,1,8.0,3,1,2,3.0,4,5.0,1,1.0,0,3,1,0.0,0,32665.0,16332.5,9.0,2.0,0,0
32.0,1,3,25.0,2,1,3,5.0,3,3.0,1,4.0,0,3,1,2.0,3,24610.0,8203.33,15.0,5.0,1,0
46.0,0,1,24.0,3,0,2,3.0,3,3.0,1,6.0,0,3,0,1.0,3,25527.0,12763.5,9.0,3.0,1,0
28.0,0,3,27.0,2,0,3,4.0,1,3.0,2,3.0,0,1,1,2.0,2,28659.0,9553.0,4.0,5.0,0,0
51.0,1,1,6.0,2,1,3,3.0,0,3.0,1,2.0,0,4,1,0.0,1,17723.0,5907.67,12.0,3.0,0,0
25.0,1,1,24.0,2,1,4,5.0,0,4.0,0,3.0,0,3,1,2.0,1,20805.0,5201.25,15.0,6.0,0,0
47.0,0,3,10.0,3,1,3,3.0,1,3.0,2,4.0,0,4,0,2.0,2,17976.0,5992.0,12.0,5.0,1,0
26.0,1,3,17.0,2,1,3,4.0,1,3.0,2,2.0,0,1,1,1.0,2,23628.0,7876.0,4.0,4.0,0,0
52.0,1,1,15.0,2,1,3,5.0,3,4.0,0,7.0,0,3,1,2.0,3,31168.0,10389.33,15.0,5.0,1,0
39.0,1,1,9.0,3,1,3,4.0,1,4.0,1,6.0,0,4,0,1.0,2,23533.0,7844.33,16.0,4.0,1,1
27.0,1,3,30.0,3,0,3,5.0,1,3.0,0,2.0,1,2,1,1.0,2,22835.0,7611.67,10.0,4.0,0,0
35.0,1,1,15.0,2,0,3,4.0,1,5.0,1,5.0,0,5,1,2.0,2,23799.0,7933.0,20.0,5.0,1,0
38.0,1,3,6.0,2,0,2,4.0,1,3.0,2,5.0,0,2,1,1.0,2,23686.0,11843.0,8.0,3.0,1,0
50.0,1,3,18.0,3,0,4,4.0,1,3.0,2,5.0,0,4,0,2.0,2,23185.0,5796.25,16.0,6.0,1,0
42.0,1,3,10.0,2,1,3,5.0,1,4.0,1,4.0,0,3,0,2.0,2,27616.0,9205.33,15.0,5.0,1,0
53.0,1,1,30.0,3,1,2,1.0,3,3.0,1,4.0,0,3,0,1.0,3,22005.0,11002.5,3.0,3.0,1,0
33.0,0,3,16.0,3,1,3,6.0,1,3.0,1,2.0,0,2,0,2.0,2,23346.0,7782.0,12.0,5.0,0,0
30.0,1,1,9.0,2,1,4,4.0,0,4.0,0,2.0,0,4,0,1.0,1,21381.0,5345.25,16.0,5.0,0,0
44.0,1,1,9.0,2,1,2,3.0,2,3.0,1,5.0,1,1,0,1.0,4,34513.0,17256.5,3.0,3.0,1,0
27.0,1,3,17.0,3,0,3,1.0,0,3.0,0,1.0,0,3,1,1.0,1,17534.0,5844.67,3.0,4.0,0,0
27.0,0,3,14.0,2,1,2,3.0,3,3.0,2,2.0,0,2,1,0.0,3,23726.0,11863.0,6.0,2.0,0,0
24.0,1,1,27.0,2,1,4,4.0,1,3.0,2,2.0,0,4,1,3.0,2,20950.0,5237.5,16.0,7.0,0,0
42.0,0,2,8.0,3,1,3,1.0,1,5.0,0,1.0,0,2,0,2.0,2,21272.0,7090.67,2.0,5.0,0,0
28.0,1,1,21.0,2,1,3,4.0,0,5.0,1,3.0,1,4,1,1.0,1,20913.0,6971.0,16.0,4.0,0,0
21.0,0,3,16.0,3,0,3,4.0,0,3.0,2,3.0,1,4,0,1.0,1,21001.0,7000.33,16.0,4.0,0,1
43.0,1,1,36.0,2,1,4,4.0,1,4.0,1,3.0,0,3,1,1.0,2,23112.0,5778.0,12.0,5.0,0,0
30.0,1,3,35.0,1,1,2,3.0,3,4.0,1,4.0,0,4,0,1.0,3,24250.0,12125.0,12.0,3.0,1,0
23.0,1,1,18.0,2,1,3,3.0,0,3.0,2,2.0,0,5,1,0.0,1,17647.0,5882.33,15.0,3.0,0,0
37.0,0,3,10.0,3,1,2,3.0,0,3.0,1,5.0,0,4,1,0.0,1,17793.0,8896.5,12.0,2.0,1,0
31.0,1,3,13.0,1,1,3,2.0,1,3.0,0,5.0,0,2,1,0.0,2,21929.0,7309.67,4.0,3.0,1,0
31.0,0,3,32.0,1,0,3,4.0,1,3.0,1,2.0,1,3,1,2.0,2,23414.0,7804.67,12.0,5.0,0,0
23.0,1,1,15.0,2,1,4,6.0,0,5.0,0,3.0,0,2,1,1.0,1,21129.0,5282.25,12.0,5.0,0,0
41.0,1,3,9.0,3,0,4,4.0,1,4.0,1,5.0,0,3,1,2.0,2,24355.0,6088.75,12.0,6.0,1,0
28.0,1,1,12.0,1,1,3,5.0,3,3.0,1,3.0,1,3,0,1.0,3,31486.0,10495.33,15.0,4.0,0,0
54.0,1,3,15.0,3,1,4,4.0,4,3.0,1,7.0,0,3,1,1.0,0,30514.0,7628.5,12.0,5.0,1,0
33.0,0,1,17.0,2,1,3,4.0,0,3.0,1,8.0,0,1,0,1.0,1,22111.0,7370.33,4.0,4.0,1,0
55.0,1,3,8.0,3,1,2,3.0,1,3.0,2,5.0,0,1,1,0.0,2,20160.0,10080.0,3.0,2.0,1,1
38.0,0,1,12.0,2,1,3,4.0,1,3.0,1,3.0,0,4,1,1.0,2,20321.0,6773.67,16.0,4.0,0,0
30.0,1,1,14.0,2,1,3,4.0,1,3.0,1,3.0,1,3,0,1.0,2,25301.0,8433.67,12.0,4.0,0,0
25.0,0,1,11.0,2,1,3,5.0,0,3.0,0,2.0,0,3,0,1.0,1,21840.0,7280.0,15.0,4.0,0,0
26.0,1,1,30.0,1,1,3,5.0,0,3.0,2,2.0,1,3,0,1.0,1,17340.0,5780.0,15.0,4.0,0,1
48.0,0,3,11.0,3,1,4,4.0,1,3.0,2,5.0,0,4,0,3.0,2,21654.0,5413.5,16.0,7.0,1,0
31.0,1,1,6.0,3,1,2,3.0,0,4.0,2,2.0,0,3,1,0.0,1,17501.0,8750.5,9.0,2.0,0,0
18.0,0,3,11.0,3,1,3,3.0,0,4.0,2,2.0,1,4,1,2.0,1,16878.0,5626.0,12.0,5.0,0,1
29.0,1,3,26.0,3,1,2,3.0,1,3.0,1,3.0,0,2,1,1.0,2,21931.0,10965.5,6.0,3.0,0,0
54.0,1,1,30.0,2,0,4,4.0,4,3.0,2,8.0,0,5,1,2.0,0,32953.0,8238.25,20.0,6.0,1,0
31.0,0,1,11.0,3,1,3,3.0,1,5.0,2,1.0,0,1,0,2.0,2,24936.0,8312.0,3.0,5.0,0,0
34.0,0,1,6.0,2,1,3,3.0,0,5.0,1,6.0,0,1,1,2.0,1,17996.0,5998.67,3.0,5.0,1,0
37.0,0,1,16.0,3,1,3,3.0,3,3.0,1,7.0,0,3,0,2.0,3,25048.0,8349.33,9.0,5.0,1,1
42.0,1,3,13.0,2,0,4,4.0,3,3.0,2,5.0,1,2,0,2.0,3,32269.0,8067.25,8.0,6.0,1,0
40.0,1,3,31.0,3,0,3,5.0,4,3.0,1,2.0,0,1,1,2.0,0,30709.0,10236.33,5.0,5.0,0,0
34.0,1,3,6.0,3,1,3,1.0,1,3.0,1,1.0,0,5,0,1.0,2,24725.0,8241.67,5.0,4.0,0,0
56.0,1,1,6.0,2,0,2,3.0,0,5.0,0,3.0,0,5,1,1.0,1,17066.0,8533.0,15.0,3.0,0,0
46.0,0,1,30.0,2,1,3,4.0,1,5.0,0,3.0,1,2,1,1.0,2,22311.0,7437.0,8.0,4.0,0,0
22.0,0,1,32.0,2,0,2,4.0,0,3.0,1,2.0,1,3,0,0.0,1,17814.0,8907.0,12.0,2.0,0,0
29.0,1,1,31.0,3,1,3,4.0,0,4.0,1,3.0,1,1,0,1.0,1,21086.0,7028.67,4.0,4.0,0,1
31.0,1,3,13.0,2,1,2,4.0,3,3.0,1,1.0,0,3,1,0.0,3,26557.0,13278.5,12.0,2.0,0,0
40.0,1,3,12.0,1,1,3,4.0,1,3.0,1,5.0,0,1,0,1.0,2,20764.0,6921.33,4.0,4.0,1,1
51.0,0,3,8.0,3,1,2,3.0,3,4.0,0,3.0,0,4,0,0.0,3,25596.0,12798.0,12.0,2.0,0,0
34.0,0,3,7.0,2,0,3,2.0,1,5.0,1,4.0,0,3,0,2.0,2,24054.0,8018.0,6.0,5.0,1,0
40.0,1,2,10.0,2,0,3,3.0,1,4.0,0,2.0,0,2,1,1.0,2,25067.0,8355.67,6.0,4.0,0,0
54.0,0,1,7.0,2,0,2,3.0,3,3.0,1,1.0,0,5,0,1.0,3,25502.0,12751.0,15.0,3.0,0,0
38.0,1,1,26.0,2,1,4,4.0,0,4.0,0,6.0,0,4,1,2.0,1,21700.0,5425.0,16.0,6.0,1,0
43.0,0,3,21.0,2,1,2,4.0,1,3.0,1,4.0,0,5,1,0.0,2,21804.0,10902.0,20.0,2.0,1,0
46.0,0,3,32.0,2,1,3,4.0,1,4.0,2,1.0,0,4,1,2.0,2,22991.0,7663.67,16.0,5.0,0,0
53.0,1,1,13.0,3,0,2,3.0,2,3.0,1,4.0,0,2,1,0.0,4,33606.0,16803.0,6.0,2.0,1,0
33.0,0,3,9.0,2,0,4,4.0,0,5.0,1,3.0,0,3,0,2.0,1,21505.0,5376.25,12.0,6.0,0,0
41.0,1,1,16.0,2,1,3,4.0,0,5.0,2,5.0,0,1,1,2.0,1,20696.0,6898.67,4.0,5.0,1,1
38.0,1,1,21.0,2,1,3,4.0,3,3.0,1,1.0,1,5,1,2.0,3,26510.0,8836.67,20.0,5.0,0,0
31.0,1,1,35.0,3,0,4,4.0,1,3.0,0,3.0,0,3,0,3.0,2,24453.0,6113.25,12.0,7.0,0,0
36.0,0,1,18.0,3,1,4,5.0,3,5.0,1,4.0,1,5,1,3.0,3,28562.0,7140.5,25.0,7.0,1,0
30.0,1,1,6.0,2,1,2,4.0,1,3.0,1,2.0,1,1,1,1.0,2,20126.0,10063.0,4.0,3.0,0,0
55.0,1,1,6.0,3,1,2,3.0,2,5.0,2,1.0,1,2,1,0.0,4,34045.0,17022.5,6.0,2.0,0,0
39.0,1,3,11.0,1,1,2,3.0,1,3.0,0,4.0,0,2,0,1.0,2,17086.0,8543.0,6.0,3.0,1,1
31.0,1,1,18.0,3,0,2,3.0,1,3.0,0,1.0,1,4,0,1.0,2,20855.0,10427.5,12.0,3.0,0,0
38.0,1,1,6.0,1,0,3,3.0,3,5.0,0,2.0,0,4,1,2.0,3,28582.0,9527.33,12.0,5.0,0,0
41.0,1,3,7.0,3,1,3,6.0,1,3.0,1,4.0,1,3,1,1.0,2,26135.0,8711.67,18.0,4.0,1,0
19.0,0,3,10.0,3,0,4,4.0,0,3.0,2,3.0,1,5,0,2.0,1,20247.0,5061.75,20.0,6.0,0,1
20.0,1,3,8.0,3,0,2,4.0,0,3.0,2,2.0,0,4,0,1.0,1,17044.0,8522.0,16.0,3.0,0,1
26.0,1,3,11.0,3,1,3,5.0,1,5.0,1,3.0,0,3,1,2.0,2,22934.0,7644.67,15.0,5.0,0,0
32.0,1,1,9.0,3,0,3,3.0,1,5.0,1,2.0,0,1,1,0.0,2,21725.0,7241.67,3.0,3.0,0,0
46.0,1,1,8.0,1,1,2,3.0,1,3.0,1,3.0,0,2,1,0.0,2,22379.0,11189.5,6.0,2.0,0,0
40.0,1,3,10.0,3,1,3,4.0,3,3.0,1,1.0,0,1,1,1.0,3,25855.0,8618.33,4.0,4.0,0,0
36.0,1,3,24.0,2,1,4,4.0,1,5.0,1,5.0,1,3,0,3.0,2,27644.0,6911.0,12.0,7.0,1,0
47.0,1,3,16.0,3,1,4,5.0,3,3.0,2,3.0,0,5,1,3.0,3,28297.0,7074.25,25.0,7.0,0,1
49.0,1,1,14.0,2,0,2,3.0,3,4.0,1,5.0,0,4,0,1.0,3,22403.0,11201.5,12.0,3.0,1,0
41.0,1,3,16.0,3,1,3,4.0,1,5.0,1,2.0,0,3,1,2.0,2,24151.0,8050.33,12.0,5.0,0,0
33.0,0,3,23.0,2,1,2,3.0,4,3.0,2,2.0,0,3,1,1.0,0,32444.0,16222.0,9.0,3.0,0,0
31.0,0,1,10.0,3,0,4,4.0,0,3.0,1,3.0,0,3,1,2.0,1,20761.0,5190.25,12.0,6.0,0,0
31.0,1,2,7.0,2,1,3,4.0,0,3.0,1,2.0,0,1,0,2.0,1,20742.0,6914.0,4.0,5.0,0,0
49.0,1,1,24.0,2,1,2,4.0,2,3.0,1,2.0,1,3,1,0.0,4,34502.0,17251.0,12.0,2.0,0,0
35.0,0,3,14.0,3,0,3,4.0,3,3.0,0,5.0,1,5,1,2.0,3,25377.0,8459.0,20.0,5.0,1,0
40.0,1,3,9.0,2,1,3,2.0,3,3.0,2,2.0,0,1,0,1.0,3,26558.0,8852.67,2.0,4.0,0,0
28.0,0,1,8.0,3,1,2,4.0,0,5.0,2,1.0,0,4,0,0.0,1,17561.0,8780.5,16.0,2.0,0,1
32.0,1,1,7.0,2,1,4,5.0,0,5.0,1,3.0,0,4,1,2.0,1,20896.0,5224.0,20.0,6.0,0,0
38.0,1,3,9.0,2,1,3,3.0,3,3.0,1,1.0,0,2,1,1.0,3,25609.0,8536.33,6.0,4.0,0,0
29.0,1,2,12.0,3,1,2,4.0,0,4.0,1,2.0,0,3,1,1.0,1,17804.0,8902.0,12.0,3.0,0,0
33.0,1,1,6.0,3,0,3,2.0,4,3.0,1,5.0,0,2,0,2.0,0,31184.0,10394.67,4.0,5.0,1,0
23.0,0,3,15.0,3,1,2,3.0,0,5.0,1,2.0,0,5,1,0.0,1,16790.0,8395.0,15.0,2.0,0,1
38.0,0,1,8.0,2,0,3,1.0,1,5.0,2,7.0,1,1,0,0.0,2,20980.0,6993.33,1.0,3.0,1,0
34.0,1,1,28.0,3,1,4,2.0,0,4.0,1,3.0,0,1,1,2.0,1,20706.0,5176.5,2.0,6.0,0,0
32.0,0,1,10.0,2,0,3,4.0,0,3.0,2,3.0,0,4,1,2.0,1,22762.0,7587.33,16.0,5.0,0,1
56.0,1,1,15.0,3,1,2,3.0,4,3.0,0,1.0,0,4,0,0.0,0,26103.0,13051.5,12.0,2.0,0,0
55.0,0,1,24.0,3,1,3,3.0,1,4.0,1,4.0,1,5,1,1.0,2,21385.0,7128.33,15.0,4.0,1,0
31.0,1,3,12.0,3,1,3,2.0,1,3.0,1,5.0,0,5,1,2.0,2,20460.0,6820.0,10.0,5.0,1,0
33.0,1,1,36.0,2,0,3,5.0,0,4.0,2,3.0,0,3,1,1.0,1,21515.0,7171.67,15.0,4.0,0,0
44.0,1,1,8.0,2,0,3,1.0,3,3.0,1,2.0,1,4,1,0.0,3,22879.0,7626.33,4.0,3.0,0,0
52.0,0,3,13.0,3,0,3,3.0,0,3.0,1,3.0,1,4,1,2.0,1,23446.0,7815.33,12.0,5.0,0,1
38.0,1,1,18.0,3,0,4,4.0,0,3.0,2,6.0,0,3,0,2.0,1,22307.0,5576.75,12.0,6.0,1,0
37.0,0,3,17.0,3,1,3,4.0,3,3.0,2,3.0,0,2,1,2.0,3,28658.0,9552.67,8.0,5.0,0,0
31.0,1,2,28.0,2,1,2,5.0,0,3.0,1,2.0,0,1,0,1.0,1,24852.0,12426.0,5.0,3.0,0,1
38.0,1,1,20.0,3,1,3,4.0,1,3.0,1,3.0,0,1,0,1.0,2,22963.0,7654.33,4.0,4.0,0,0
39.0,1,1,6.0,3,0,3,3.0,0,3.0,1,1.0,0,3,0,1.0,1,17232.0,5744.0,9.0,4.0,0,0
34.0,0,1,21.0,3,1,3,3.0,4,5.0,1,1.0,0,4,1,2.0,0,32007.0,10669.0,12.0,5.0,0,0
38.0,0,1,12.0,3,0,3,5.0,1,3.0,1,1.0,1,2,0,2.0,2,20329.0,6776.33,10.0,5.0,0,0
38.0,1,1,14.0,3,1,2,4.0,3,3.0,2,6.0,0,1,0,1.0,3,32342.0,16171.0,4.0,3.0,1,0
51.0,1,1,14.0,2,1,2,4.0,3,4.0,1,6.0,0,3,1,1.0,3,27490.0,13745.0,12.0,3.0,1,0
34.0,0,3,8.0,3,0,3,3.0,0,3.0,1,7.0,0,5,0,0.0,1,17231.0,5743.67,15.0,3.0,1,0
25.0,0,1,16.0,2,1,3,5.0,0,4.0,1,3.0,0,5,1,1.0,1,21372.0,7124.0,25.0,4.0,0,0
48.0,1,1,10.0,2,1,3,4.0,3,3.0,2,1.0,0,5,1,0.0,3,25999.0,8666.33,20.0,3.0,0,0
41.0,0,3,9.0,3,1,4,4.0,1,4.0,1,7.0,0,4,1,2.0,2,23005.0,5751.25,16.0,6.0,1,0
27.0,0,1,12.0,3,0,3,5.0,0,3.0,0,3.0,1,2,0,2.0,1,21044.0,7014.67,10.0,5.0,0,1
33.0,1,3,16.0,3,1,2,1.0,3,3.0,1,1.0,1,4,1,1.0,3,23380.0,11690.0,4.0,3.0,0,0
41.0,1,2,16.0,2,1,3,4.0,2,3.0,1,4.0,0,2,1,0.0,4,34141.0,11380.33,8.0,3.0,1,0
29.0,0,1,30.0,2,1,3,4.0,0,3.0,2,2.0,1,3,1,2.0,1,17439.0,5813.0,12.0,5.0,0,1
42.0,1,1,9.0,2,0,3,1.0,1,3.0,0,3.0,1,5,0,0.0,2,20231.0,6743.67,5.0,3.0,0,0
26.0,1,1,9.0,3,1,4,2.0,0,5.0,2,2.0,0,2,1,3.0,1,22102.0,5525.5,4.0,7.0,0,0
32.0,1,1,30.0,3,1,4,5.0,1,3.0,0,2.0,0,3,1,2.0,2,24260.0,6065.0,15.0,6.0,0,0
29.0,1,1,13.0,3,0,3,4.0,0,3.0,1,7.0,0,5,1,1.0,1,17532.0,5844.0,20.0,4.0,1,0
38.0,0,1,15.0,2,1,3,3.0,1,5.0,1,5.0,0,3,0,2.0,2,21893.0,7297.67,9.0,5.0,1,1
48.0,1,1,9.0,3,0,4,4.0,1,3.0,1,7.0,0,2,0,2.0,2,23748.0,5937.0,8.0,6.0,1,0
60.0,1,3,22.0,3,1,2,3.0,1,5.0,2,1.0,0,4,1,1.0,2,20405.0,10202.5,12.0,3.0,0,0
44.0,1,3,11.0,3,0,3,5.0,3,3.0,2,5.0,0,3,1,1.0,3,28909.0,9636.33,15.0,4.0,1,0
32.0,1,1,19.0,3,0,4,4.0,0,3.0,0,2.0,1,4,1,3.0,1,22607.0,5651.75,16.0,7.0,0,0
55.0,0,1,8.0,2,1,3,3.0,3,4.0,0,4.0,0,2,1,1.0,3,25976.0,8658.67,6.0,4.0,1,0
40.0,0,1,16.0,2,1,4,4.0,1,4.0,2,2.0,0,1,1,1.0,2,25460.0,6365.0,4.0,5.0,0,0
35.0,1,3,7.0,1,1,4,5.0,3,3.0,0,3.0,1,1,1,2.0,3,25761.0,6440.25,5.0,6.0,0,0
45.0,1,1,26.0,3,1,3,5.0,3,5.0,1,3.0,1,3,0,0.0,3,25851.0,8617.0,15.0,3.0,0,0
50.0,1,1,27.0,3,0,4,4.0,1,5.0,0,3.0,0,2,1,3.0,2,25245.0,6311.25,8.0,7.0,0,0
37.0,1,1,13.0,3,1,1,3.0,3,3.0,2,5.0,0,2,0,0.0,3,28664.0,28664.0,6.0,1.0,1,0
40.0,1,3,13.0,3,1,3,2.0,3,3.0,1,4.0,0,4,1,2.0,3,26915.0,8971.67,8.0,5.0,1,0
50.0,0,3,18.0,3,0,3,3.0,3,3.0,2,5.0,0,5,0,0.0,3,24208.0,8069.33,15.0,3.0,1,0
32.0,1,1,14.0,3,0,3,4.0,3,3.0,2,3.0,1,4,1,2.0,3,25821.0,8607.0,16.0,5.0,0,0
29.0,1,3,12.0,3,1,4,4.0,1,3.0,2,3.0,0,3,0,2.0,2,23586.0,5896.5,12.0,6.0,0,0
35.0,1,3,15.0,1,1,4,2.0,1,3.0,1,3.0,0,1,0,3.0,2,25477.0,6369.25,2.0,7.0,0,0
44.0,1,1,10.0,3,1,2,3.0,1,4.0,2,1.0,0,2,1,0.0,2,20933.0,10466.5,6.0,2.0,0,0
40.0,1,1,21.0,2,0,3,4.0,3,3.0,1,2.0,0,1,1,1.0,3,25435.0,8478.33,4.0,4.0,0,0
25.0,0,3,30.0,2,1,3,5.0,0,3.0,2,2.0,1,1,1,1.0,1,16118.0,5372.67,5.0,4.0,0,1
40.0,0,3,34.0,2,1,2,5.0,3,5.0,1,4.0,0,5,0,1.0,3,25932.0,12966.0,25.0,3.0,1,0
25.0,1,1,7.0,3,1,4,4.0,0,3.0,0,4.0,1,3,1,3.0,1,20971.0,5242.75,12.0,7.0,1,1
54.0,1,3,13.0,3,1,3,4.0,1,3.0,0,4.0,1,5,0,1.0,2,20984.0,6994.67,20.0,4.0,1,0
46.0,1,1,8.0,1,1,2,3.0,1,3.0,1,3.0,0,1,0,0.0,2,22379.0,11189.5,3.0,2.0,0,0
28.0,1,1,7.0,2,0,4,4.0,3,5.0,0,3.0,0,4,1,3.0,3,26090.0,6522.5,16.0,7.0,0,0
31.0,0,3,10.0,3,0,4,4.0,0,3.0,2,3.0,1,5,1,2.0,1,23305.0,5826.25,20.0,6.0,0,1
24.0,1,1,17.0,3,1,4,2.0,0,3.0,2,3.0,0,1,0,2.0,1,22183.0,5545.75,2.0,6.0,0,0
32.0,1,1,30.0,3,1,4,5.0,1,3.0,1,2.0,0,3,0,2.0,2,24260.0,6065.0,15.0,6.0,0,0
34.0,1,1,7.0,2,0,3,5.0,1,3.0,2,2.0,0,4,1,2.0,2,25627.0,8542.33,20.0,5.0,0,0
32.0,0,1,14.0,2,0,3,5.0,3,3.0,1,3.0,0,1,1,1.0,3,27621.0,9207.0,5.0,4.0,0,0
32.0,0,3,9.0,2,0,3,4.0,3,3.0,1,3.0,1,1,1,1.0,3,28530.0,9510.0,4.0,4.0,0,0
34.0,1,1,15.0,3,0,2,4.0,3,4.0,2,2.0,0,2,1,1.0,3,23621.0,11810.5,8.0,3.0,0,0
37.0,1,3,8.0,3,1,3,3.0,1,3.0,1,5.0,1,3,0,2.0,2,24602.0,8200.67,9.0,5.0,1,0
36.0,0,3,18.0,3,1,3,4.0,1,3.0,1,3.0,0,5,0,1.0,2,23646.0,7882.0,20.0,4.0,0,0
22.0,0,1,17.0,2,0,3,5.0,0,3.0,2,3.0,0,4,1,1.0,1,21303.0,7101.0,20.0,4.0,0,1
36.0,1,1,16.0,2,0,4,5.0,3,3.0,0,3.0,1,4,1,2.0,3,29363.0,7340.75,20.0,6.0,0,0
23.0,1,1,10.0,3,0,2,3.0,0,4.0,2,2.0,0,3,1,1.0,1,18295.0,9147.5,9.0,3.0,0,0
43.0,1,3,21.0,3,0,4,5.0,1,3.0,2,2.0,0,3,0,1.0,2,24922.0,6230.5,15.0,5.0,0,0
21.0,1,3,28.0,3,1,3,2.0,0,3.0,2,3.0,0,3,0,1.0,1,21356.0,7118.67,6.0,4.0,0,0
33.0,1,3,15.0,3,1,3,2.0,1,3.0,0,3.0,0,5,0,1.0,2,24887.0,8295.67,10.0,4.0,0,0
38.0,1,1,28.0,2,1,4,3.0,0,5.0,0,3.0,1,3,0,3.0,1,22242.0,5560.5,9.0,7.0,0,0
29.0,1,3,10.0,3,0,4,4.0,0,4.0,1,3.0,0,1,1,1.0,1,21534.0,5383.5,4.0,5.0,0,0
40.0,1,2,10.0,2,0,3,2.0,1,4.0,1,2.0,0,1,0,1.0,2,25067.0,8355.67,2.0,4.0,0,0
36.0,0,1,25.0,2,1,4,4.0,1,3.0,1,3.0,1,3,1,1.0,2,24367.0,6091.75,12.0,5.0,0,0
52.0,1,3,34.0,2,1,3,4.0,1,3.0,2,3.0,1,5,1,2.0,2,32704.0,10901.33,20.0,5.0,0,1
48.0,0,3,10.0,3,0,3,4.0,4,3.0,1,2.0,1,5,1,2.0,0,32448.0,10816.0,20.0,5.0,0,0
28.0,1,1,21.0,2,1,2,3.0,0,3.0,1,2.0,0,4,1,1.0,1,17207.0,8603.5,12.0,3.0,0,0
26.0,1,2,26.0,3,0,3,3.0,0,4.0,1,1.0,1,3,0,1.0,1,17148.0,5716.0,9.0,4.0,0,1
28.0,1,1,9.0,3,1,3,4.0,0,4.0,0,2.0,0,5,1,1.0,1,22146.0,7382.0,20.0,4.0,0,0
21.0,1,1,7.0,2,0,3,5.0,0,4.0,2,3.0,0,4,1,1.0,1,21514.0,7171.33,20.0,4.0,0,0
38.0,0,3,16.0,1,0,2,3.0,1,3.0,2,2.0,1,3,1,0.0,2,20666.0,10333.0,9.0,2.0,0,0
40.0,0,1,32.0,3,0,2,3.0,1,4.0,1,2.0,0,2,1,0.0,2,20605.0,10302.5,6.0,2.0,0,0
51.0,0,3,7.0,2,1,4,4.0,1,3.0,1,2.0,0,3,1,2.0,2,25406.0,6351.5,12.0,6.0,0,1
50.0,0,3,6.0,2,0,3,3.0,1,3.0,0,1.0,0,2,1,1.0,2,21347.0,7115.67,6.0,4.0,0,0
32.0,1,3,14.0,3,1,4,4.0,1,3.0,1,6.0,0,2,0,1.0,2,26225.0,6556.25,8.0,5.0,1,0
38.0,1,1,16.0,3,0,2,5.0,3,3.0,1,4.0,0,1,1,1.0,3,28206.0,14103.0,5.0,3.0,1,0
50.0,1,1,27.0,3,0,4,4.0,1,5.0,1,3.0,0,1,1,1.0,2,25245.0,6311.25,4.0,5.0,0,0
58.0,1,1,7.0,3,1,3,4.0,1,3.0,0,4.0,0,3,1,2.0,2,25433.0,8477.67,12.0,5.0,1,0
26.0,1,3,10.0,3,1,2,4.0,1,3.0,2,2.0,1,2,1,1.0,2,20828.0,10414.0,8.0,3.0,0,1
26.0,0,1,12.0,2,1,3,2.0,1,5.0,1,3.0,0,5,1,2.0,2,22678.0,7559.33,10.0,5.0,0,0
42.0,1,1,12.0,3,1,3,2.0,0,3.0,0,4.0,1,1,1,2.0,1,20805.0,6935.0,2.0,5.0,1,0
27.0,0,3,8.0,2,1,2,5.0,1,3.0,2,4.0,0,4,1,1.0,2,20071.0,10035.5,20.0,3.0,1,0
54.0,0,1,17.0,3,0,2,3.0,4,3.0,1,4.0,0,3,1,0.0,0,31032.0,15516.0,9.0,2.0,1,0
38.0,0,1,7.0,3,0,2,4.0,3,3.0,1,4.0,1,3,0,1.0,3,32281.0,16140.5,12.0,3.0,1,0
22.0,1,1,17.0,3,0,2,3.0,0,4.0,1,2.0,0,1,1,1.0,1,17244.0,8622.0,3.0,3.0,0,0
47.0,1,1,11.0,2,1,2,3.0,2,3.0,1,5.0,0,1,1,0.0,4,33300.0,16650.0,3.0,2.0,1,0
48.0,1,1,6.0,2,0,2,4.0,4,5.0,0,1.0,0,4,0,1.0,0,30402.0,15201.0,16.0,3.0,0,0
20.0,0,1,17.0,3,0,4,5.0,0,4.0,2,3.0,1,5,1,2.0,1,20537.0,5134.25,25.0,6.0,0,1
19.0,1,2,8.0,1,1,2,4.0,0,3.0,2,2.0,0,3,1,1.0,1,17564.0,8782.0,12.0,3.0,0,1
27.0,0,1,9.0,3,1,2,3.0,0,3.0,1,2.0,0,1,0,0.0,1,16706.0,8353.0,3.0,2.0,0,0
34.0,0,1,22.0,1,1,2,5.0,0,5.0,1,2.0,1,3,1,0.0,1,17307.0,8653.5,15.0,2.0,0,1
24.0,1,1,7.0,2,1,3,4.0,0,3.0,0,3.0,0,4,0,2.0,1,19901.0,6633.67,16.0,5.0,0,0
41.0,0,1,7.0,2,1,4,5.0,4,4.0,0,3.0,0,2,1,3.0,0,32181.0,8045.25,10.0,7.0,0,0
28.0,0,1,31.0,2,1,4,5.0,0,3.0,2,3.0,1,3,1,2.0,1,21212.0,5303.0,15.0,6.0,0,1
20.0,1,3,29.0,3,1,3,4.0,0,3.0,2,3.0,1,1,1,1.0,1,20353.0,6784.33,4.0,4.0,0,1
50.0,1,1,10.0,2,1,3,3.0,2,4.0,1,4.0,0,5,0,1.0,4,34144.0,11381.33,15.0,4.0,1,0
29.0,1,1,16.0,3,1,4,4.0,0,3.0,1,3.0,0,1,1,1.0,1,20748.0,5187.0,4.0,5.0,0,0
51.0,0,3,7.0,2,1,3,4.0,1,3.0,2,5.0,1,2,0,1.0,2,23406.0,7802.0,8.0,4.0,1,1
50.0,1,1,13.0,3,0,2,4.0,2,3.0,1,6.0,1,4,1,1.0,4,33740.0,16870.0,16.0,3.0,1,0
59.0,1,1,9.0,2,1,3,4.0,0,3.0,0,4.0,0,3,0,1.0,1,17177.0,5725.67,12.0,4.0,1,0
37.0,0,1,10.0,3,1,2,4.0,0,4.0,2,6.0,0,4,1,1.0,1,20766.0,10383.0,16.0,3.0,1,0
33.0,0,1,31.0,2,1,4,4.0,1,3.0,0,3.0,0,4,1,1.0,2,23987.0,5996.75,16.0,5.0,0,0
21.0,1,3,16.0,2,1,3,4.0,0,5.0,2,3.0,0,1,0,2.0,1,21406.0,7135.33,4.0,5.0,0,0
35.0,0,1,17.0,3,1,3,4.0,3,5.0,0,3.0,1,5,1,1.0,3,24884.0,8294.67,20.0,4.0,0,0
20.0,0,1,12.0,2,0,3,4.0,0,3.0,2,2.0,1,2,1,1.0,1,17926.0,5975.33,8.0,4.0,0,1
48.0,1,3,9.0,3,0,3,4.0,1,3.0,1,2.0,1,1,1,2.0,2,23215.0,7738.33,4.0,5.0,0,0
60.0,0,3,7.0,2,0,3,5.0,1,3.0,2,2.0,0,5,1,1.0,2,24151.0,8050.33,25.0,4.0,0,0
35.0,0,3,11.0,3,0,4,4.0,1,3.0,0,2.0,0,2,1,1.0,2,25216.0,6304.0,8.0,5.0,0,0
29.0,1,1,29.0,2,1,2,1.0,0,3.0,1,2.0,0,1,1,1.0,1,17700.0,8850.0,1.0,3.0,0,0
39.0,0,1,19.0,2,1,2,5.0,1,5.0,1,4.0,0,5,1,1.0,2,24966.0,12483.0,25.0,3.0,1,0
27.0,1,3,17.0,3,1,3,4.0,1,3.0,2,3.0,0,1,0,1.0,2,23362.0,7787.33,4.0,4.0,0,0
23.0,0,3,7.0,2,0,2,3.0,0,4.0,2,2.0,1,5,1,1.0,1,16223.0,8111.5,15.0,3.0,0,1
32.0,0,1,6.0,2,0,3,4.0,0,4.0,1,7.0,0,3,0,2.0,1,17332.0,5777.33,12.0,5.0,1,0
32.0,0,3,9.0,2,1,3,4.0,1,5.0,2,2.0,0,1,0,1.0,2,24010.0,8003.33,4.0,4.0,0,0
43.0,0,3,33.0,3,0,4,4.0,4,4.0,1,7.0,0,3,1,2.0,0,32203.0,8050.75,12.0,6.0,1,0
35.0,1,3,28.0,2,1,4,3.0,1,3.0,2,3.0,0,3,1,1.0,2,24015.0,6003.75,9.0,5.0,0,0
38.0,1,1,10.0,2,1,3,4.0,3,3.0,1,3.0,0,1,1,1.0,3,28112.0,9370.67,4.0,4.0,0,0
34.0,1,1,16.0,3,1,3,4.0,0,3.0,0,2.0,0,2,1,1.0,1,21459.0,7153.0,8.0,4.0,0,0
34.0,1,1,12.0,3,1,2,3.0,0,5.0,2,3.0,0,2,1,1.0,1,17960.0,8980.0,6.0,3.0,0,1
26.0,1,1,22.0,3,1,2,3.0,0,4.0,1,3.0,1,2,1,1.0,1,17373.0,8686.5,6.0,3.0,0,1
27.0,0,1,30.0,2,1,3,4.0,0,3.0,2,2.0,1,3,1,1.0,1,17534.0,5844.67,12.0,4.0,0,1
53.0,1,3,6.0,3,0,2,3.0,1,5.0,2,1.0,0,1,1,1.0,2,23381.0,11690.5,3.0,3.0,0,0
45.0,1,1,6.0,3,0,3,3.0,0,3.0,1,4.0,0,5,1,0.0,1,17270.0,5756.67,15.0,3.0,1,0
22.0,1,1,7.0,1,0,4,5.0,0,4.0,2,3.0,1,5,1,2.0,1,20748.0,5187.0,25.0,6.0,0,0
22.0,1,1,25.0,2,0,4,4.0,0,3.0,2,3.0,0,3,1,2.0,1,21371.0,5342.75,12.0,6.0,0,1
33.0,1,3,14.0,2,1,4,5.0,1,3.0,0,3.0,0,3,1,3.0,2,24162.0,6040.5,15.0,7.0,0,0
52.0,1,3,9.0,3,1,2,4.0,4,5.0,0,2.0,0,5,1,0.0,0,31856.0,15928.0,20.0,2.0,0,0
58.0,1,1,7.0,3,1,3,4.0,1,3.0,1,4.0,0,3,0,2.0,2,25433.0,8477.67,12.0,5.0,1,0
37.0,1,1,7.0,2,0,3,4.0,1,4.0,1,2.0,0,5,1,2.0,2,23906.0,7968.67,20.0,5.0,0,0
42.0,0,1,25.0,3,1,2,2.0,0,3.0,1,7.0,1,3,1,1.0,1,17759.0,8879.5,6.0,3.0,1,1
26.0,1,3,12.0,3,1,3,5.0,1,3.0,2,3.0,1,3,1,1.0,2,24422.0,8140.67,15.0,4.0,0,1
45.0,0,1,13.0,2,1,3,2.0,1,3.0,0,5.0,0,2,0,2.0,2,21434.0,7144.67,4.0,5.0,1,0
35.0,0,1,8.0,2,0,3,3.0,1,5.0,1,3.0,0,4,1,2.0,2,20093.0,6697.67,12.0,5.0,0,0
38.0,1,1,24.0,3,1,2,5.0,1,3.0,1,4.0,1,5,0,1.0,2,20811.0,10405.5,25.0,3.0,1,0
29.0,0,3,26.0,1,0,2,3.0,0,3.0,0,2.0,0,3,0,1.0,1,17157.0,8578.5,9.0,3.0,0,0
39.0,1,1,22.0,2,1,4,5.0,3,3.0,1,2.0,1,5,1,3.0,3,30188.0,7547.0,25.0,7.0,0,0
38.0,0,1,18.0,2,1,1,4.0,1,5.0,1,3.0,0,5,1,0.0,2,21288.0,21288.0,20.0,1.0,0,0
35.0,1,3,7.0,3,1,3,4.0,3,3.0,2,3.0,0,5,1,1.0,3,28566.0,9522.0,20.0,4.0,0,0
39.0,0,2,9.0,2,1,4,4.0,0,4.0,1,7.0,0,3,1,3.0,1,21270.0,5317.5,12.0,7.0,1,0
27.0,1,1,12.0,2,1,2,4.0,0,3.0,1,2.0,0,1,1,1.0,1,17539.0,8769.5,4.0,3.0,0,0
53.0,1,1,9.0,2,0,3,5.0,0,3.0,2,2.0,0,3,1,1.0,1,21890.0,7296.67,15.0,4.0,0,0
27.0,1,1,17.0,2,1,3,3.0,0,5.0,0,1.0,0,5,1,2.0,1,17099.0,5699.67,15.0,5.0,0,0
39.0,1,1,7.0,1,0,4,4.0,3,5.0,1,3.0,0,4,1,2.0,3,32260.0,8065.0,16.0,6.0,0,0
31.0,1,3,12.0,3,0,2,5.0,1,3.0,1,3.0,0,2,0,1.0,2,24796.0,12398.0,10.0,3.0,0,0
47.0,1,1,8.0,3,0,3,3.0,1,3.0,1,6.0,0,2,0,1.0,2,20070.0,6690.0,6.0,4.0,1,0
50.0,0,1,8.0,2,1,3,3.0,4,5.0,1,2.0,0,5,1,2.0,0,32924.0,10974.67,15.0,5.0,0,0
35.0,1,1,6.0,2,0,3,5.0,0,3.0,1,2.0,0,3,0,1.0,1,17977.0,5992.33,15.0,4.0,0,0
32.0,1,3,10.0,3,1,2,5.0,3,3.0,0,2.0,0,2,1,1.0,3,25400.0,12700.0,10.0,3.0,0,1
40.0,1,1,12.0,2,0,3,3.0,4,3.0,2,1.0,0,5,1,0.0,0,28237.0,9412.33,15.0,3.0,0,0
23.0,1,1,10.0,3,1,2,1.0,0,5.0,1,3.0,0,4,0,1.0,1,17819.0,8909.5,4.0,3.0,0,0
31.0,0,3,13.0,3,0,3,3.0,3,5.0,1,3.0,0,1,1,2.0,3,24637.0,8212.33,3.0,5.0,0,0
39.0,1,1,10.0,1,0,3,4.0,1,3.0,2,5.0,1,5,1,1.0,2,22995.0,7665.0,20.0,4.0,1,0
32.0,1,1,8.0,3,1,2,3.0,1,4.0,1,1.0,0,4,0,1.0,2,20470.0,10235.0,12.0,3.0,0,0
43.0,0,1,33.0,2,0,2,3.0,3,5.0,0,1.0,0,4,0,0.0,3,25820.0,12910.0,12.0,2.0,0,0
27.0,1,1,13.0,2,0,4,4.0,0,3.0,0,3.0,1,2,0,1.0,1,21337.0,5334.25,8.0,5.0,0,0
33.0,1,3,20.0,2,1,4,4.0,1,3.0,1,4.0,0,1,0,3.0,2,23081.0,5770.25,4.0,7.0,1,0
35.0,1,1,7.0,2,1,3,5.0,0,3.0,1,3.0,1,1,1,2.0,1,22300.0,7433.33,5.0,5.0,0,0
31.0,1,2,16.0,2,1,3,4.0,1,3.0,1,2.0,1,3,1,2.0,2,25025.0,8341.67,12.0,5.0,0,0
32.0,1,3,14.0,2,1,3,5.0,3,3.0,1,2.0,0,3,1,1.0,3,30235.0,10078.33,15.0,4.0,0,0
32.0,1,1,31.0,2,1,2,3.0,0,3.0,2,2.0,1,5,1,0.0,1,17795.0,8897.5,15.0,2.0,0,1
35.0,1,1,13.0,2,1,3,3.0,0,4.0,2,2.0,1,3,1,1.0,1,20363.0,6787.67,9.0,4.0,0,1
35.0,1,1,16.0,3,0,3,5.0,3,4.0,2,3.0,0,1,1,1.0,3,27299.0,9099.67,5.0,4.0,0,0
19.0,0,1,21.0,3,0,3,4.0,0,3.0,2,3.0,0,5,1,1.0,1,20192.0,6730.67,20.0,4.0,0,0
27.0,1,1,6.0,2,0,3,3.0,3,5.0,1,2.0,0,4,0,2.0,3,22412.0,7470.67,12.0,5.0,0,0
31.0,0,1,16.0,3,0,2,3.0,3,3.0,1,5.0,0,1,1,1.0,3,26031.0,13015.5,3.0,3.0,1,0
34.0,1,1,25.0,3,1,3,3.0,0,3.0,1,1.0,0,3,0,2.0,1,17661.0,5887.0,9.0,5.0,0,0
38.0,1,2,15.0,2,1,3,4.0,1,4.0,1,4.0,0,3,1,2.0,2,22749.0,7583.0,12.0,5.0,1,0
27.0,1,2,27.0,3,0,4,4.0,0,4.0,1,2.0,1,3,0,2.0,1,20826.0,5206.5,12.0,6.0,0,1
42.0,0,3,18.0,2,1,2,3.0,4,5.0,2,1.0,1,5,1,1.0,0,28758.0,14379.0,15.0,3.0,0,1
36.0,0,1,10.0,2,0,3,3.0,1,4.0,1,1.0,0,3,1,1.0,2,20131.0,6710.33,9.0,4.0,0,0
38.0,0,1,16.0,3,1,3,4.0,0,3.0,1,3.0,1,1,0,2.0,1,21004.0,7001.33,4.0,5.0,0,0
33.0,0,3,23.0,2,1,2,3.0,4,3.0,2,2.0,0,3,1,0.0,0,32444.0,16222.0,9.0,2.0,0,0
31.0,0,3,6.0,2,0,2,3.0,0,4.0,2,2.0,1,5,1,1.0,1,17302.0,8651.0,15.0,3.0,0,1
47.0,0,3,15.0,2,1,2,5.0,4,3.0,1,1.0,0,5,1,1.0,0,27936.0,13968.0,25.0,3.0,0,1
39.0,1,1,15.0,3,1,2,3.0,1,5.0,1,2.0,0,4,1,0.0,2,20151.0,10075.5,12.0,2.0,0,0
48.0,1,3,8.0,3,1,2,4.0,1,4.0,2,1.0,1,1,1,0.0,2,22898.0,11449.0,4.0,2.0,0,1
43.0,1,1,7.0,2,0,3,5.0,1,3.0,1,2.0,1,3,0,1.0,2,24740.0,8246.67,15.0,4.0,0,0
37.0,1,1,16.0,2,0,2,3.0,0,5.0,1,1.0,1,3,1,0.0,1,17782.0,8891.0,9.0,2.0,0,0
41.0,0,1,16.0,2,1,4,5.0,1,3.0,1,2.0,0,5,0,2.0,2,23554.0,5888.5,25.0,6.0,0,0
33.0,1,1,8.0,2,0,2,3.0,0,5.0,0,1.0,0,3,1,0.0,1,17707.0,8853.5,9.0,2.0,0,1
27.0,1,1,10.0,3,1,3,2.0,0,3.0,0,3.0,0,5,1,2.0,1,23098.0,7699.33,10.0,5.0,0,0
36.0,1,1,7.0,3,1,4,5.0,0,5.0,2,3.0,0,1,0,3.0,1,21128.0,5282.0,5.0,7.0,0,0
57.0,0,3,13.0,2,0,3,2.0,4,5.0,1,2.0,0,3,1,1.0,0,31890.0,10630.0,6.0,4.0,0,0
38.0,1,1,17.0,3,0,4,4.0,0,4.0,1,3.0,0,1,1,1.0,1,22614.0,5653.5,4.0,5.0,0,0
28.0,0,2,6.0,2,1,2,3.0,0,3.0,1,2.0,0,4,0,1.0,1,17706.0,8853.0,12.0,3.0,0,0
46.0,1,1,15.0,2,1,4,4.0,1,3.0,1,2.0,0,3,1,1.0,2,22375.0,5593.75,12.0,5.0,0,0
33.0,0,3,18.0,2,1,3,3.0,1,3.0,0,2.0,0,3,1,2.0,2,23385.0,7795.0,9.0,5.0,0,1
45.0,0,1,6.0,3,1,2,3.0,1,3.0,2,5.0,0,1,1,1.0,2,20399.0,10199.5,3.0,3.0,1,0
22.0,1,3,12.0,3,1,3,4.0,0,5.0,2,3.0,1,1,1,1.0,1,21058.0,7019.33,4.0,4.0,0,0
54.0,1,2,25.0,3,1,2,3.0,3,4.0,1,3.0,0,3,1,1.0,3,25725.0,12862.5,9.0,3.0,0,0
50.0,1,1,14.0,2,1,3,5.0,3,3.0,2,2.0,0,1,1,1.0,3,29643.0,9881.0,5.0,4.0,0,0
32.0,0,1,11.0,1,1,3,3.0,0,4.0,2,3.0,0,3,1,1.0,1,17718.0,5906.0,9.0,4.0,0,0
31.0,1,1,15.0,2,0,4,2.0,3,5.0,1,2.0,1,1,0,3.0,3,30094.0,7523.5,2.0,7.0,0,0
37.0,1,1,13.0,2,1,3,6.0,0,3.0,1,3.0,0,2,0,1.0,1,21419.0,7139.67,12.0,4.0,0,0
59.0,1,1,12.0,1,0,3,5.0,3,4.0,1,4.0,1,5,1,2.0,3,29230.0,9743.33,25.0,5.0,1,0
28.0,1,3,15.0,2,1,3,3.0,1,3.0,2,2.0,0,3,1,0.0,2,20253.0,6751.0,9.0,3.0,0,0
39.0,1,1,16.0,3,1,2,3.0,4,5.0,0,2.0,1,3,1,1.0,0,32068.0,16034.0,9.0,3.0,0,0
26.0,0,1,6.0,3,0,3,4.0,0,3.0,1,2.0,0,2,1,0.0,1,17007.0,5669.0,8.0,3.0,0,0
31.0,0,3,8.0,2,0,2,4.0,0,3.0,2,1.0,0,5,0,1.0,1,17785.0,8892.5,20.0,3.0,0,1
37.0,1,3,16.0,2,1,3,5.0,0,5.0,2,2.0,0,1,0,1.0,1,22085.0,7361.67,5.0,4.0,0,1
33.0,1,1,14.0,2,1,2,1.0,0,5.0,1,7.0,0,3,1,1.0,1,18143.0,9071.5,3.0,3.0,1,0
22.0,1,1,12.0,3,1,3,3.0,0,3.0,1,1.0,0,1,1,1.0,1,17773.0,5924.33,3.0,4.0,0,0
32.0,1,1,11.0,2,0,2,1.0,0,3.0,1,4.0,0,5,1,1.0,1,18312.0,9156.0,5.0,3.0,1,0
59.0,0,1,9.0,2,1,3,5.0,0,3.0,1,2.0,1,1,1,1.0,1,21058.0,7019.33,5.0,4.0,0,1
34.0,1,3,12.0,3,0,3,4.0,0,3.0,2,3.0,1,1,0,2.0,1,21529.0,7176.33,4.0,5.0,0,1
27.0,1,1,22.0,1,0,2,3.0,0,4.0,0,1.0,0,2,1,0.0,1,17811.0,8905.5,6.0,2.0,0,0
30.0,1,3,21.0,3,1,3,4.0,3,5.0,1,3.0,0,1,0,2.0,3,22140.0,7380.0,4.0,5.0,0,0
30.0,1,1,34.0,3,0,3,3.0,1,3.0,1,2.0,0,3,1,2.0,2,20775.0,6925.0,9.0,5.0,0,0
56.0,0,3,12.0,2,0,2,2.0,4,5.0,0,1.0,0,3,1,0.0,0,28212.0,14106.0,6.0,2.0,0,0
54.0,1,3,9.0,3,1,3,4.0,4,3.0,1,8.0,0,3,1,1.0,0,33530.0,11176.67,12.0,4.0,1,0
43.0,0,1,23.0,1,1,2,4.0,0,3.0,1,1.0,1,5,1,1.0,1,17437.0,8718.5,20.0,3.0,0,1
37.0,1,1,13.0,2,0,3,2.0,0,3.0,1,5.0,0,1,0,1.0,1,21716.0,7238.67,2.0,4.0,1,0
39.0,0,1,15.0,3,0,3,5.0,1,4.0,1,3.0,1,1,1,1.0,2,20811.0,6937.0,5.0,4.0,0,0
31.0,1,1,8.0,2,1,2,3.0,0,3.0,1,1.0,1,4,1,1.0,1,17695.0,8847.5,12.0,3.0,0,0
24.0,0,1,15.0,2,1,2,4.0,0,4.0,1,2.0,0,5,0,1.0,1,17694.0,8847.0,20.0,3.0,0,0
41.0,1,1,23.0,2,0,3,4.0,3,3.0,2,8.0,1,4,1,1.0,3,26623.0,8874.33,16.0,4.0,1,0
46.0,1,1,13.0,2,1,3,4.0,3,5.0,1,6.0,1,3,1,2.0,3,31923.0,10641.0,12.0,5.0,1,0
33.0,0,1,12.0,1,1,4,4.0,0,4.0,2,4.0,0,3,1,2.0,1,21396.0,5349.0,12.0,6.0,1,0
28.0,0,3,10.0,3,0,4,2.0,1,3.0,1,3.0,1,1,1,1.0,2,23325.0,5831.25,2.0,5.0,0,0
39.0,0,1,9.0,3,0,4,5.0,0,4.0,1,6.0,0,3,0,1.0,1,21146.0,5286.5,15.0,5.0,1,0
45.0,1,1,16.0,2,1,3,3.0,0,3.0,0,4.0,0,5,1,0.0,1,17654.0,5884.67,15.0,3.0,1,0
37.0,1,3,7.0,2,0,4,4.0,1,3.0,2,8.0,0,1,1,2.0,2,25493.0,6373.25,4.0,6.0,1,0
33.0,1,1,8.0,3,1,3,3.0,0,3.0,2,5.0,0,3,1,2.0,1,17496.0,5832.0,9.0,5.0,1,0
53.0,1,1,15.0,2,0,3,4.0,0,5.0,0,2.0,0,1,1,2.0,1,21628.0,7209.33,4.0,5.0,0,0
43.0,1,1,12.0,2,1,2,4.0,4,3.0,1,5.0,1,3,1,0.0,0,31627.0,15813.5,12.0,2.0,1,0
42.0,1,1,26.0,2,1,3,4.0,1,5.0,1,4.0,0,2,1,1.0,2,21750.0,7250.0,8.0,4.0,1,0
36.0,1,2,14.0,2,1,3,4.0,0,5.0,0,1.0,0,2,1,2.0,1,17342.0,5780.67,8.0,5.0,0,0
35.0,1,1,16.0,3,0,2,3.0,1,3.0,2,4.0,1,1,1,0.0,2,21142.0,10571.0,3.0,2.0,1,0
40.0,1,3,8.0,3,0,3,3.0,1,4.0,1,4.0,0,3,1,1.0,2,20677.0,6892.33,9.0,4.0,1,0
42.0,1,3,16.0,2,1,4,4.0,3,3.0,1,5.0,1,2,0,2.0,3,26867.0,6716.75,8.0,6.0,1,0
28.0,1,1,33.0,3,0,2,5.0,1,5.0,1,1.0,0,4,1,0.0,2,20208.0,10104.0,20.0,2.0,0,0
39.0,0,1,9.0,2,1,3,4.0,0,3.0,1,3.0,1,5,1,1.0,1,20380.0,6793.33,20.0,4.0,0,0
52.0,0,3,8.0,2,1,3,4.0,2,3.0,2,2.0,1,1,1,0.0,4,34068.0,11356.0,4.0,3.0,0,0
39.0,1,1,16.0,2,0,4,4.0,0,3.0,2,3.0,0,2,1,2.0,1,20966.0,5241.5,8.0,6.0,0,0
49.0,1,3,9.0,3,1,3,5.0,1,4.0,2,2.0,1,1,1,1.0,2,26576.0,8858.67,5.0,4.0,0,1
38.0,0,3,16.0,3,1,4,4.0,3,4.0,1,3.0,0,1,1,3.0,3,27512.0,6878.0,4.0,7.0,0,0
35.0,1,1,6.0,3,1,2,4.0,0,3.0,0,7.0,0,2,1,1.0,1,17258.0,8629.0,8.0,3.0,1,0
32.0,1,3,6.0,3,1,3,4.0,0,4.0,1,1.0,0,1,0,2.0,1,17269.0,5756.33,4.0,5.0,0,0
36.0,0,3,18.0,3,1,3,4.0,1,3.0,1,3.0,0,5,1,2.0,2,23646.0,7882.0,20.0,5.0,0,0
26.0,1,1,11.0,1,1,3,4.0,0,3.0,1,3.0,1,3,1,2.0,1,22369.0,7456.33,12.0,5.0,0,1
40.0,1,3,15.0,3,1,2,3.0,1,5.0,1,1.0,0,3,1,1.0,2,20473.0,10236.5,9.0,3.0,0,0
19.0,1,3,28.0,3,1,2,3.0,0,3.0,2,2.0,1,1,1,0.0,1,16675.0,8337.5,3.0,2.0,0,1
29.0,1,1,6.0,2,0,2,4.0,4,3.0,1,4.0,0,2,0,1.0,0,31124.0,15562.0,8.0,3.0,1,0
37.0,0,3,15.0,2,1,4,5.0,3,5.0,2,3.0,0,1,0,1.0,3,26265.0,6566.25,5.0,5.0,0,0
36.0,1,1,13.0,2,1,3,6.0,1,3.0,2,3.0,0,5,1,1.0,2,25324.0,8441.33,30.0,4.0,0,0
41.0,0,3,12.0,2,1,3,5.0,3,5.0,0,7.0,1,5,0,2.0,3,29153.0,9717.67,25.0,5.0,1,0
47.0,0,1,35.0,2,1,2,3.0,3,4.0,0,2.0,1,3,1,0.0,3,26849.0,13424.5,9.0,2.0,0,1
35.0,0,1,14.0,2,1,4,6.0,1,3.0,2,3.0,1,5,1,2.0,2,24752.0,6188.0,30.0,6.0,0,1
41.0,1,1,15.0,2,1,3,3.0,0,5.0,1,2.0,0,5,1,1.0,1,17289.0,5763.0,15.0,4.0,0,0
47.0,0,1,7.0,3,1,3,5.0,3,5.0,1,4.0,1,1,1,2.0,3,29351.0,9783.67,5.0,5.0,1,0
41.0,1,3,12.0,2,0,3,3.0,3,3.0,2,4.0,1,2,0,1.0,3,28591.0,9530.33,6.0,4.0,1,0
22.0,0,3,7.0,1,0,4,5.0,0,4.0,2,3.0,1,5,1,3.0,1,20852.0,5213.0,25.0,7.0,0,1
46.0,1,1,7.0,3,0,4,4.0,0,3.0,1,5.0,0,5,0,2.0,1,20948.0,5237.0,20.0,6.0,1,0
34.0,1,1,9.0,2,1,3,4.0,0,3.0,2,2.0,0,3,1,1.0,1,21178.0,7059.33,12.0,4.0,0,0
52.0,1,3,21.0,2,0,3,4.0,1,3.0,1,6.0,0,3,1,1.0,2,23614.0,7871.33,12.0,4.0,1,0
42.0,1,3,7.0,3,1,3,2.0,3,5.0,1,3.0,0,3,1,2.0,3,27070.0,9023.33,6.0,5.0,0,0
37.0,1,3,22.0,3,1,3,4.0,1,3.0,1,5.0,0,5,1,2.0,2,21334.0,7111.33,20.0,5.0,1,0
30.0,0,3,7.0,3,0,3,4.0,3,3.0,0,3.0,0,3,1,1.0,3,26596.0,8865.33,12.0,4.0,0,0
28.0,1,1,15.0,3,0,3,2.0,0,3.0,1,2.0,0,4,0,1.0,1,22195.0,7398.33,8.0,4.0,0,0
40.0,1,2,9.0,2,0,3,5.0,1,3.0,1,2.0,0,3,1,1.0,2,23882.0,7960.67,15.0,4.0,0,0
34.0,1,3,32.0,3,1,3,5.0,3,4.0,2,4.0,1,5,1,1.0,3,27058.0,9019.33,25.0,4.0,1,1
29.0,0,3,30.0,1,1,2,1.0,0,5.0,2,2.0,0,3,1,1.0,1,16091.0,8045.5,3.0,3.0,0,1
38.0,0,1,32.0,3,0,4,4.0,1,3.0,0,5.0,1,3,1,2.0,2,23127.0,5781.75,12.0,6.0,1,0
36.0,1,3,9.0,2,1,2,4.0,3,3.0,0,2.0,1,2,1,0.0,3,25325.0,12662.5,8.0,2.0,0,1
29.0,1,1,34.0,2,0,3,3.0,0,3.0,1,5.0,0,5,1,0.0,1,17514.0,5838.0,15.0,3.0,1,0
46.0,0,3,33.0,3,1,3,5.0,1,5.0,1,3.0,0,3,0,1.0,2,23063.0,7687.67,15.0,4.0,0,0
26.0,1,3,6.0,2,1,2,3.0,1,3.0,1,2.0,0,5,0,1.0,2,20296.0,10148.0,15.0,3.0,0,0
22.0,1,1,12.0,3,1,4,4.0,0,3.0,2,3.0,0,1,1,2.0,1,21795.0,5448.75,4.0,6.0,0,0
32.0,1,3,36.0,3,0,4,5.0,1,3.0,1,3.0,0,3,1,1.0,2,24146.0,6036.5,15.0,5.0,0,0
40.0,1,1,8.0,2,1,2,4.0,0,3.0,2,3.0,0,5,0,1.0,1,17809.0,8904.5,20.0,3.0,0,0
43.0,0,1,28.0,3,0,3,4.0,1,3.0,1,4.0,0,2,0,1.0,2,23943.0,7981.0,8.0,4.0,1,0
37.0,0,1,25.0,2,1,3,3.0,0,3.0,0,6.0,0,5,0,1.0,1,22366.0,7455.33,15.0,4.0,1,0
49.0,1,1,6.0,1,0,2,4.0,4,3.0,2,1.0,1,3,1,0.0,0,28964.0,14482.0,12.0,2.0,0,0
43.0,1,1,20.0,2,1,3,3.0,4,5.0,0,7.0,0,5,1,0.0,0,32159.0,10719.67,15.0,3.0,1,0
46.0,1,1,7.0,3,0,4,4.0,0,3.0,1,5.0,0,5,1,1.0,1,20948.0,5237.0,20.0,5.0,1,0
33.0,1,1,13.0,3,1,2,3.0,3,3.0,0,1.0,0,4,0,0.0,3,26691.0,13345.5,12.0,2.0,0,0
39.0,1,3,11.0,1,1,2,3.0,1,3.0,1,4.0,0,1,0,0.0,2,17086.0,8543.0,3.0,2.0,1,1
35.0,1,1,14.0,2,0,3,4.0,3,4.0,2,2.0,0,3,1,1.0,3,30672.0,10224.0,12.0,4.0,0,0
36.0,1,1,16.0,2,0,4,5.0,3,3.0,1,3.0,1,4,1,3.0,3,29363.0,7340.75,20.0,7.0,0,0
34.0,0,1,7.0,3,1,3,4.0,1,5.0,2,1.0,0,1,0,0.0,2,20343.0,6781.0,4.0,3.0,0,0
54.0,1,1,9.0,2,1,2,3.0,4,3.0,1,4.0,0,5,0,0.0,0,32779.0,16389.5,15.0,2.0,1,0
26.0,0,1,6.0,2,0,2,3.0,1,4.0,1,2.0,0,5,0,1.0,2,21397.0,10698.5,15.0,3.0,0,0
25.0,1,3,25.0,3,1,2,4.0,0,4.0,1,2.0,1,1,0,1.0,1,17413.0,8706.5,4.0,3.0,0,1
35.0,1,1,22.0,2,1,3,3.0,3,3.0,1,5.0,1,1,0,0.0,3,22632.0,7544.0,3.0,3.0,1,0
36.0,1,1,29.0,2,0,4,2.0,3,4.0,1,2.0,0,5,1,3.0,3,30674.0,7668.5,10.0,7.0,0,0
30.0,1,1,16.0,2,1,4,2.0,0,3.0,1,8.0,0,5,1,1.0,1,21129.0,5282.25,10.0,5.0,1,0
36.0,0,1,14.0,2,0,3,1.0,3,5.0,1,1.0,0,3,0,1.0,3,26713.0,8904.33,3.0,4.0,0,0
47.0,1,1,7.0,3,1,4,4.0,3,5.0,1,2.0,0,2,0,1.0,3,28074.0,7018.5,8.0,5.0,0,0
32.0,0,1,8.0,2,1,3,3.0,0,3.0,2,1.0,0,5,1,1.0,1,18068.0,6022.67,15.0,4.0,0,0
40.0,1,1,9.0,1,0,4,5.0,1,3.0,2,3.0,0,1,1,2.0,2,23231.0,5807.75,5.0,6.0,0,0
49.0,1,1,14.0,2,0,2,3.0,3,4.0,0,5.0,0,4,0,0.0,3,22403.0,11201.5,12.0,2.0,1,0
55.0,1,1,9.0,1,0,3,4.0,3,3.0,1,2.0,0,4,0,1.0,3,32227.0,10742.33,16.0,4.0,0,0
33.0,1,3,15.0,1,0,4,5.0,1,4.0,0,3.0,1,2,1,1.0,2,23906.0,5976.5,10.0,5.0,0,0
27.0,1,1,13.0,2,0,3,5.0,0,4.0,0,3.0,0,3,1,1.0,1,21046.0,7015.33,15.0,4.0,0,0
38.0,1,1,13.0,3,1,3,3.0,1,5.0,1,6.0,1,3,1,2.0,2,24652.0,8217.33,9.0,5.0,1,0
36.0,1,1,14.0,2,1,3,4.0,3,3.0,2,5.0,0,3,0,2.0,3,28899.0,9633.0,12.0,5.0,1,0
31.0,1,3,12.0,2,1,3,5.0,1,3.0,1,5.0,1,3,0,2.0,2,21172.0,7057.33,15.0,5.0,1,1
49.0,1,3,17.0,3,0,2,3.0,3,3.0,1,2.0,0,4,0,0.0,3,22654.0,11327.0,12.0,2.0,0,1
45.0,1,3,19.0,3,1,2,1.0,4,3.0,2,7.0,1,3,1,0.0,0,33824.0,16912.0,3.0,2.0,1,1
45.0,1,1,34.0,1,1,3,3.0,0,3.0,1,5.0,0,3,1,2.0,1,17132.0,5710.67,9.0,5.0,1,0
37.0,0,1,17.0,2,1,2,3.0,3,3.0,1,2.0,1,3,1,1.0,3,27185.0,13592.5,9.0,3.0,0,0
40.0,1,1,31.0,3,1,3,4.0,0,4.0,1,3.0,1,1,0,1.0,1,22582.0,7527.33,4.0,4.0,0,1
57.0,1,1,31.0,2,1,4,4.0,0,3.0,2,3.0,0,3,0,1.0,1,21265.0,5316.25,12.0,5.0,0,1
34.0,1,1,7.0,2,1,4,5.0,0,5.0,2,5.0,1,4,0,1.0,1,21477.0,5369.25,20.0,5.0,1,0
39.0,1,1,36.0,1,1,3,4.0,1,3.0,1,5.0,0,1,0,1.0,2,24939.0,8313.0,4.0,4.0,1,0
40.0,1,1,13.0,3,1,4,4.0,0,5.0,1,2.0,1,1,1,2.0,1,21082.0,5270.5,4.0,6.0,0,1
39.0,1,1,9.0,3,1,3,4.0,1,3.0,1,1.0,0,4,0,2.0,2,18069.0,6023.0,16.0,5.0,0,0
40.0,1,1,20.0,3,1,2,4.0,2,3.0,2,2.0,0,3,1,1.0,4,34626.0,17313.0,12.0,3.0,0,0
29.0,1,1,6.0,2,0,2,4.0,0,5.0,1,2.0,1,1,0,0.0,1,17319.0,8659.5,4.0,2.0,0,1
27.0,1,1,23.0,3,1,3,4.0,0,4.0,1,4.0,1,2,1,2.0,1,21051.0,7017.0,8.0,5.0,1,1
38.0,1,3,16.0,3,1,3,4.0,3,3.0,1,1.0,1,3,1,0.0,3,23740.0,7913.33,12.0,3.0,0,0
28.0,1,1,13.0,2,1,3,3.0,0,5.0,2,4.0,1,3,0,2.0,1,21674.0,7224.67,9.0,5.0,1,1
38.0,1,3,23.0,3,1,4,5.0,1,3.0,1,6.0,0,5,1,1.0,2,25012.0,6253.0,25.0,5.0,1,0
48.0,0,1,6.0,3,1,2,1.0,4,3.0,2,3.0,0,1,0,0.0,0,31885.0,15942.5,1.0,2.0,0,0
27.0,1,1,13.0,2,0,4,4.0,0,3.0,1,3.0,1,1,0,2.0,1,21337.0,5334.25,4.0,6.0,0,0
40.0,1,1,8.0,3,0,3,3.0,0,3.0,1,3.0,0,1,1,1.0,1,17001.0,5667.0,3.0,4.0,0,0
46.0,1,1,8.0,2,1,2,3.0,3,3.0,1,4.0,0,1,1,1.0,3,23578.0,11789.0,3.0,3.0,1,0
35.0,1,1,13.0,3,1,3,4.0,0,5.0,2,4.0,0,2,1,2.0,1,21638.0,7212.67,8.0,5.0,1,1
39.0,1,1,22.0,2,1,4,5.0,3,3.0,1,2.0,1,5,1,2.0,3,30188.0,7547.0,25.0,6.0,0,0
36.0,1,3,16.0,1,0,3,4.0,1,3.0,1,2.0,1,1,1,2.0,2,20673.0,6891.0,4.0,5.0,0,0
40.0,1,3,14.0,2,1,4,4.0,0,3.0,1,3.0,1,1,1,3.0,1,23212.0,5803.0,4.0,7.0,0,1
26.0,1,1,6.0,3,1,3,3.0,0,5.0,2,1.0,0,5,1,2.0,1,17867.0,5955.67,15.0,5.0,0,0
22.0,1,1,21.0,3,0,2,3.0,0,3.0,2,2.0,0,2,1,1.0,1,17871.0,8935.5,6.0,3.0,0,0
37.0,1,1,12.0,2,1,4,4.0,1,4.0,2,2.0,0,2,0,3.0,2,24592.0,6148.0,8.0,7.0,0,0
47.0,1,1,31.0,3,1,2,3.0,3,3.0,2,3.0,0,3,1,0.0,3,23633.0,11816.5,9.0,2.0,0,0
26.0,1,1,8.0,3,1,2,1.0,1,3.0,1,2.0,0,3,1,1.0,2,20472.0,10236.0,3.0,3.0,0,0
30.0,1,3,17.0,3,1,3,5.0,1,3.0,2,2.0,0,4,1,1.0,2,24547.0,8182.33,20.0,4.0,0,0
27.0,1,1,8.0,2,0,2,3.0,0,5.0,1,2.0,0,3,0,1.0,1,17341.0,8670.5,9.0,3.0,0,0
25.0,1,3,19.0,3,1,2,3.0,0,3.0,0,2.0,0,3,1,0.0,1,17096.0,8548.0,9.0,2.0,0,0
26.0,1,3,34.0,3,1,3,3.0,1,4.0,0,2.0,0,3,1,0.0,2,21272.0,7090.67,9.0,3.0,0,0
31.0,1,1,29.0,2,0,3,4.0,0,3.0,0,6.0,1,2,0,2.0,1,20810.0,6936.67,8.0,5.0,1,1
29.0,1,1,14.0,2,1,4,4.0,0,5.0,2,5.0,1,3,0,3.0,1,25352.0,6338.0,12.0,7.0,1,1
20.0,1,1,17.0,3,0,3,4.0,0,5.0,2,2.0,1,3,1,2.0,1,17600.0,5866.67,12.0,5.0,0,1
33.0,0,1,20.0,2,0,4,5.0,0,4.0,0,3.0,0,5,0,1.0,1,21421.0,5355.25,25.0,5.0,0,0
21.0,1,3,28.0,3,1,3,2.0,0,3.0,2,3.0,0,3,1,2.0,1,21356.0,7118.67,6.0,5.0,0,0
30.0,1,1,8.0,2,0,4,4.0,0,3.0,1,3.0,0,1,1,3.0,1,22438.0,5609.5,4.0,7.0,0,0
32.0,1,1,11.0,3,0,4,2.0,0,3.0,1,2.0,0,5,1,3.0,1,22656.0,5664.0,10.0,7.0,0,0
42.0,0,1,25.0,3,1,2,1.0,0,3.0,1,7.0,1,3,0,0.0,1,17759.0,8879.5,3.0,2.0,1,1
31.0,0,1,15.0,3,1,2,4.0,0,5.0,2,1.0,1,3,1,0.0,1,17321.0,8660.5,12.0,2.0,0,1
37.0,1,3,17.0,3,1,3,5.0,3,5.0,1,2.0,0,5,0,1.0,3,25772.0,8590.67,25.0,4.0,0,1
29.0,1,3,16.0,3,0,2,4.0,1,4.0,1,2.0,1,5,0,1.0,2,23268.0,11634.0,20.0,3.0,0,0
34.0,1,1,6.0,2,1,2,3.0,1,3.0,1,1.0,0,4,1,0.0,2,20484.0,10242.0,12.0,2.0,0,0
29.0,1,1,9.0,3,1,3,4.0,0,3.0,2,8.0,0,3,0,1.0,1,23060.0,7686.67,12.0,4.0,1,1
31.0,1,1,9.0,2,0,3,6.0,1,3.0,2,4.0,0,1,1,1.0,2,24769.0,8256.33,6.0,4.0,1,0
35.0,0,1,8.0,2,0,3,3.0,1,5.0,1,3.0,0,4,0,0.0,2,20093.0,6697.67,12.0,3.0,0,0
34.0,0,3,32.0,3,0,3,4.0,1,3.0,1,3.0,0,3,0,2.0,2,23217.0,7739.0,12.0,5.0,0,0
35.0,1,1,14.0,3,1,3,4.0,0,3.0,2,3.0,0,1,0,2.0,1,21650.0,7216.67,4.0,5.0,0,0
30.0,1,1,7.0,2,0,4,4.0,0,3.0,1,3.0,0,2,0,3.0,1,22438.0,5609.5,8.0,7.0,0,0
51.0,1,1,7.0,3,1,3,5.0,0,3.0,1,4.0,0,3,1,1.0,1,22368.0,7456.0,15.0,4.0,1,0
27.0,1,3,30.0,3,0,3,5.0,1,3.0,1,2.0,1,1,0,1.0,2,22835.0,7611.67,5.0,4.0,0,0
41.0,1,3,15.0,2,1,3,3.0,3,3.0,1,4.0,1,1,0,1.0,3,23189.0,7729.67,3.0,4.0,1,0
29.0,1,1,12.0,1,1,3,4.0,0,3.0,2,3.0,1,1,0,1.0,1,22119.0,7373.0,4.0,4.0,0,1
40.0,0,1,17.0,1,0,3,3.0,1,3.0,1,2.0,0,3,1,1.0,2,21323.0,7107.67,9.0,4.0,0,0
35.0,1,1,9.0,2,1,3,5.0,1,5.0,1,8.0,0,4,0,2.0,2,24635.0,8211.67,20.0,5.0,1,0
35.0,1,3,22.0,3,0,4,4.0,1,5.0,2,3.0,0,1,1,3.0,2,24803.0,6200.75,4.0,7.0,0,0
30.0,1,2,6.0,2,1,2,3.0,0,3.0,1,1.0,0,1,0,1.0,1,17064.0,8532.0,3.0,3.0,0,0
46.0,0,3,33.0,2,0,4,4.0,1,5.0,1,4.0,0,1,0,3.0,2,22964.0,5741.0,4.0,7.0,1,1
36.0,1,3,17.0,3,1,3,5.0,3,5.0,1,2.0,0,5,1,2.0,3,28984.0,9661.33,25.0,5.0,0,1
38.0,1,3,10.0,2,1,3,4.0,3,3.0,2,4.0,0,3,0,1.0,3,26106.0,8702.0,12.0,4.0,1,0
43.0,0,1,17.0,1,1,3,4.0,0,3.0,1,5.0,0,4,1,1.0,1,21614.0,7204.67,16.0,4.0,1,0
58.0,0,1,8.0,2,1,2,4.0,0,3.0,1,1.0,1,2,0,0.0,1,17380.0,8690.0,8.0,2.0,0,1
30.0,1,1,14.0,3,0,4,5.0,0,3.0,1,8.0,0,5,1,2.0,1,21210.0,5302.5,25.0,6.0,1,0
57.0,0,1,16.0,3,0,4,4.0,0,3.0,1,4.0,0,1,1,1.0,1,21620.0,5405.0,4.0,5.0,1,0
30.0,0,3,28.0,2,0,3,3.0,3,5.0,1,1.0,0,1,1,1.0,3,23412.0,7804.0,3.0,4.0,0,0
30.0,0,1,15.0,3,1,3,3.0,1,5.0,1,2.0,0,2,0,1.0,2,18072.0,6024.0,6.0,4.0,0,0
36.0,1,3,8.0,2,1,3,3.0,0,3.0,2,4.0,1,3,0,0.0,1,17644.0,5881.33,9.0,3.0,1,0
38.0,0,1,12.0,1,1,3,2.0,0,3.0,2,2.0,0,5,1,1.0,1,22178.0,7392.67,10.0,4.0,0,0
37.0,0,3,18.0,1,0,4,4.0,3,3.0,1,2.0,0,5,0,3.0,3,28416.0,7104.0,20.0,7.0,0,0
47.0,1,3,9.0,1,0,4,6.0,4,4.0,1,5.0,1,5,1,1.0,0,35550.0,8887.5,30.0,5.0,1,0
45.0,1,1,31.0,2,0,3,4.0,1,3.0,1,1.0,0,4,0,0.0,2,20906.0,6968.67,16.0,3.0,0,0
33.0,0,3,14.0,2,0,2,4.0,0,3.0,2,1.0,0,1,0,1.0,1,17342.0,8671.0,4.0,3.0,0,0
49.0,1,1,7.0,2,0,3,5.0,4,5.0,0,2.0,0,4,0,2.0,0,34080.0,11360.0,20.0,5.0,0,0
28.0,1,1,14.0,2,0,3,3.0,0,3.0,2,2.0,0,4,0,1.0,1,18310.0,6103.33,12.0,4.0,0,0
44.0,1,3,6.0,3,0,3,3.0,1,5.0,1,6.0,1,2,0,0.0,2,20454.0,6818.0,6.0,3.0,1,0
33.0,1,1,10.0,3,0,4,4.0,1,5.0,0,3.0,0,2,1,2.0,2,25403.0,6350.75,8.0,6.0,0,0
45.0,1,1,15.0,2,1,4,2.0,0,3.0,1,4.0,1,3,1,1.0,1,21496.0,5374.0,6.0,5.0,1,0
53.0,1,3,8.0,2,0,3,4.0,4,3.0,1,3.0,0,3,0,0.0,0,30427.0,10142.33,12.0,3.0,0,0
45.0,1,1,17.0,2,1,4,4.0,0,3.0,2,3.0,1,3,1,1.0,1,21614.0,5403.5,12.0,5.0,0,1
59.0,1,3,31.0,2,0,2,3.0,3,5.0,2,1.0,0,3,1,0.0,3,22637.0,11318.5,9.0,2.0,0,0
42.0,1,3,13.0,3,1,3,4.0,3,3.0,2,3.0,0,5,1,1.0,3,27919.0,9306.33,20.0,4.0,0,0
34.0,0,1,8.0,2,1,2,4.0,1,3.0,0,2.0,0,4,0,0.0,2,24547.0,12273.5,16.0,2.0,0,0
37.0,1,3,10.0,2,1,3,5.0,3,3.0,1,3.0,1,1,1,1.0,3,29003.0,9667.67,5.0,4.0,0,1
29.0,1,1,8.0,2,1,3,3.0,0,4.0,0,1.0,0,4,0,0.0,1,17703.0,5901.0,12.0,3.0,0,0
29.0,1,1,9.0,2,1,4,5.0,0,4.0,1,2.0,0,1,0,3.0,1,21879.0,5469.75,5.0,7.0,0,0
40.0,1,1,30.0,1,1,3,3.0,1,3.0,1,2.0,0,3,1,1.0,2,18319.0,6106.33,9.0,4.0,0,0
31.0,0,2,15.0,2,0,4,5.0,0,3.0,1,8.0,0,5,1,3.0,1,20858.0,5214.5,25.0,7.0,1,1
60.0,1,3,32.0,2,0,5,4.0,3,5.0,2,2.0,0,3,1,2.0,3,26315.0,5263.0,12.0,7.0,0,0
36.0,1,1,34.0,3,0,3,5.0,0,5.0,2,3.0,0,4,0,2.0,1,21237.0,7079.0,20.0,5.0,0,0
49.0,1,1,22.0,3,0,3,3.0,0,5.0,1,5.0,1,1,1,1.0,1,17587.0,5862.33,3.0,4.0,1,0
35.0,1,1,13.0,2,0,3,4.0,1,3.0,2,3.0,0,3,0,1.0,2,23487.0,7829.0,12.0,4.0,0,0
19.0,1,2,8.0,1,1,2,4.0,0,3.0,2,2.0,0,3,0,0.0,1,17564.0,8782.0,12.0,2.0,0,1
48.0,1,1,9.0,3,0,4,4.0,1,3.0,1,7.0,0,1,0,1.0,2,23748.0,5937.0,4.0,5.0,1,0
32.0,1,1,15.0,2,0,3,3.0,1,3.0,0,2.0,1,5,1,2.0,2,21322.0,7107.33,15.0,5.0,0,0
42.0,1,1,8.0,2,1,3,4.0,1,3.0,2,4.0,0,1,1,0.0,2,21781.0,7260.33,4.0,3.0,1,0
32.0,1,1,31.0,3,0,4,5.0,1,5.0,2,3.0,0,5,1,1.0,2,25490.0,6372.5,25.0,5.0,0,0
52.0,0,1,34.0,3,0,2,1.0,4,3.0,0,3.0,1,4,0,0.0,0,28247.0,14123.5,4.0,2.0,0,0
35.0,1,3,9.0,3,0,3,4.0,1,5.0,2,2.0,1,3,1,1.0,2,23216.0,7738.67,12.0,4.0,0,0
30.0,1,1,28.0,2,0,3,2.0,3,5.0,1,3.0,0,5,1,2.0,3,28658.0,9552.67,10.0,5.0,0,0
41.0,0,1,8.0,2,0,3,4.0,1,3.0,2,3.0,1,2,0,0.0,2,21811.0,7270.33,8.0,3.0,0,0
40.0,1,1,13.0,3,1,4,4.0,0,5.0,0,2.0,1,2,1,2.0,1,21082.0,5270.5,8.0,6.0,0,1
55.0,1,1,8.0,2,0,3,3.0,4,3.0,2,3.0,1,5,0,0.0,0,31659.0,10553.0,15.0,3.0,0,0
37.0,1,3,6.0,2,1,2,4.0,3,3.0,1,6.0,0,1,1,1.0,3,25609.0,12804.5,4.0,3.0,1,1
20.0,1,1,10.0,3,0,4,4.0,0,4.0,2,3.0,0,3,1,3.0,1,20161.0,5040.25,12.0,7.0,0,0
31.0,0,1,11.0,1,1,3,4.0,0,3.0,2,2.0,1,4,1,1.0,1,20963.0,6987.67,16.0,4.0,0,1
37.0,0,1,10.0,1,1,3,4.0,0,4.0,1,3.0,0,3,0,2.0,1,22370.0,7456.67,12.0,5.0,0,0
38.0,1,1,8.0,3,0,2,4.0,3,3.0,1,4.0,1,5,1,1.0,3,22756.0,11378.0,20.0,3.0,1,0
46.0,1,1,6.0,3,1,3,3.0,3,5.0,1,1.0,0,2,0,0.0,3,24396.0,8132.0,6.0,3.0,0,0
31.0,1,1,17.0,3,1,3,3.0,1,5.0,1,2.0,1,1,1,1.0,2,21833.0,7277.67,3.0,4.0,0,0
38.0,1,1,10.0,3,0,2,3.0,0,3.0,1,1.0,0,5,0,0.0,1,18306.0,9153.0,15.0,2.0,0,0
35.0,0,1,9.0,2,1,3,5.0,1,3.0,1,3.0,0,4,0,2.0,2,28225.0,9408.33,20.0,5.0,0,0
25.0,0,3,20.0,2,0,4,4.0,0,4.0,0,3.0,0,1,0,1.0,1,20711.0,5177.75,4.0,5.0,0,0
38.0,1,1,10.0,2,1,3,4.0,3,3.0,0,3.0,0,2,1,1.0,3,28112.0,9370.67,8.0,4.0,0,0
38.0,1,1,28.0,2,1,4,2.0,0,5.0,1,3.0,1,3,1,1.0,1,22242.0,5560.5,6.0,5.0,0,0
41.0,1,1,15.0,2,1,3,3.0,0,5.0,0,3.0,0,2,0,2.0,1,17238.0,5746.0,6.0,5.0,0,0
36.0,1,1,22.0,2,0,2,1.0,0,5.0,2,2.0,0,2,1,0.0,1,17743.0,8871.5,2.0,2.0,0,1
35.0,1,1,24.0,2,1,2,1.0,1,5.0,1,2.0,0,3,0,1.0,2,20208.0,10104.0,3.0,3.0,0,0
36.0,0,3,14.0,2,1,3,4.0,3,5.0,2,2.0,0,2,0,2.0,3,22587.0,7529.0,8.0,5.0,0,0
35.0,1,1,9.0,3,1,4,2.0,0,3.0,1,2.0,1,1,0,2.0,1,21610.0,5402.5,2.0,6.0,0,0
46.0,1,3,9.0,2,1,4,4.0,1,4.0,0,2.0,0,5,1,1.0,2,23483.0,5870.75,20.0,5.0,0,0
34.0,0,3,23.0,2,0,3,4.0,1,3.0,1,3.0,1,1,0,1.0,2,24046.0,8015.33,4.0,4.0,0,0
28.0,1,3,16.0,3,1,3,3.0,0,4.0,0,2.0,0,5,1,1.0,1,16052.0,5350.67,15.0,4.0,0,0
36.0,1,1,21.0,2,1,3,5.0,0,4.0,1,3.0,1,5,1,2.0,1,22421.0,7473.67,25.0,5.0,0,1
48.0,0,1,23.0,3,1,4,2.0,1,3.0,1,3.0,1,1,1,1.0,2,23745.0,5936.25,2.0,5.0,0,0
38.0,0,3,7.0,3,1,3,6.0,1,3.0,1,3.0,0,1,0,2.0,2,28203.0,9401.0,6.0,5.0,0,0
36.0,0,3,17.0,1,0,3,3.0,3,3.0,0,1.0,0,5,0,0.0,3,24738.0,8246.0,15.0,3.0,0,0
38.0,0,1,16.0,3,1,3,3.0,0,3.0,0,1.0,0,5,0,2.0,1,17684.0,5894.67,15.0,5.0,0,0
55.0,1,1,14.0,3,0,4,4.0,1,3.0,1,6.0,0,3,1,2.0,2,25532.0,6383.0,12.0,6.0,1,0
23.0,1,1,26.0,3,1,4,4.0,0,3.0,0,3.0,0,2,0,2.0,1,21001.0,5250.25,8.0,6.0,0,0
30.0,1,2,20.0,2,1,3,5.0,0,5.0,1,6.0,1,5,1,2.0,1,21013.0,7004.33,25.0,5.0,1,1
35.0,1,3,24.0,3,1,3,3.0,1,5.0,1,1.0,0,3,0,0.0,2,17144.0,5714.67,9.0,3.0,0,0
23.0,0,1,10.0,2,1,3,5.0,0,3.0,1,2.0,1,3,0,2.0,1,21531.0,7177.0,15.0,5.0,0,1
40.0,1,3,28.0,3,1,3,4.0,1,3.0,1,3.0,1,3,1,0.0,2,21380.0,7126.67,12.0,3.0,0,1
34.0,0,3,10.0,3,0,3,3.0,1,3.0,0,1.0,0,2,1,0.0,2,21538.0,7179.33,6.0,3.0,0,0
56.0,0,1,25.0,3,1,4,4.0,1,4.0,1,5.0,1,5,1,2.0,2,25063.0,6265.75,20.0,6.0,1,0
29.0,0,1,9.0,2,1,3,5.0,0,3.0,0,3.0,1,4,1,1.0,1,22545.0,7515.0,20.0,4.0,0,0
54.0,1,2,25.0,3,1,2,3.0,3,4.0,0,3.0,0,3,1,0.0,3,25725.0,12862.5,9.0,2.0,0,0
34.0,1,3,34.0,3,0,3,4.0,1,3.0,1,2.0,0,5,1,0.0,2,21712.0,7237.33,20.0,3.0,0,0
46.0,1,3,10.0,3,0,2,4.0,2,4.0,0,3.0,0,5,1,0.0,4,33789.0,16894.5,20.0,2.0,0,0
35.0,0,1,24.0,2,1,2,3.0,3,3.0,2,3.0,0,3,0,0.0,3,24362.0,12181.0,9.0,2.0,0,0
36.0,0,1,11.0,2,1,3,4.0,1,3.0,2,3.0,1,1,1,2.0,2,22927.0,7642.33,4.0,5.0,0,0
50.0,1,1,7.0,1,0,3,4.0,0,5.0,0,4.0,0,4,1,1.0,1,22258.0,7419.33,16.0,4.0,1,0
39.0,1,1,7.0,1,0,4,4.0,3,5.0,0,3.0,0,4,1,3.0,3,32260.0,8065.0,16.0,7.0,0,0
24.0,1,1,23.0,2,1,3,4.0,0,4.0,0,2.0,0,3,1,1.0,1,17127.0,5709.0,12.0,4.0,0,0
34.0,1,3,16.0,3,0,4,4.0,1,5.0,2,2.0,1,3,0,2.0,2,26902.0,6725.5,12.0,6.0,0,1
58.0,1,1,15.0,3,0,3,4.0,0,4.0,1,5.0,1,1,1,1.0,1,18346.0,6115.33,4.0,4.0,1,0
35.0,1,1,6.0,2,0,2,1.0,0,3.0,2,4.0,0,3,0,0.0,1,17506.0,8753.0,3.0,2.0,1,0
29.0,1,1,7.0,3,0,4,4.0,0,5.0,1,3.0,0,1,1,1.0,1,22269.0,5567.25,4.0,5.0,0,0
43.0,0,1,16.0,2,0,2,3.0,0,3.0,2,1.0,0,5,0,0.0,1,17455.0,8727.5,15.0,2.0,0,0
31.0,1,1,32.0,2,1,2,3.0,0,3.0,1,2.0,0,3,0,1.0,1,17911.0,8955.5,9.0,3.0,0,0
36.0,1,1,30.0,3,0,2,4.0,0,5.0,0,5.0,1,4,1,1.0,1,22692.0,11346.0,16.0,3.0,1,0
40.0,1,3,22.0,3,1,4,4.0,4,5.0,2,2.0,0,1,1,3.0,0,32019.0,8004.75,4.0,7.0,0,0
42.0,1,1,8.0,3,0,2,4.0,0,5.0,1,1.0,1,4,1,0.0,1,17593.0,8796.5,16.0,2.0,0,0
29.0,1,3,16.0,2,1,3,3.0,0,3.0,2,2.0,0,4,1,0.0,1,17642.0,5880.67,12.0,3.0,0,0
53.0,1,1,8.0,3,1,2,1.0,4,4.0,2,5.0,0,1,1,0.0,0,31598.0,15799.0,1.0,2.0,1,0
30.0,0,3,9.0,2,1,3,4.0,1,3.0,2,3.0,0,1,0,2.0,2,23232.0,7744.0,4.0,5.0,0,0
40.0,1,1,13.0,3,1,3,5.0,3,5.0,1,6.0,0,4,1,1.0,3,28669.0,9556.33,20.0,4.0,1,0
49.0,0,1,11.0,3,1,3,5.0,4,3.0,1,4.0,0,5,1,2.0,0,33880.0,11293.33,25.0,5.0,1,0
28.0,1,1,22.0,3,1,3,2.0,1,5.0,2,1.0,0,5,0,2.0,2,20661.0,6887.0,10.0,5.0,0,0
24.0,1,1,24.0,2,1,2,3.0,0,3.0,0,1.0,0,4,1,0.0,1,17774.0,8887.0,12.0,2.0,0,0
35.0,0,1,26.0,3,0,3,4.0,1,4.0,1,6.0,0,3,1,1.0,2,23122.0,7707.33,12.0,4.0,1,0
28.0,1,3,9.0,2,1,4,4.0,1,3.0,2,3.0,1,4,1,3.0,2,23156.0,5789.0,16.0,7.0,0,0
30.0,1,1,26.0,1,1,3,4.0,1,3.0,1,6.0,0,5,0,1.0,2,22940.0,7646.67,20.0,4.0,1,0
39.0,1,3,9.0,3,0,2,3.0,1,3.0,1,5.0,1,4,1,1.0,2,20238.0,10119.0,12.0,3.0,1,1
30.0,1,1,8.0,3,0,2,4.0,1,3.0,2,6.0,1,1,1,1.0,2,21877.0,10938.5,4.0,3.0,1,0
37.0,1,1,19.0,3,0,3,5.0,3,3.0,2,2.0,0,2,1,1.0,3,27536.0,9178.67,10.0,4.0,0,0
55.0,0,1,27.0,2,0,3,4.0,1,3.0,2,5.0,0,4,0,2.0,2,23547.0,7849.0,16.0,5.0,1,0
47.0,1,3,10.0,1,0,3,2.0,4,5.0,1,4.0,0,3,1,1.0,0,31903.0,10634.33,6.0,4.0,1,0
25.0,1,1,24.0,2,0,4,4.0,0,4.0,1,3.0,0,1,1,3.0,1,20888.0,5222.0,4.0,7.0,0,1
48.0,1,3,35.0,3,0,3,3.0,3,3.0,0,4.0,0,4,0,0.0,3,27504.0,9168.0,12.0,3.0,1,0
39.0,1,1,12.0,3,1,3,3.0,0,5.0,1,1.0,1,1,1,1.0,1,17404.0,5801.33,3.0,4.0,0,1
46.0,1,1,13.0,2,1,3,4.0,3,5.0,0,6.0,1,3,0,1.0,3,31923.0,10641.0,12.0,4.0,1,0
49.0,1,1,31.0,2,0,2,3.0,0,5.0,1,2.0,0,3,0,0.0,1,18211.0,9105.5,9.0,2.0,0,0
31.0,0,3,33.0,3,0,3,5.0,1,5.0,2,7.0,0,1,1,2.0,2,25374.0,8458.0,5.0,5.0,1,1
29.0,0,1,20.0,2,0,2,3.0,3,3.0,2,1.0,1,5,1,0.0,3,22553.0,11276.5,15.0,2.0,0,1
44.0,1,1,14.0,2,0,3,4.0,3,5.0,0,2.0,0,5,1,1.0,3,28663.0,9554.33,20.0,4.0,0,0
45.0,0,3,7.0,3,0,4,4.0,1,3.0,0,2.0,0,4,1,2.0,2,23446.0,5861.5,16.0,6.0,0,0
29.0,1,1,17.0,2,0,3,4.0,1,3.0,2,5.0,0,4,0,2.0,2,22338.0,7446.0,16.0,5.0,1,0
49.0,1,1,13.0,2,1,4,5.0,1,3.0,2,4.0,0,2,0,1.0,2,22918.0,5729.5,10.0,5.0,1,0
38.0,1,1,13.0,3,1,3,2.0,1,5.0,1,6.0,1,3,1,2.0,2,24652.0,8217.33,6.0,5.0,1,0
31.0,1,1,8.0,3,0,2,5.0,0,3.0,1,2.0,1,5,1,0.0,1,16129.0,8064.5,25.0,2.0,0,0
29.0,1,1,14.0,3,1,3,4.0,1,3.0,1,2.0,1,3,1,1.0,2,20056.0,6685.33,12.0,4.0,0,0
25.0,1,3,10.0,2,0,3,4.0,1,3.0,1,2.0,0,4,0,1.0,2,23677.0,7892.33,16.0,4.0,0,0
39.0,1,3,17.0,3,1,4,5.0,3,3.0,1,2.0,1,3,1,1.0,3,27418.0,6854.5,15.0,5.0,0,0
49.0,1,3,23.0,2,0,4,4.0,1,3.0,1,2.0,0,4,1,1.0,2,25117.0,6279.25,16.0,5.0,0,0
26.0,1,3,26.0,3,1,3,5.0,0,4.0,1,3.0,1,1,0,2.0,1,21091.0,7030.33,5.0,5.0,0,1
43.0,0,1,15.0,3,1,3,3.0,1,3.0,1,4.0,1,3,1,0.0,2,20679.0,6893.0,9.0,3.0,1,0
25.0,1,1,7.0,3,1,4,4.0,0,3.0,1,4.0,1,3,0,3.0,1,20971.0,5242.75,12.0,7.0,1,1
54.0,1,3,31.0,2,1,4,4.0,3,5.0,2,8.0,1,3,1,3.0,3,29126.0,7281.5,12.0,7.0,1,1
27.0,1,1,11.0,1,1,2,4.0,3,3.0,1,2.0,1,3,0,0.0,3,27808.0,13904.0,12.0,2.0,0,0
29.0,1,1,29.0,2,1,2,3.0,0,3.0,2,1.0,0,3,0,0.0,1,17201.0,8600.5,9.0,2.0,0,0
32.0,1,2,9.0,2,1,4,5.0,1,5.0,0,5.0,0,3,0,2.0,2,25088.0,6272.0,15.0,6.0,1,0
42.0,1,1,9.0,2,0,3,6.0,0,3.0,1,6.0,1,3,0,2.0,1,21456.0,7152.0,18.0,5.0,1,1
51.0,0,3,15.0,1,1,3,4.0,1,3.0,0,5.0,1,5,1,1.0,2,25474.0,8491.33,20.0,4.0,1,1
28.0,1,1,15.0,3,0,3,3.0,0,3.0,1,6.0,0,3,0,0.0,1,17377.0,5792.33,9.0,3.0,1,0
29.0,0,3,11.0,3,1,3,4.0,1,3.0,1,3.0,0,1,0,1.0,2,22899.0,7633.0,4.0,4.0,0,0
27.0,1,3,35.0,3,1,4,4.0,1,4.0,1,3.0,0,3,0,1.0,2,24950.0,6237.5,12.0,5.0,0,0
43.0,1,1,7.0,2,0,3,5.0,1,3.0,0,2.0,1,3,0,2.0,2,24740.0,8246.67,15.0,5.0,0,0
42.0,1,3,30.0,2,1,4,4.0,3,3.0,2,5.0,1,3,0,3.0,3,25760.0,6440.0,12.0,7.0,1,0
20.0,1,1,17.0,3,0,3,4.0,0,5.0,2,2.0,1,3,0,1.0,1,17600.0,5866.67,12.0,4.0,0,1
31.0,1,3,36.0,2,1,4,4.0,1,5.0,1,2.0,0,1,1,1.0,2,22793.0,5698.25,4.0,5.0,0,0
55.0,1,1,20.0,3,1,3,1.0,2,4.0,2,1.0,0,1,1,1.0,4,33722.0,11240.67,1.0,4.0,0,0
32.0,1,1,18.0,3,1,4,4.0,1,5.0,1,3.0,1,1,1,2.0,2,25511.0,6377.75,4.0,6.0,0,0
61.0,0,3,35.0,3,0,4,5.0,3,5.0,0,6.0,0,2,1,1.0,3,28944.0,7236.0,10.0,5.0,1,0
39.0,1,1,36.0,1,1,3,4.0,1,3.0,0,5.0,0,2,0,2.0,2,24939.0,8313.0,8.0,5.0,1,0
30.0,0,3,27.0,1,0,3,4.0,0,3.0,1,3.0,0,3,0,2.0,1,20835.0,6945.0,12.0,5.0,0,0
36.0,1,1,14.0,2,1,3,4.0,3,3.0,2,5.0,0,3,0,1.0,3,28899.0,9633.0,12.0,4.0,1,0
54.0,1,1,23.0,1,0,2,3.0,3,3.0,1,1.0,0,5,0,0.0,3,25739.0,12869.5,15.0,2.0,0,0
35.0,1,1,6.0,3,1,3,4.0,0,5.0,2,2.0,0,1,0,2.0,1,17450.0,5816.67,4.0,5.0,0,0
32.0,1,1,18.0,2,1,3,4.0,0,3.0,1,5.0,1,3,0,1.0,1,21034.0,7011.33,12.0,4.0,1,0
40.0,0,1,16.0,2,1,4,4.0,1,4.0,2,22.0,0,2,1,1.0,2,25460.0,6365.0,8.0,5.0,1,0
29.0,0,3,11.0,3,1,3,4.0,1,3.0,0,3.0,0,2,1,1.0,2,22899.0,7633.0,8.0,4.0,0,0
33.0,0,1,31.0,2,1,4,4.0,1,3.0,1,3.0,0,4,1,3.0,2,23987.0,5996.75,16.0,7.0,0,0
30.0,0,1,6.0,2,1,2,4.0,3,3.0,2,2.0,0,5,1,1.0,3,23474.0,11737.0,20.0,3.0,0,0
27.0,1,1,10.0,2,1,3,3.0,0,3.0,1,2.0,0,4,1,1.0,1,17517.0,5839.0,12.0,4.0,0,0
34.0,0,1,13.0,2,1,3,5.0,1,3.0,2,2.0,1,5,1,1.0,2,21074.0,7024.67,25.0,4.0,0,1
27.0,1,1,15.0,3,0,2,3.0,0,4.0,2,2.0,0,3,1,0.0,1,17279.0,8639.5,9.0,2.0,0,0
37.0,0,1,25.0,3,0,4,4.0,0,3.0,2,3.0,0,3,0,2.0,1,20831.0,5207.75,12.0,6.0,0,0
32.0,1,2,15.0,3,0,4,2.0,0,4.0,2,2.0,0,1,0,3.0,1,20787.0,5196.75,2.0,7.0,0,0
49.0,1,1,22.0,2,0,4,4.0,0,5.0,1,2.0,0,1,1,1.0,1,21045.0,5261.25,4.0,5.0,0,0
54.0,1,3,7.0,3,0,3,4.0,1,5.0,2,2.0,0,2,1,2.0,2,27059.0,9019.67,8.0,5.0,0,0
52.0,1,1,10.0,1,0,3,4.0,3,3.0,1,4.0,0,4,1,2.0,3,31794.0,10598.0,16.0,5.0,1,0
29.0,1,1,16.0,3,1,4,4.0,0,3.0,0,3.0,0,2,1,2.0,1,20748.0,5187.0,8.0,6.0,0,0
35.0,1,1,7.0,2,1,3,4.0,0,3.0,1,3.0,0,3,1,2.0,1,21369.0,7123.0,12.0,5.0,0,0
41.0,1,3,12.0,2,0,3,3.0,3,3.0,2,4.0,1,1,0,0.0,3,28591.0,9530.33,3.0,3.0,1,0
27.0,0,3,6.0,3,1,3,3.0,1,4.0,1,1.0,1,1,0,1.0,2,21349.0,7116.33,3.0,4.0,0,0
33.0,1,3,14.0,3,1,2,3.0,1,3.0,1,1.0,0,2,1,1.0,2,22104.0,11052.0,6.0,3.0,0,0
36.0,1,1,23.0,3,1,3,3.0,0,4.0,0,2.0,0,3,1,2.0,1,21104.0,7034.67,9.0,5.0,0,0
54.0,1,3,9.0,2,0,4,5.0,4,3.0,1,4.0,0,3,0,1.0,0,34105.0,8526.25,15.0,5.0,1,0
42.0,1,3,7.0,3,1,3,3.0,3,5.0,0,3.0,0,3,1,2.0,3,27070.0,9023.33,9.0,5.0,0,0
40.0,0,1,7.0,2,1,4,4.0,1,3.0,1,3.0,1,5,1,3.0,2,25150.0,6287.5,20.0,7.0,0,0
33.0,1,1,11.0,2,0,3,4.0,0,3.0,1,2.0,0,1,0,0.0,1,17911.0,5970.33,4.0,3.0,0,0
50.0,1,3,15.0,1,1,3,5.0,4,4.0,0,8.0,0,4,1,1.0,0,31798.0,10599.33,20.0,4.0,1,0
30.0,1,3,18.0,1,0,2,3.0,1,3.0,2,1.0,0,2,1,0.0,2,21577.0,10788.5,6.0,2.0,0,0
52.0,1,1,7.0,2,1,4,4.0,0,3.0,0,3.0,0,4,1,1.0,1,21401.0,5350.25,16.0,5.0,0,0
39.0,1,1,7.0,2,0,3,4.0,3,3.0,2,6.0,1,2,0,2.0,3,26539.0,8846.33,8.0,5.0,1,0
48.0,0,3,34.0,2,0,4,2.0,1,3.0,2,6.0,1,4,1,3.0,2,25075.0,6268.75,8.0,7.0,1,1
34.0,0,1,12.0,2,0,4,4.0,3,4.0,0,8.0,0,3,1,3.0,3,30556.0,7639.0,12.0,7.0,1,0
32.0,1,3,13.0,2,1,4,6.0,1,3.0,0,6.0,1,3,1,2.0,2,24850.0,6212.5,18.0,6.0,1,1
28.0,0,1,15.0,2,1,3,6.0,0,3.0,1,3.0,0,1,1,2.0,1,23299.0,7766.33,6.0,5.0,0,0
52.0,1,1,16.0,2,1,4,4.0,0,3.0,0,5.0,0,3,1,1.0,1,20753.0,5188.25,12.0,5.0,1,0
45.0,1,1,6.0,2,1,3,2.0,2,3.0,0,1.0,0,4,1,2.0,4,34202.0,11400.67,8.0,5.0,0,0
28.0,1,3,30.0,3,0,3,5.0,1,3.0,1,3.0,0,1,1,2.0,2,22218.0,7406.0,5.0,5.0,0,0
31.0,1,1,29.0,3,1,3,4.0,1,3.0,0,1.0,0,3,1,1.0,2,20582.0,6860.67,12.0,4.0,0,0
35.0,0,1,17.0,3,1,3,4.0,0,3.0,1,3.0,1,3,1,1.0,1,22493.0,7497.67,12.0,4.0,0,0
44.0,1,1,16.0,2,1,2,3.0,1,3.0,1,3.0,1,3,0,1.0,2,21465.0,10732.5,9.0,3.0,0,0
45.0,1,1,8.0,2,0,3,4.0,0,3.0,2,2.0,0,3,1,1.0,1,17274.0,5758.0,12.0,4.0,0,0
44.0,0,1,28.0,3,1,4,4.0,0,3.0,1,2.0,0,4,1,3.0,1,20936.0,5234.0,16.0,7.0,0,0
40.0,0,3,11.0,2,1,2,4.0,3,5.0,1,6.0,1,5,0,0.0,3,25475.0,12737.5,20.0,2.0,1,0
47.0,0,1,35.0,2,1,2,3.0,3,4.0,1,2.0,1,3,1,0.0,3,26849.0,13424.5,9.0,2.0,0,1
52.0,1,1,14.0,2,0,2,3.0,0,5.0,0,1.0,0,1,1,1.0,1,17950.0,8975.0,3.0,3.0,0,0
34.0,1,1,16.0,3,1,3,4.0,0,3.0,1,2.0,0,1,0,2.0,1,21459.0,7153.0,4.0,5.0,0,0
35.0,1,3,22.0,3,1,3,3.0,3,4.0,0,1.0,0,2,1,2.0,3,23020.0,7673.33,6.0,5.0,0,0
25.0,0,1,9.0,1,0,3,4.0,0,3.0,2,3.0,1,3,1,2.0,1,22438.0,7479.33,12.0,5.0,0,0
32.0,0,1,7.0,2,1,3,6.0,1,5.0,1,3.0,0,1,1,2.0,2,23681.0,7893.67,6.0,5.0,0,0
41.0,1,1,20.0,2,1,2,3.0,0,3.0,1,5.0,0,4,1,1.0,1,17451.0,8725.5,12.0,3.0,1,0
54.0,1,3,8.0,2,0,2,4.0,3,3.0,1,7.0,0,5,1,1.0,3,25686.0,12843.0,20.0,3.0,1,0
32.0,1,1,16.0,2,1,3,4.0,3,4.0,1,3.0,0,3,1,2.0,3,29326.0,9775.33,12.0,5.0,0,0
51.0,0,3,19.0,3,0,4,4.0,3,3.0,2,6.0,0,5,1,3.0,3,27886.0,6971.5,20.0,7.0,1,0
30.0,1,1,14.0,2,0,3,1.0,3,5.0,0,1.0,1,2,0,2.0,3,26416.0,8805.33,2.0,5.0,0,0
19.0,0,1,7.0,2,0,4,4.0,0,3.0,2,3.0,0,5,1,2.0,1,20289.0,5072.25,20.0,6.0,0,0
24.0,1,3,9.0,1,1,4,4.0,0,5.0,1,5.0,0,3,1,2.0,1,21000.0,5250.0,12.0,6.0,1,0
34.0,1,1,14.0,3,1,3,4.0,3,3.0,1,2.0,0,4,1,1.0,3,30369.0,10123.0,16.0,4.0,0,0
31.0,0,1,30.0,1,0,1,3.0,1,3.0,2,3.0,0,1,1,0.0,2,20238.0,20238.0,3.0,1.0,0,0
44.0,1,1,9.0,3,0,4,2.0,0,3.0,1,3.0,0,1,1,3.0,1,21323.0,5330.75,2.0,7.0,0,0
31.0,0,1,10.0,2,1,3,4.0,0,3.0,0,6.0,0,3,0,2.0,1,20775.0,6925.0,12.0,5.0,1,0
38.0,0,1,9.0,2,1,2,3.0,0,3.0,1,4.0,0,3,1,0.0,1,17821.0,8910.5,9.0,2.0,1,0
58.0,1,1,27.0,3,0,3,3.0,1,4.0,1,5.0,0,3,1,1.0,2,25008.0,8336.0,9.0,4.0,1,1
35.0,1,3,16.0,3,1,3,4.0,3,3.0,1,6.0,0,3,1,2.0,3,23168.0,7722.67,12.0,5.0,1,1
31.0,0,1,10.0,2,1,3,4.0,0,3.0,1,6.0,0,3,1,1.0,1,20775.0,6925.0,12.0,4.0,1,0
36.0,1,1,11.0,2,1,4,4.0,0,3.0,1,3.0,0,4,1,2.0,1,20629.0,5157.25,16.0,6.0,0,0
41.0,0,1,8.0,2,0,3,4.0,1,3.0,2,3.0,1,1,0,0.0,2,21811.0,7270.33,4.0,3.0,0,0
21.0,1,3,13.0,3,1,2,3.0,0,4.0,2,2.0,0,5,1,1.0,1,17679.0,8839.5,15.0,3.0,0,1
33.0,1,1,6.0,2,1,3,3.0,0,3.0,2,2.0,1,3,1,0.0,1,17686.0,5895.33,9.0,3.0,0,1
40.0,1,1,8.0,3,0,2,4.0,0,3.0,2,1.0,1,3,0,0.0,1,17342.0,8671.0,12.0,2.0,0,0
57.0,1,1,14.0,2,1,3,6.0,3,3.0,2,6.0,0,2,0,1.0,3,25938.0,8646.0,12.0,4.0,1,0
58.0,0,3,8.0,3,1,2,3.0,4,4.0,1,5.0,0,4,1,0.0,0,17705.0,8852.5,12.0,2.0,1,0
43.0,0,1,9.0,3,1,3,4.0,0,3.0,2,7.0,1,2,0,2.0,1,21193.0,7064.33,8.0,5.0,1,0
51.0,0,1,6.0,3,0,1,4.0,3,5.0,2,4.0,0,1,1,0.0,3,22484.0,22484.0,4.0,1.0,1,0
47.0,1,3,8.0,2,0,3,4.0,0,3.0,2,2.0,1,1,0,0.0,1,18294.0,6098.0,4.0,3.0,0,0
46.0,0,1,24.0,3,0,2,3.0,3,3.0,0,6.0,0,3,1,0.0,3,25527.0,12763.5,9.0,2.0,1,0
22.0,1,1,7.0,1,0,4,5.0,0,4.0,2,3.0,1,5,0,3.0,1,20748.0,5187.0,25.0,7.0,0,0
50.0,1,1,16.0,1,1,3,4.0,3,3.0,2,7.0,0,5,1,1.0,3,25496.0,8498.67,20.0,4.0,1,0
37.0,1,3,17.0,1,0,4,5.0,1,3.0,1,3.0,1,1,1,3.0,2,24351.0,6087.75,5.0,7.0,0,0
35.0,1,1,7.0,2,0,4,2.0,0,3.0,2,4.0,0,2,0,1.0,1,21958.0,5489.5,4.0,5.0,1,0
39.0,1,3,7.0,2,0,3,5.0,1,3.0,2,6.0,0,1,0,2.0,2,27364.0,9121.33,5.0,5.0,1,0
36.0,1,1,32.0,2,1,3,3.0,1,3.0,1,7.0,0,3,1,0.0,2,20347.0,6782.33,9.0,3.0,1,0
26.0,1,1,27.0,3,1,2,3.0,0,3.0,1,2.0,0,5,1,0.0,1,17377.0,8688.5,15.0,2.0,0,1
35.0,0,1,23.0,2,0,4,5.0,0,3.0,2,3.0,0,5,1,3.0,1,21231.0,5307.75,25.0,7.0,0,0
33.0,1,1,21.0,3,1,2,3.0,3,3.0,0,1.0,1,5,0,0.0,3,28610.0,14305.0,15.0,2.0,0,1
37.0,1,3,16.0,2,1,3,5.0,1,5.0,2,2.0,0,2,0,1.0,2,22085.0,7361.67,10.0,4.0,0,1
18.0,0,1,14.0,3,1,3,3.0,0,3.0,2,2.0,0,5,1,0.0,1,16904.0,5634.67,15.0,3.0,0,1
38.0,1,3,16.0,2,0,3,3.0,1,3.0,1,2.0,0,4,0,2.0,2,20343.0,6781.0,12.0,5.0,0,0
32.0,1,1,16.0,2,1,3,5.0,0,4.0,2,2.0,1,3,1,1.0,1,21335.0,7111.67,15.0,4.0,0,0
33.0,0,3,12.0,2,1,3,4.0,1,4.0,0,3.0,0,3,1,2.0,2,25202.0,8400.67,12.0,5.0,0,0
34.0,1,1,21.0,3,1,3,4.0,0,3.0,0,7.0,1,2,0,2.0,1,21114.0,7038.0,8.0,5.0,1,1
33.0,0,3,11.0,2,1,3,3.0,1,3.0,0,7.0,0,1,1,2.0,2,24998.0,8332.67,3.0,5.0,1,0
45.0,0,3,8.0,2,0,3,3.0,1,3.0,1,5.0,0,1,1,2.0,2,20154.0,6718.0,3.0,5.0,1,0
40.0,0,3,34.0,2,1,2,5.0,3,5.0,1,4.0,0,5,1,0.0,3,25932.0,12966.0,25.0,2.0,1,0
36.0,1,3,7.0,3,0,4,4.0,1,3.0,2,3.0,0,4,1,1.0,2,23537.0,5884.25,16.0,5.0,0,0
42.0,0,1,27.0,3,0,2,3.0,1,3.0,1,3.0,0,2,0,0.0,2,20265.0,10132.5,6.0,2.0,0,0
23.0,1,1,13.0,3,1,4,4.0,0,3.0,0,2.0,0,2,1,1.0,1,21451.0,5362.75,8.0,5.0,0,0
43.0,0,1,27.0,3,1,3,3.0,0,3.0,0,1.0,0,4,0,2.0,1,17258.0,5752.67,12.0,5.0,0,0
33.0,1,1,14.0,2,1,3,3.0,1,3.0,2,3.0,1,3,0,2.0,2,21388.0,7129.33,9.0,5.0,0,0
37.0,1,1,6.0,1,0,2,3.0,3,3.0,2,5.0,0,5,1,0.0,3,22491.0,11245.5,15.0,2.0,1,0
29.0,0,3,6.0,3,0,2,3.0,3,3.0,1,2.0,0,3,1,1.0,3,22918.0,11459.0,9.0,3.0,0,0
34.0,0,3,12.0,3,0,2,5.0,0,3.0,1,1.0,0,4,0,1.0,1,17351.0,8675.5,20.0,3.0,0,1
42.0,0,1,8.0,3,1,2,3.0,0,3.0,2,6.0,1,1,1,1.0,1,17515.0,8757.5,3.0,3.0,1,0
55.0,1,1,20.0,3,1,3,2.0,2,4.0,2,1.0,0,2,0,2.0,4,33722.0,11240.67,4.0,5.0,0,0
52.0,1,1,8.0,2,0,2,4.0,0,3.0,2,1.0,0,3,0,0.0,1,18212.0,9106.0,12.0,2.0,0,0
32.0,0,1,6.0,2,1,3,3.0,0,3.0,1,1.0,0,5,1,0.0,1,17314.0,5771.33,15.0,3.0,0,0
38.0,1,1,17.0,3,0,4,4.0,0,5.0,0,8.0,0,2,1,2.0,1,22130.0,5532.5,8.0,6.0,1,0
38.0,1,3,20.0,2,1,3,3.0,1,4.0,1,1.0,0,5,1,2.0,2,24924.0,8308.0,15.0,5.0,0,0
39.0,0,1,13.0,3,0,4,6.0,1,3.0,1,2.0,1,1,0,3.0,2,24007.0,6001.75,6.0,7.0,0,0
38.0,0,1,9.0,2,1,4,5.0,1,3.0,1,7.0,0,1,1,3.0,2,23841.0,5960.25,5.0,7.0,1,0
36.0,1,1,16.0,2,1,4,5.0,1,4.0,2,2.0,0,1,0,2.0,2,25218.0,6304.5,5.0,6.0,0,0
46.0,1,1,9.0,2,0,4,5.0,0,3.0,2,3.0,0,3,1,2.0,1,20952.0,5238.0,15.0,6.0,0,0
38.0,1,1,14.0,3,1,4,4.0,1,5.0,1,7.0,1,3,0,1.0,2,22962.0,5740.5,12.0,5.0,1,0
39.0,0,1,15.0,2,1,3,3.0,1,4.0,2,21.0,0,2,1,0.0,2,21782.0,7260.67,6.0,3.0,1,0
40.0,1,3,28.0,3,1,3,4.0,1,3.0,0,3.0,1,3,1,1.0,2,21380.0,7126.67,12.0,4.0,0,1
34.0,0,1,7.0,2,0,4,4.0,3,3.0,2,3.0,1,2,1,1.0,3,32136.0,8034.0,8.0,5.0,0,0
41.0,1,3,21.0,2,0,3,4.0,1,5.0,1,3.0,0,3,0,2.0,2,23317.0,7772.33,12.0,5.0,0,0
34.0,1,3,16.0,2,0,2,3.0,0,3.0,0,2.0,1,2,0,1.0,1,17220.0,8610.0,6.0,3.0,0,0
26.0,1,3,11.0,2,0,3,5.0,1,3.0,2,3.0,1,2,0,2.0,2,23165.0,7721.67,10.0,5.0,0,0
37.0,0,1,11.0,2,0,4,4.0,1,4.0,1,2.0,0,3,1,2.0,2,23809.0,5952.25,12.0,6.0,0,0
50.0,0,1,15.0,2,1,4,5.0,1,4.0,1,3.0,0,1,0,1.0,2,23808.0,5952.0,5.0,5.0,0,0
45.0,1,1,6.0,3,0,3,3.0,0,3.0,1,4.0,0,5,0,1.0,1,17270.0,5756.67,15.0,4.0,1,0
36.0,0,1,15.0,2,0,3,4.0,1,3.0,1,3.0,0,5,1,2.0,2,22826.0,7608.67,20.0,5.0,0,0
53.0,1,3,6.0,3,0,2,3.0,1,5.0,2,1.0,0,2,1,1.0,2,23381.0,11690.5,6.0,3.0,0,0
33.0,1,3,31.0,3,1,2,4.0,3,4.0,2,3.0,1,5,1,0.0,3,23380.0,11690.0,20.0,2.0,0,1
41.0,1,1,7.0,2,0,3,4.0,1,3.0,1,6.0,0,3,0,2.0,2,25191.0,8397.0,12.0,5.0,1,0
55.0,1,3,32.0,3,1,2,4.0,2,3.0,1,2.0,0,3,1,1.0,4,34586.0,17293.0,12.0,3.0,0,0
28.0,1,1,15.0,3,0,4,4.0,0,3.0,2,3.0,0,4,1,3.0,1,22123.0,5530.75,16.0,7.0,0,0
35.0,1,1,10.0,2,0,4,4.0,1,4.0,1,3.0,0,5,1,3.0,2,24111.0,6027.75,20.0,7.0,0,0
41.0,0,1,33.0,3,0,3,4.0,1,4.0,1,3.0,0,2,1,1.0,2,24283.0,8094.33,8.0,4.0,0,0
30.0,1,1,14.0,2,1,3,4.0,0,5.0,2,5.0,0,4,0,1.0,1,20740.0,6913.33,16.0,4.0,1,0
41.0,1,3,8.0,2,0,3,3.0,4,5.0,1,1.0,0,5,1,2.0,0,31595.0,10531.67,15.0,5.0,0,0
36.0,1,1,16.0,2,1,4,5.0,1,4.0,2,2.0,0,2,1,3.0,2,25218.0,6304.5,10.0,7.0,0,0
40.0,1,1,19.0,3,1,4,4.0,1,4.0,1,6.0,0,3,1,2.0,2,23973.0,5993.25,12.0,6.0,1,0
36.0,1,3,22.0,3,1,3,6.0,1,3.0,1,8.0,1,1,1,2.0,2,24118.0,8039.33,6.0,5.0,1,1
46.0,1,3,9.0,1,0,2,1.0,4,5.0,1,3.0,0,3,1,0.0,0,28225.0,14112.5,3.0,2.0,0,0
32.0,1,3,16.0,3,1,2,3.0,1,3.0,2,2.0,0,4,1,1.0,2,20396.0,10198.0,12.0,3.0,0,0
31.0,1,1,15.0,2,1,2,3.0,3,4.0,1,2.0,0,3,1,1.0,3,25648.0,12824.0,9.0,3.0,0,0
45.0,1,1,13.0,2,1,2,3.0,3,5.0,1,3.0,0,3,1,1.0,3,24724.0,12362.0,9.0,3.0,0,0
36.0,1,1,8.0,2,0,2,3.0,1,4.0,2,1.0,1,3,1,0.0,2,20410.0,10205.0,9.0,2.0,0,0
39.0,1,1,7.0,2,0,3,3.0,1,3.0,2,2.0,0,2,1,2.0,2,26303.0,8767.67,6.0,5.0,0,0
29.0,1,1,21.0,2,0,3,5.0,0,3.0,0,1.0,1,5,1,0.0,1,17168.0,5722.67,25.0,3.0,0,0
36.0,1,1,23.0,2,0,4,5.0,3,4.0,2,3.0,0,1,1,3.0,3,27284.0,6821.0,5.0,7.0,0,0
43.0,1,1,25.0,2,1,3,4.0,1,5.0,1,8.0,1,1,0,1.0,2,24088.0,8029.33,4.0,4.0,1,0
36.0,1,3,19.0,3,1,3,4.0,1,5.0,1,6.0,1,1,1,0.0,2,21134.0,7044.67,4.0,3.0,1,1
36.0,0,3,6.0,3,0,2,3.0,1,3.0,2,5.0,0,2,1,1.0,2,21653.0,10826.5,6.0,3.0,1,0
36.0,1,1,17.0,2,1,3,4.0,0,3.0,1,3.0,0,5,0,1.0,1,22595.0,7531.67,20.0,4.0,0,0
47.0,0,1,20.0,1,1,3,3.0,1,4.0,1,1.0,0,3,0,2.0,2,20467.0,6822.33,9.0,5.0,0,0
41.0,0,3,12.0,2,1,3,5.0,3,5.0,1,7.0,1,5,0,1.0,3,29153.0,9717.67,25.0,4.0,1,0
35.0,0,1,10.0,2,1,3,4.0,1,3.0,2,2.0,0,1,1,1.0,2,26434.0,8811.33,4.0,4.0,0,0
28.0,1,1,30.0,2,1,2,4.0,0,3.0,2,6.0,1,2,0,0.0,1,17028.0,8514.0,8.0,2.0,1,1
31.0,0,3,8.0,2,0,2,3.0,3,3.0,1,2.0,1,1,1,0.0,3,24852.0,12426.0,3.0,2.0,0,0
39.0,1,3,7.0,2,1,3,4.0,1,4.0,1,2.0,0,4,1,2.0,2,23118.0,7706.0,16.0,5.0,0,0
39.0,1,3,10.0,2,0,2,4.0,1,3.0,0,5.0,0,5,1,0.0,2,20902.0,10451.0,20.0,2.0,1,0
28.0,1,1,18.0,2,1,4,4.0,0,5.0,0,2.0,0,5,1,3.0,1,20777.0,5194.25,20.0,7.0,0,0
54.0,1,1,9.0,2,1,2,3.0,4,3.0,0,4.0,0,5,1,1.0,0,32779.0,16389.5,15.0,3.0,1,0
42.0,0,1,11.0,2,1,3,3.0,0,3.0,1,5.0,0,3,0,1.0,1,17093.0,5697.67,9.0,4.0,1,0
42.0,0,1,9.0,2,0,4,5.0,1,3.0,2,4.0,1,2,0,1.0,2,25489.0,6372.25,10.0,5.0,1,0
36.0,1,1,6.0,1,0,3,5.0,3,5.0,1,3.0,1,2,1,2.0,3,25252.0,8417.33,10.0,5.0,0,0
31.0,0,1,16.0,3,1,4,4.0,1,5.0,1,3.0,0,1,1,2.0,2,21750.0,5437.5,4.0,6.0,0,0
46.0,0,3,16.0,2,0,4,5.0,1,3.0,0,3.0,0,3,0,1.0,2,24271.0,6067.75,15.0,5.0,0,0
38.0,1,1,35.0,1,1,2,3.0,1,3.0,0,4.0,0,2,0,1.0,2,21261.0,10630.5,6.0,3.0,1,0
36.0,1,1,7.0,3,1,3,5.0,0,3.0,0,8.0,0,2,1,2.0,1,20936.0,6978.67,10.0,5.0,1,0
28.0,1,1,27.0,3,1,2,3.0,0,3.0,0,2.0,0,2,0,0.0,1,17713.0,8856.5,6.0,2.0,0,0
24.0,1,1,23.0,2,1,3,4.0,0,4.0,1,2.0,0,3,1,1.0,1,17127.0,5709.0,12.0,4.0,0,0
29.0,1,1,6.0,2,1,2,3.0,1,5.0,1,1.0,0,3,1,0.0,2,20373.0,10186.5,9.0,2.0,0,0
41.0,1,3,33.0,3,1,4,4.0,1,5.0,1,3.0,0,1,1,3.0,2,27074.0,6768.5,4.0,7.0,0,0
27.0,1,1,24.0,3,1,4,6.0,0,3.0,1,3.0,0,3,0,3.0,1,20983.0,5245.75,18.0,7.0,0,0
28.0,0,3,7.0,3,1,4,4.0,1,4.0,0,2.0,1,2,0,3.0,2,25027.0,6256.75,8.0,7.0,0,0
28.0,1,1,11.0,2,0,4,4.0,0,3.0,2,3.0,0,2,1,2.0,1,20996.0,5249.0,8.0,6.0,0,0
47.0,0,1,25.0,3,0,3,4.0,3,3.0,1,7.0,0,3,0,2.0,3,29205.0,9735.0,12.0,5.0,1,0
36.0,1,1,20.0,2,1,3,3.0,1,3.0,0,1.0,1,5,1,2.0,2,21586.0,7195.33,15.0,5.0,0,0
32.0,1,1,14.0,3,0,3,1.0,1,3.0,0,6.0,0,3,1,2.0,2,20175.0,6725.0,3.0,5.0,1,0
52.0,1,1,8.0,2,0,2,4.0,0,3.0,2,1.0,0,3,1,0.0,1,18212.0,9106.0,12.0,2.0,0,0
53.0,1,1,13.0,1,1,4,4.0,1,5.0,1,5.0,1,4,1,2.0,2,24255.0,6063.75,16.0,6.0,1,0
29.0,0,3,19.0,1,0,2,3.0,1,4.0,2,6.0,0,3,0,1.0,2,20765.0,10382.5,9.0,3.0,1,1
33.0,1,1,11.0,2,0,3,4.0,0,3.0,0,2.0,0,2,0,2.0,1,17911.0,5970.33,8.0,5.0,0,0
35.0,1,3,9.0,2,1,3,3.0,3,3.0,1,7.0,0,5,0,1.0,3,22823.0,7607.67,15.0,4.0,1,0
39.0,1,2,9.0,2,0,2,2.0,1,4.0,0,1.0,0,2,1,0.0,2,21389.0,10694.5,4.0,2.0,0,0
21.0,1,1,16.0,2,0,2,4.0,0,5.0,2,2.0,0,3,1,0.0,1,16416.0,8208.0,12.0,2.0,0,1
40.0,0,1,22.0,3,1,2,4.0,1,3.0,2,7.0,0,5,1,1.0,2,20094.0,10047.0,20.0,3.0,1,0
30.0,1,1,15.0,3,1,2,4.0,0,3.0,2,2.0,0,4,0,1.0,1,17206.0,8603.0,16.0,3.0,0,0
32.0,1,3,12.0,2,0,4,4.0,1,3.0,1,3.0,0,1,0,3.0,2,24154.0,6038.5,4.0,7.0,0,0
43.0,0,3,32.0,2,1,3,3.0,4,3.0,0,2.0,1,2,0,0.0,0,31959.0,10653.0,6.0,3.0,0,0
30.0,1,1,7.0,1,1,3,4.0,0,3.0,2,2.0,0,1,0,1.0,1,20736.0,6912.0,4.0,4.0,0,1
46.0,0,3,13.0,3,0,3,5.0,3,3.0,2,8.0,0,4,1,1.0,3,27543.0,9181.0,20.0,4.0,1,0
33.0,0,1,7.0,2,1,4,4.0,0,3.0,1,2.0,0,5,0,1.0,1,20992.0,5248.0,20.0,5.0,0,0
49.0,1,1,11.0,1,1,3,3.0,1,3.0,0,3.0,0,3,0,0.0,2,21651.0,7217.0,9.0,3.0,0,0
37.0,1,1,8.0,1,0,4,6.0,3,5.0,1,4.0,1,1,1,1.0,3,28930.0,7232.5,6.0,5.0,1,0
28.0,0,1,12.0,2,1,2,4.0,0,3.0,1,2.0,1,4,1,0.0,1,17703.0,8851.5,16.0,2.0,0,0
34.0,1,1,8.0,2,1,3,4.0,0,3.0,1,4.0,0,5,1,2.0,1,17768.0,5922.67,20.0,5.0,1,0
35.0,1,3,22.0,3,1,3,3.0,3,4.0,1,1.0,0,1,1,1.0,3,23020.0,7673.33,3.0,4.0,0,0
39.0,0,1,30.0,2,1,3,5.0,3,3.0,2,2.0,0,3,1,1.0,3,28204.0,9401.33,15.0,4.0,0,0
51.0,0,1,12.0,3,0,2,4.0,0,3.0,2,1.0,0,5,1,1.0,1,17838.0,8919.0,20.0,3.0,0,0
47.0,0,1,14.0,3,0,2,4.0,1,3.0,1,4.0,0,5,1,1.0,2,23936.0,11968.0,20.0,3.0,1,0
34.0,0,1,7.0,2,0,4,4.0,3,3.0,2,3.0,1,1,1,1.0,3,32136.0,8034.0,4.0,5.0,0,0
26.0,0,1,11.0,3,0,2,4.0,0,3.0,0,2.0,1,2,0,1.0,1,17366.0,8683.0,8.0,3.0,0,1
34.0,0,1,10.0,2,1,4,4.0,0,5.0,2,3.0,1,5,1,1.0,1,22026.0,5506.5,20.0,5.0,0,1
39.0,1,2,7.0,2,1,3,2.0,0,3.0,0,3.0,0,4,1,1.0,1,21522.0,7174.0,8.0,4.0,0,0
37.0,0,1,30.0,3,1,3,2.0,1,3.0,1,6.0,0,3,0,1.0,2,21249.0,7083.0,6.0,4.0,1,0
47.0,0,3,9.0,3,0,2,3.0,4,3.0,1,1.0,1,5,1,1.0,0,28770.0,14385.0,15.0,3.0,0,0
32.0,1,3,13.0,2,1,4,6.0,1,3.0,1,6.0,1,3,0,3.0,2,24850.0,6212.5,18.0,7.0,1,1
20.0,0,3,7.0,1,0,4,6.0,0,5.0,2,2.0,0,3,1,1.0,1,21003.0,5250.75,18.0,5.0,0,1
51.0,0,1,6.0,3,0,1,4.0,3,5.0,2,4.0,0,2,1,0.0,3,22484.0,22484.0,8.0,1.0,1,0
37.0,1,3,12.0,3,1,3,3.0,1,3.0,1,5.0,0,3,1,0.0,2,21502.0,7167.33,9.0,3.0,1,0
34.0,1,3,23.0,3,0,4,4.0,1,5.0,2,7.0,0,3,1,1.0,2,24002.0,6000.5,12.0,5.0,1,1
52.0,1,3,28.0,3,1,4,4.0,1,3.0,2,2.0,1,5,1,2.0,2,24119.0,6029.75,20.0,6.0,0,0
43.0,0,1,9.0,2,1,3,4.0,3,3.0,1,4.0,1,3,1,1.0,3,28802.0,9600.67,12.0,4.0,1,0
31.0,0,3,26.0,3,0,2,3.0,1,3.0,0,2.0,0,2,1,0.0,2,21932.0,10966.0,6.0,2.0,0,0
45.0,1,1,15.0,2,1,2,3.0,1,4.0,1,1.0,0,4,1,0.0,2,17348.0,8674.0,12.0,2.0,0,0
28.0,1,1,6.0,2,1,2,3.0,0,3.0,1,2.0,0,1,0,0.0,1,17044.0,8522.0,3.0,2.0,0,0
43.0,1,1,36.0,3,1,3,6.0,1,3.0,2,6.0,0,3,1,1.0,2,22950.0,7650.0,18.0,4.0,1,0
42.0,1,1,14.0,3,0,3,4.0,1,3.0,2,8.0,0,3,1,2.0,2,23681.0,7893.67,12.0,5.0,1,0
32.0,1,1,14.0,2,1,3,4.0,1,3.0,1,5.0,0,3,0,2.0,2,24593.0,8197.67,12.0,5.0,1,0
50.0,1,1,10.0,3,0,3,5.0,1,5.0,0,6.0,0,3,1,2.0,2,23467.0,7822.33,15.0,5.0,1,0
45.0,1,1,9.0,2,0,4,2.0,0,3.0,1,3.0,0,4,1,3.0,1,20689.0,5172.25,8.0,7.0,0,0
45.0,1,3,15.0,3,1,3,3.0,3,5.0,1,5.0,1,1,0,0.0,3,25761.0,8587.0,3.0,3.0,1,0
45.0,0,1,8.0,3,1,3,4.0,4,3.0,1,1.0,0,4,1,2.0,0,31792.0,10597.33,16.0,5.0,0,0
43.0,0,1,30.0,2,1,3,5.0,1,3.0,2,3.0,0,3,1,2.0,2,23010.0,7670.0,15.0,5.0,0,0
39.0,0,1,30.0,2,1,3,5.0,3,3.0,2,2.0,0,3,0,1.0,3,28204.0,9401.33,15.0,4.0,0,0
31.0,1,1,30.0,3,0,3,4.0,1,5.0,2,2.0,0,5,0,2.0,2,21812.0,7270.67,20.0,5.0,0,0
34.0,1,3,9.0,3,1,4,4.0,1,3.0,1,3.0,0,3,1,2.0,2,24183.0,6045.75,12.0,6.0,0,0
52.0,1,1,13.0,2,1,2,3.0,3,4.0,2,1.0,0,3,1,1.0,3,25445.0,12722.5,9.0,3.0,0,0
31.0,1,3,14.0,2,1,2,3.0,3,3.0,1,2.0,0,3,1,0.0,3,25793.0,12896.5,9.0,2.0,0,0
22.0,0,3,16.0,3,1,3,4.0,0,3.0,2,3.0,0,4,1,1.0,1,21288.0,7096.0,16.0,4.0,0,0
27.0,0,1,11.0,2,0,2,3.0,0,3.0,2,1.0,1,1,1,1.0,1,17379.0,8689.5,3.0,3.0,0,0
40.0,1,3,11.0,2,0,3,5.0,1,3.0,0,6.0,0,5,1,1.0,2,24580.0,8193.33,25.0,4.0,1,0
42.0,0,3,17.0,3,1,3,6.0,1,4.0,2,3.0,0,1,1,1.0,2,24829.0,8276.33,6.0,4.0,0,0
31.0,1,3,36.0,2,1,4,4.0,1,5.0,1,2.0,0,2,1,2.0,2,22793.0,5698.25,8.0,6.0,0,0
30.0,1,3,16.0,3,1,3,4.0,1,3.0,0,2.0,0,2,1,0.0,2,21578.0,7192.67,8.0,3.0,0,0
41.0,1,3,12.0,3,1,2,3.0,3,3.0,2,2.0,0,5,1,0.0,3,24241.0,12120.5,15.0,2.0,0,0
37.0,1,1,11.0,2,1,3,5.0,1,3.0,2,3.0,0,5,1,2.0,2,24488.0,8162.67,25.0,5.0,0,0
30.0,1,3,15.0,3,1,2,3.0,0,3.0,2,2.0,0,5,0,0.0,1,16081.0,8040.5,15.0,2.0,0,1
57.0,1,1,14.0,1,1,4,4.0,0,3.0,1,2.0,0,4,1,3.0,1,21017.0,5254.25,16.0,7.0,0,1
42.0,1,3,14.0,3,1,2,3.0,1,4.0,0,1.0,0,3,0,1.0,2,21825.0,10912.5,9.0,3.0,0,0
43.0,0,1,12.0,2,1,4,4.0,0,3.0,0,6.0,0,3,1,1.0,1,20771.0,5192.75,12.0,5.0,1,0
31.0,1,1,6.0,2,1,3,4.0,0,5.0,0,2.0,0,4,0,0.0,1,17218.0,5739.33,16.0,3.0,0,0
29.0,1,1,9.0,2,1,4,4.0,0,3.0,2,4.0,0,4,0,2.0,1,22163.0,5540.75,16.0,6.0,1,1
31.0,0,3,26.0,2,1,3,1.0,0,3.0,1,1.0,0,5,1,0.0,1,17791.0,5930.33,5.0,3.0,0,0
28.0,0,1,16.0,3,1,3,4.0,0,4.0,1,8.0,0,3,1,2.0,1,20702.0,6900.67,12.0,5.0,1,0
34.0,1,1,11.0,3,0,2,4.0,3,5.0,2,3.0,0,1,1,1.0,3,26631.0,13315.5,4.0,3.0,0,0
36.0,0,3,21.0,3,1,2,5.0,1,3.0,1,2.0,0,1,1,0.0,2,20406.0,10203.0,5.0,2.0,0,0
25.0,1,1,13.0,3,1,3,4.0,0,3.0,0,2.0,0,2,1,2.0,1,17889.0,5963.0,8.0,5.0,0,0
57.0,1,1,6.0,3,1,2,3.0,1,3.0,1,3.0,0,3,0,1.0,2,21755.0,10877.5,9.0,3.0,0,0
36.0,1,2,19.0,2,1,2,3.0,0,4.0,0,5.0,0,3,1,0.0,1,17143.0,8571.5,9.0,2.0,1,0
56.0,0,1,9.0,2,1,4,4.0,3,4.0,0,5.0,0,2,1,2.0,3,29654.0,7413.5,8.0,6.0,1,0
50.0,1,1,14.0,2,1,3,4.0,3,4.0,1,5.0,0,4,0,2.0,3,29144.0,9714.67,16.0,5.0,1,0
36.0,1,1,18.0,3,0,2,4.0,3,3.0,2,1.0,0,1,1,0.0,3,23858.0,11929.0,4.0,2.0,0,0
27.0,0,1,14.0,3,1,4,4.0,0,3.0,2,3.0,0,4,1,3.0,1,21248.0,5312.0,16.0,7.0,0,0
29.0,0,1,16.0,2,0,3,3.0,0,4.0,1,1.0,0,5,0,0.0,1,18291.0,6097.0,15.0,3.0,0,0
21.0,0,3,6.0,1,0,3,4.0,0,4.0,2,2.0,1,5,1,2.0,1,17174.0,5724.67,20.0,5.0,0,1
44.0,1,1,10.0,3,1,2,3.0,1,4.0,2,1.0,0,1,1,1.0,2,20933.0,10466.5,3.0,3.0,0,0
35.0,1,3,7.0,3,1,4,2.0,1,3.0,1,2.0,0,5,0,2.0,2,28403.0,7100.75,10.0,6.0,0,0
58.0,1,1,8.0,2,1,2,3.0,2,4.0,2,1.0,1,3,1,1.0,4,34246.0,17123.0,9.0,3.0,0,1
33.0,1,3,7.0,3,1,4,5.0,0,4.0,1,2.0,0,1,0,3.0,1,20947.0,5236.75,5.0,7.0,0,0
30.0,1,1,7.0,2,1,3,4.0,1,5.0,1,2.0,0,3,1,1.0,2,24051.0,8017.0,12.0,4.0,0,0
28.0,1,1,25.0,3,1,3,4.0,0,5.0,0,2.0,0,3,1,2.0,1,18196.0,6065.33,12.0,5.0,0,0
20.0,1,1,9.0,2,1,2,4.0,0,3.0,2,2.0,0,3,0,1.0,1,18033.0,9016.5,12.0,3.0,0,0
33.0,1,1,32.0,2,1,3,4.0,0,3.0,2,3.0,1,5,0,1.0,1,21473.0,7157.67,20.0,4.0,0,1
48.0,0,3,10.0,3,0,3,4.0,4,3.0,1,2.0,1,5,1,1.0,0,32448.0,10816.0,20.0,4.0,0,0
37.0,1,1,22.0,2,1,3,4.0,1,3.0,1,2.0,0,4,0,2.0,2,23512.0,7837.33,16.0,5.0,0,1
36.0,1,3,24.0,2,1,4,4.0,1,5.0,0,5.0,1,3,1,2.0,2,27644.0,6911.0,12.0,6.0,1,0
44.0,0,1,16.0,2,1,3,4.0,0,3.0,2,6.0,0,3,0,2.0,1,21116.0,7038.67,12.0,5.0,1,0
47.0,0,3,12.0,3,1,4,4.0,1,3.0,2,6.0,1,5,1,2.0,2,24450.0,6112.5,20.0,6.0,1,0
57.0,1,1,15.0,2,0,4,4.0,0,5.0,1,6.0,1,4,1,2.0,1,22935.0,5733.75,16.0,6.0,1,0
45.0,0,1,13.0,2,1,3,3.0,3,5.0,1,2.0,0,1,1,0.0,3,20210.0,6736.67,3.0,3.0,0,0
45.0,1,1,14.0,3,0,3,5.0,3,3.0,1,5.0,0,4,0,1.0,3,28926.0,9642.0,20.0,4.0,1,0
51.0,1,1,35.0,3,1,4,3.0,0,3.0,0,3.0,1,2,1,3.0,1,21899.0,5474.75,6.0,7.0,0,0
50.0,1,1,30.0,2,1,3,3.0,4,3.0,1,4.0,1,4,1,2.0,0,28973.0,9657.67,12.0,5.0,1,0
37.0,0,3,17.0,3,1,3,4.0,3,3.0,2,3.0,0,1,1,2.0,3,28658.0,9552.67,4.0,5.0,0,0
38.0,1,1,6.0,2,0,2,3.0,0,5.0,2,4.0,0,2,1,1.0,1,17619.0,8809.5,6.0,3.0,1,0
46.0,1,1,6.0,3,1,2,3.0,2,3.0,1,1.0,0,5,1,1.0,4,34627.0,17313.5,15.0,3.0,0,0
36.0,1,1,11.0,2,0,2,3.0,3,5.0,1,5.0,0,4,1,1.0,3,23008.0,11504.0,12.0,3.0,1,0
28.0,1,1,24.0,1,1,3,4.0,0,4.0,1,2.0,1,4,0,1.0,1,21736.0,7245.33,16.0,4.0,0,0
46.0,1,1,27.0,3,1,4,4.0,4,3.0,0,2.0,1,3,0,1.0,0,32174.0,8043.5,12.0,5.0,0,0
34.0,0,1,10.0,2,0,3,4.0,0,3.0,1,3.0,1,1,1,2.0,1,21587.0,7195.67,4.0,5.0,0,0
46.0,0,1,11.0,2,1,3,4.0,1,4.0,1,3.0,0,4,1,1.0,2,23125.0,7708.33,16.0,4.0,0,0
58.0,0,1,6.0,2,1,2,5.0,1,3.0,1,3.0,1,2,1,1.0,2,20660.0,10330.0,10.0,3.0,0,0
31.0,1,3,13.0,3,1,3,3.0,1,3.0,1,5.0,0,1,0,0.0,2,22547.0,7515.67,3.0,3.0,1,0
60.0,1,1,9.0,2,0,4,5.0,4,3.0,2,5.0,1,5,0,3.0,0,32404.0,8101.0,25.0,7.0,1,0
38.0,1,1,35.0,3,1,3,3.0,1,5.0,0,1.0,1,3,0,1.0,2,21673.0,7224.33,9.0,4.0,0,1
32.0,1,3,10.0,3,1,2,5.0,3,3.0,1,2.0,0,1,1,0.0,3,25400.0,12700.0,5.0,2.0,0,1
41.0,1,1,9.0,3,0,3,5.0,0,3.0,2,2.0,1,3,1,2.0,1,21020.0,7006.67,15.0,5.0,0,0
46.0,1,1,28.0,3,1,3,3.0,1,3.0,1,2.0,1,5,1,2.0,2,33789.0,11263.0,15.0,5.0,0,1
34.0,0,1,13.0,2,1,3,5.0,1,3.0,2,2.0,1,5,1,0.0,2,21074.0,7024.67,25.0,3.0,0,1
38.0,1,3,15.0,3,1,3,4.0,0,4.0,0,1.0,0,4,0,0.0,1,17899.0,5966.33,16.0,3.0,0,0
33.0,0,1,12.0,2,0,3,2.0,0,3.0,2,5.0,1,1,0,2.0,1,21110.0,7036.67,2.0,5.0,1,1
56.0,0,1,15.0,3,0,3,3.0,0,3.0,1,3.0,0,1,1,0.0,1,17942.0,5980.67,3.0,3.0,0,0
30.0,0,1,13.0,1,1,3,3.0,0,3.0,1,2.0,0,5,0,0.0,1,16274.0,5424.67,15.0,3.0,0,0
49.0,1,1,27.0,3,1,3,4.0,0,3.0,0,6.0,0,2,0,1.0,1,20937.0,6979.0,8.0,4.0,1,0
43.0,1,1,13.0,2,0,2,3.0,3,5.0,0,1.0,0,5,1,0.0,3,24985.0,12492.5,15.0,2.0,0,0
30.0,1,1,35.0,2,0,4,4.0,0,3.0,1,6.0,0,5,0,2.0,1,21192.0,5298.0,20.0,6.0,1,0
34.0,0,3,7.0,2,0,3,3.0,1,5.0,0,4.0,0,3,1,1.0,2,24054.0,8018.0,9.0,4.0,1,0
30.0,1,1,15.0,3,1,2,4.0,0,3.0,2,2.0,0,4,1,1.0,1,17206.0,8603.0,16.0,3.0,0,0
56.0,0,3,12.0,2,0,2,1.0,4,5.0,1,1.0,0,3,1,0.0,0,28212.0,14106.0,3.0,2.0,0,0
35.0,1,1,36.0,3,1,3,4.0,1,3.0,0,6.0,0,3,0,1.0,2,24107.0,8035.67,12.0,4.0,1,0
38.0,1,1,10.0,2,0,3,4.0,1,4.0,2,5.0,0,4,1,1.0,2,22785.0,7595.0,16.0,4.0,1,0
27.0,1,1,9.0,3,1,3,2.0,1,3.0,0,3.0,0,3,1,2.0,2,24150.0,8050.0,6.0,5.0,0,0
25.0,1,1,16.0,3,1,4,2.0,0,3.0,1,3.0,0,1,0,1.0,1,23079.0,5769.75,2.0,5.0,0,0
37.0,1,3,23.0,3,0,4,5.0,1,5.0,0,6.0,0,5,1,1.0,2,24325.0,6081.25,25.0,5.0,1,0
49.0,1,3,14.0,1,1,2,4.0,4,4.0,0,7.0,0,4,1,0.0,0,28120.0,14060.0,16.0,2.0,1,0
23.0,1,1,13.0,3,1,4,4.0,0,3.0,1,2.0,0,1,1,2.0,1,21451.0,5362.75,4.0,6.0,0,0
48.0,1,3,8.0,3,1,2,2.0,1,4.0,0,4.0,0,3,1,0.0,2,23120.0,11560.0,6.0,2.0,1,0
42.0,1,2,8.0,1,1,2,3.0,0,3.0,1,1.0,1,4,1,1.0,1,17696.0,8848.0,12.0,3.0,0,0
28.0,0,1,7.0,1,1,3,5.0,1,5.0,0,7.0,0,3,0,2.0,2,22976.0,7658.67,15.0,5.0,1,0
34.0,1,1,8.0,3,1,3,1.0,0,3.0,1,1.0,1,1,0,1.0,1,17932.0,5977.33,1.0,4.0,0,0
43.0,0,3,33.0,3,0,4,4.0,4,4.0,0,7.0,0,3,1,3.0,0,32203.0,8050.75,12.0,7.0,1,0
49.0,1,1,9.0,1,1,4,2.0,0,4.0,2,7.0,0,2,0,3.0,1,21237.0,5309.25,4.0,7.0,1,0
29.0,0,3,20.0,1,0,3,4.0,1,4.0,2,7.0,0,3,1,1.0,2,22545.0,7515.0,12.0,4.0,1,1
33.0,0,1,6.0,3,1,2,4.0,0,3.0,1,2.0,0,3,0,0.0,1,17008.0,8504.0,12.0,2.0,0,0
34.0,1,3,19.0,3,1,2,3.0,3,3.0,1,2.0,0,1,1,1.0,3,23628.0,11814.0,3.0,3.0,0,0
34.0,1,1,11.0,3,0,3,5.0,0,4.0,1,8.0,0,4,0,2.0,1,21300.0,7100.0,20.0,5.0,1,0
37.0,1,1,15.0,1,0,3,4.0,3,3.0,1,3.0,0,4,1,2.0,3,28774.0,9591.33,16.0,5.0,0,0
46.0,1,3,16.0,3,1,4,4.0,3,5.0,1,6.0,1,1,0,1.0,3,29439.0,7359.75,4.0,5.0,1,0
27.0,1,1,9.0,3,1,3,2.0,1,3.0,1,3.0,0,3,1,2.0,2,24150.0,8050.0,6.0,5.0,0,0
42.0,1,1,10.0,1,1,2,3.0,2,3.0,1,2.0,0,1,0,0.0,4,34232.0,17116.0,3.0,2.0,0,0
34.0,1,3,15.0,2,0,3,3.0,1,3.0,0,2.0,0,2,1,2.0,2,20714.0,6904.67,6.0,5.0,0,0
41.0,1,1,17.0,2,0,3,2.0,0,3.0,1,5.0,1,3,0,2.0,1,20891.0,6963.67,6.0,5.0,1,0
41.0,1,1,9.0,3,0,3,2.0,1,3.0,1,7.0,0,3,1,1.0,2,25055.0,8351.67,6.0,4.0,1,0
32.0,1,1,8.0,2,1,3,3.0,0,4.0,2,2.0,0,3,1,1.0,1,16393.0,5464.33,9.0,4.0,0,1
35.0,1,1,28.0,2,0,3,1.0,3,4.0,1,1.0,0,5,1,2.0,3,26996.0,8998.67,5.0,5.0,0,0
35.0,0,3,30.0,3,1,4,4.0,1,3.0,2,2.0,0,5,1,2.0,2,23246.0,5811.5,20.0,6.0,0,0
32.0,1,3,14.0,3,1,4,4.0,1,3.0,1,6.0,0,1,0,1.0,2,26225.0,6556.25,4.0,5.0,1,0
28.0,1,3,16.0,3,1,3,3.0,0,4.0,1,2.0,0,5,0,2.0,1,16052.0,5350.67,15.0,5.0,0,0
25.0,1,3,17.0,3,0,4,4.0,1,3.0,1,3.0,1,1,0,1.0,2,22938.0,5734.5,4.0,5.0,0,0
34.0,0,1,6.0,3,1,3,4.0,1,5.0,2,1.0,0,2,1,2.0,2,20343.0,6781.0,8.0,5.0,0,0
36.0,1,3,7.0,3,1,3,4.0,1,3.0,0,2.0,0,3,1,1.0,2,23395.0,7798.33,12.0,4.0,0,0
27.0,0,3,26.0,2,0,2,3.0,1,3.0,2,2.0,0,1,1,1.0,2,24981.0,12490.5,3.0,3.0,0,0
24.0,0,1,13.0,2,0,2,3.0,0,3.0,1,2.0,1,4,0,0.0,1,17886.0,8943.0,12.0,2.0,0,1
49.0,1,1,10.0,3,1,2,4.0,2,3.0,0,3.0,0,3,0,0.0,4,33711.0,16855.5,12.0,2.0,0,0
21.0,1,3,9.0,3,0,3,5.0,0,3.0,2,3.0,0,4,0,2.0,1,20722.0,6907.33,20.0,5.0,0,1
32.0,1,3,15.0,2,1,3,4.0,3,3.0,1,3.0,0,3,1,1.0,3,29471.0,9823.67,12.0,4.0,0,0
49.0,1,1,6.0,1,0,2,4.0,4,3.0,2,1.0,1,3,0,0.0,0,28964.0,14482.0,12.0,2.0,0,0
32.0,0,3,27.0,3,0,3,4.0,1,3.0,1,3.0,0,1,1,2.0,2,25610.0,8536.67,4.0,5.0,0,0
28.0,1,3,11.0,3,1,3,3.0,1,3.0,2,2.0,0,3,1,0.0,2,19908.0,6636.0,9.0,3.0,0,0
50.0,1,1,6.0,3,1,3,3.0,4,3.0,1,1.0,0,5,0,2.0,0,32399.0,10799.67,15.0,5.0,0,0
38.0,1,1,6.0,2,0,2,1.0,1,3.0,2,1.0,0,1,0,0.0,2,22625.0,11312.5,1.0,2.0,0,0
54.0,1,1,8.0,1,0,2,3.0,3,3.0,0,1.0,0,4,1,0.0,3,28549.0,14274.5,12.0,2.0,0,0
42.0,1,1,12.0,3,1,2,3.0,3,5.0,1,1.0,0,3,1,0.0,3,28348.0,14174.0,9.0,2.0,0,0
35.0,1,1,13.0,2,0,3,5.0,1,4.0,1,8.0,0,3,0,2.0,2,23183.0,7727.67,15.0,5.0,1,0
28.0,0,1,6.0,3,1,2,4.0,0,4.0,1,2.0,0,4,0,0.0,1,17596.0,8798.0,16.0,2.0,0,1
35.0,1,3,20.0,3,1,3,4.0,3,3.0,1,3.0,0,1,1,2.0,3,27306.0,9102.0,4.0,5.0,0,0
35.0,0,1,23.0,2,0,4,5.0,0,3.0,2,3.0,0,5,1,2.0,1,21231.0,5307.75,25.0,6.0,0,0
31.0,1,1,9.0,2,0,3,6.0,1,3.0,2,4.0,0,2,0,2.0,2,24769.0,8256.33,12.0,5.0,1,0
30.0,0,1,10.0,1,1,2,3.0,0,3.0,2,1.0,1,4,1,0.0,1,17285.0,8642.5,12.0,2.0,0,1
34.0,1,1,8.0,1,0,3,3.0,1,3.0,2,2.0,0,5,1,1.0,2,21687.0,7229.0,15.0,4.0,0,0
57.0,1,1,30.0,2,1,4,4.0,4,4.0,0,6.0,1,4,1,3.0,0,32080.0,8020.0,16.0,7.0,1,0
34.0,1,1,14.0,2,0,2,3.0,1,5.0,1,4.0,0,5,1,1.0,2,20121.0,10060.5,15.0,3.0,1,0
58.0,1,1,7.0,2,1,4,2.0,1,3.0,0,2.0,0,3,1,3.0,2,23578.0,5894.5,6.0,7.0,0,0
55.0,1,1,26.0,3,0,4,4.0,1,5.0,1,2.0,1,3,0,1.0,2,24163.0,6040.75,12.0,5.0,0,0
36.0,1,3,15.0,2,0,4,4.0,0,3.0,1,3.0,0,3,1,3.0,1,21250.0,5312.5,12.0,7.0,0,0
38.0,1,1,8.0,3,1,3,3.0,0,3.0,0,7.0,1,4,0,0.0,1,18057.0,6019.0,12.0,3.0,1,0
58.0,1,3,27.0,2,0,3,3.0,4,3.0,1,5.0,1,5,1,0.0,0,32875.0,10958.33,15.0,3.0,1,0
45.0,0,1,13.0,2,1,3,1.0,1,3.0,1,5.0,0,1,1,0.0,2,21434.0,7144.67,1.0,3.0,1,0
32.0,1,1,29.0,3,1,4,4.0,1,3.0,0,3.0,1,5,1,1.0,2,24857.0,6214.25,20.0,5.0,0,1
35.0,0,1,29.0,2,1,3,5.0,1,3.0,1,3.0,1,1,1,1.0,2,24425.0,8141.67,5.0,4.0,0,0
29.0,1,1,27.0,2,0,2,1.0,3,5.0,1,2.0,0,5,1,1.0,3,24980.0,12490.0,5.0,3.0,0,0
25.0,1,1,24.0,3,0,3,5.0,1,3.0,1,3.0,0,3,0,1.0,2,23055.0,7685.0,15.0,4.0,0,0
46.0,1,1,27.0,3,0,3,3.0,1,4.0,1,5.0,0,3,1,2.0,2,23926.0,7975.33,9.0,5.0,1,1
51.0,1,3,33.0,2,1,2,3.0,1,3.0,2,2.0,1,5,1,1.0,2,29026.0,14513.0,15.0,3.0,0,1
48.0,1,1,7.0,1,1,4,4.0,0,3.0,0,2.0,0,3,1,1.0,1,22098.0,5524.5,12.0,5.0,0,0
23.0,0,1,33.0,2,0,3,5.0,0,3.0,1,3.0,1,3,0,1.0,1,21492.0,7164.0,15.0,4.0,0,0
36.0,1,1,17.0,3,0,3,4.0,1,3.0,2,5.0,1,1,1,1.0,2,24820.0,8273.33,4.0,4.0,1,0
34.0,1,3,9.0,2,0,2,5.0,1,3.0,2,6.0,0,1,1,0.0,2,21029.0,10514.5,5.0,2.0,1,0
30.0,0,2,14.0,2,0,3,4.0,0,3.0,1,7.0,0,5,1,2.0,1,17180.0,5726.67,20.0,5.0,1,1
52.0,0,1,31.0,3,0,2,4.0,4,3.0,1,4.0,0,5,0,1.0,0,28826.0,14413.0,20.0,3.0,1,0
32.0,1,1,10.0,2,0,3,4.0,1,3.0,1,2.0,0,4,1,1.0,2,21162.0,7054.0,16.0,4.0,0,0
33.0,1,1,20.0,3,0,3,3.0,0,4.0,1,2.0,0,5,1,1.0,1,17756.0,5918.67,15.0,4.0,0,0
35.0,0,1,16.0,2,1,4,4.0,1,5.0,1,6.0,0,3,0,2.0,2,24024.0,6006.0,12.0,6.0,1,1
33.0,1,3,14.0,2,1,2,3.0,1,5.0,1,3.0,0,5,1,0.0,2,21392.0,10696.0,15.0,2.0,0,0
28.0,1,1,16.0,3,0,5,4.0,0,4.0,2,3.0,0,3,0,2.0,1,20957.0,4191.4,12.0,7.0,0,0
41.0,1,3,17.0,3,1,4,5.0,3,4.0,1,4.0,0,4,0,1.0,3,28383.0,7095.75,20.0,5.0,1,0
44.0,0,2,6.0,2,1,2,3.0,1,3.0,1,5.0,1,5,1,1.0,2,20743.0,10371.5,15.0,3.0,1,0
41.0,1,1,21.0,3,1,3,5.0,2,3.0,2,3.0,0,3,1,2.0,4,38304.0,12768.0,15.0,5.0,0,0
38.0,1,1,14.0,3,1,2,4.0,3,3.0,2,6.0,0,2,0,1.0,3,32342.0,16171.0,8.0,3.0,1,0
23.0,0,1,10.0,2,1,3,5.0,0,3.0,0,2.0,1,3,0,1.0,1,21531.0,7177.0,15.0,4.0,0,1
34.0,0,1,13.0,2,1,2,4.0,1,3.0,1,5.0,0,5,1,1.0,2,26403.0,13201.5,20.0,3.0,1,0
24.0,1,1,33.0,2,1,3,4.0,0,3.0,1,3.0,0,1,0,2.0,1,21582.0,7194.0,4.0,5.0,0,0
30.0,0,1,7.0,1,1,3,4.0,1,3.0,1,3.0,0,3,0,1.0,2,22997.0,7665.67,12.0,4.0,0,0
25.0,1,1,25.0,2,1,3,4.0,0,3.0,1,2.0,0,4,0,1.0,1,21452.0,7150.67,16.0,4.0,0,0
34.0,1,3,15.0,3,1,3,4.0,1,3.0,1,2.0,0,2,1,2.0,2,25782.0,8594.0,8.0,5.0,0,0
25.0,1,1,24.0,3,0,3,5.0,1,3.0,1,3.0,0,3,1,2.0,2,23055.0,7685.0,15.0,5.0,0,0
41.0,1,3,17.0,3,1,4,5.0,3,4.0,1,4.0,0,4,1,2.0,3,28383.0,7095.75,20.0,6.0,1,0
20.0,1,2,9.0,1,1,3,5.0,0,3.0,2,3.0,0,3,0,1.0,1,21242.0,7080.67,15.0,4.0,0,1
41.0,0,1,15.0,3,1,3,3.0,2,3.0,1,3.0,0,4,0,2.0,4,34419.0,11473.0,12.0,5.0,0,0
37.0,1,3,12.0,3,1,3,3.0,1,3.0,0,5.0,0,3,0,0.0,2,21502.0,7167.33,9.0,3.0,1,0
45.0,0,1,30.0,3,1,4,4.0,1,4.0,1,6.0,0,3,0,2.0,2,20720.0,5180.0,12.0,6.0,1,0
23.0,1,3,13.0,2,1,2,3.0,0,3.0,1,2.0,1,1,1,0.0,1,17275.0,8637.5,3.0,2.0,0,1
41.0,1,1,7.0,2,1,3,4.0,0,4.0,0,5.0,0,1,1,2.0,1,21065.0,7021.67,4.0,5.0,1,0
59.0,1,3,9.0,2,0,2,4.0,1,3.0,2,6.0,0,3,0,0.0,2,20171.0,10085.5,12.0,2.0,1,0
28.0,1,1,9.0,2,0,3,4.0,1,3.0,0,2.0,0,5,0,2.0,2,22905.0,7635.0,20.0,5.0,0,0
41.0,1,1,11.0,3,1,2,1.0,0,3.0,0,3.0,1,1,1,1.0,1,17127.0,8563.5,1.0,3.0,0,0
29.0,1,1,8.0,2,1,3,3.0,0,4.0,1,1.0,0,4,1,0.0,1,17703.0,5901.0,12.0,3.0,0,0
43.0,1,3,7.0,2,1,3,4.0,1,3.0,0,3.0,0,3,1,1.0,2,23585.0,7861.67,12.0,4.0,0,0
36.0,1,1,13.0,2,1,3,6.0,1,3.0,2,3.0,0,5,0,2.0,2,25324.0,8441.33,30.0,5.0,0,0
28.0,0,1,12.0,2,0,3,4.0,0,3.0,2,2.0,1,1,1,2.0,1,21057.0,7019.0,4.0,5.0,0,0
30.0,1,3,33.0,3,1,3,3.0,1,3.0,1,1.0,0,3,1,2.0,2,20304.0,6768.0,9.0,5.0,0,0
32.0,0,1,22.0,3,1,4,4.0,0,3.0,0,3.0,0,4,1,3.0,1,21288.0,5322.0,16.0,7.0,0,1
42.0,0,1,16.0,1,1,2,3.0,0,3.0,1,4.0,0,4,1,0.0,1,17936.0,8968.0,12.0,2.0,1,0
54.0,1,3,9.0,3,0,2,3.0,1,5.0,0,3.0,0,4,1,1.0,2,20940.0,10470.0,12.0,3.0,0,0
39.0,0,1,8.0,1,0,3,3.0,3,3.0,2,1.0,0,1,1,2.0,3,25938.0,8646.0,3.0,5.0,0,0
21.0,0,3,16.0,3,0,3,4.0,0,3.0,2,3.0,1,4,1,1.0,1,21001.0,7000.33,16.0,4.0,0,1
50.0,1,1,10.0,2,1,3,3.0,2,4.0,1,4.0,0,5,1,0.0,4,34144.0,11381.33,15.0,3.0,1,0
31.0,1,3,8.0,2,1,3,3.0,1,3.0,2,5.0,1,5,1,1.0,2,21582.0,7194.0,15.0,4.0,1,0
31.0,1,1,9.0,3,0,3,5.0,1,3.0,2,7.0,1,1,1,2.0,2,25555.0,8518.33,5.0,5.0,1,0
31.0,1,1,9.0,3,1,3,5.0,0,3.0,2,2.0,0,4,0,1.0,1,21398.0,7132.67,20.0,4.0,0,0
39.0,1,1,9.0,2,1,3,4.0,0,3.0,2,7.0,1,4,0,2.0,1,22622.0,7540.67,16.0,5.0,1,0
29.0,1,1,34.0,2,0,3,3.0,0,3.0,1,5.0,0,5,0,1.0,1,17514.0,5838.0,15.0,4.0,1,0
41.0,0,1,23.0,2,1,4,4.0,0,3.0,1,2.0,0,3,1,3.0,1,22222.0,5555.5,12.0,7.0,0,0
30.0,1,3,26.0,2,1,4,5.0,1,3.0,1,3.0,0,4,1,1.0,2,27298.0,6824.5,20.0,5.0,0,0
47.0,1,1,11.0,2,1,2,3.0,2,3.0,0,5.0,0,2,0,1.0,4,33300.0,16650.0,6.0,3.0,1,0
30.0,0,1,17.0,2,0,4,4.0,0,4.0,1,2.0,0,5,1,1.0,1,21969.0,5492.25,20.0,5.0,0,0
42.0,1,3,11.0,3,0,3,4.0,3,3.0,1,2.0,1,1,0,2.0,3,29125.0,9708.33,4.0,5.0,0,0
32.0,1,1,14.0,2,1,3,4.0,1,3.0,1,5.0,0,3,1,1.0,2,24593.0,8197.67,12.0,4.0,1,0
36.0,1,1,15.0,3,1,2,4.0,1,4.0,1,3.0,1,4,1,0.0,2,23847.0,11923.5,16.0,2.0,0,0
35.0,1,1,14.0,2,1,2,2.0,0,3.0,0,2.0,0,5,1,1.0,1,17269.0,8634.5,10.0,3.0,0,0
25.0,1,3,19.0,3,1,2,3.0,0,3.0,1,2.0,0,3,1,1.0,1,17096.0,8548.0,9.0,3.0,0,0
36.0,1,1,8.0,3,1,3,3.0,0,3.0,2,5.0,0,5,1,0.0,1,17519.0,5839.67,15.0,3.0,1,0
49.0,1,1,7.0,2,1,4,5.0,3,3.0,2,2.0,1,5,0,3.0,3,24059.0,6014.75,25.0,7.0,0,1
45.0,0,3,8.0,1,1,4,4.0,0,3.0,1,5.0,0,3,1,2.0,1,26656.0,6664.0,12.0,6.0,1,1
42.0,0,1,27.0,3,0,2,3.0,1,3.0,1,3.0,0,1,0,0.0,2,20265.0,10132.5,3.0,2.0,0,0
40.0,1,1,7.0,3,0,4,4.0,0,3.0,1,2.0,0,3,1,1.0,1,20910.0,5227.5,12.0,5.0,0,0
36.0,1,3,14.0,2,1,4,4.0,0,3.0,0,3.0,0,3,1,1.0,1,21082.0,5270.5,12.0,5.0,0,0
35.0,1,1,34.0,3,0,4,4.0,0,4.0,2,4.0,0,3,1,1.0,1,20989.0,5247.25,12.0,5.0,1,0
36.0,1,3,25.0,3,1,4,4.0,1,5.0,1,2.0,0,3,0,1.0,2,20822.0,5205.5,12.0,5.0,0,0
55.0,1,1,8.0,1,1,3,4.0,0,3.0,1,1.0,0,5,0,0.0,1,17662.0,5887.33,20.0,3.0,0,0
35.0,0,1,24.0,1,1,3,5.0,0,3.0,1,2.0,1,5,1,2.0,1,27178.0,9059.33,25.0,5.0,0,1
41.0,0,3,10.0,3,1,2,3.0,1,4.0,2,2.0,0,3,1,0.0,2,24355.0,12177.5,9.0,2.0,0,1
34.0,1,1,15.0,3,0,2,4.0,3,4.0,2,2.0,0,1,1,0.0,3,23621.0,11810.5,4.0,2.0,0,0
37.0,0,1,15.0,2,0,4,2.0,3,5.0,1,2.0,0,3,0,2.0,3,30391.0,7597.75,6.0,6.0,0,0
27.0,1,3,11.0,3,1,3,5.0,1,3.0,2,3.0,1,1,1,1.0,2,24506.0,8168.67,5.0,4.0,0,1
27.0,0,1,7.0,3,0,4,5.0,0,3.0,1,3.0,0,2,1,1.0,1,20685.0,5171.25,10.0,5.0,0,0
61.0,1,1,7.0,3,1,4,6.0,3,3.0,1,5.0,0,5,0,1.0,3,29561.0,7390.25,30.0,5.0,1,0
29.0,1,3,9.0,3,0,3,3.0,1,3.0,1,2.0,0,1,0,0.0,2,20561.0,6853.67,3.0,3.0,0,0
30.0,1,3,33.0,3,1,2,3.0,1,3.0,1,1.0,0,3,1,0.0,2,20304.0,10152.0,9.0,2.0,0,0
48.0,0,3,16.0,2,1,3,6.0,4,3.0,1,2.0,0,5,1,2.0,0,31614.0,10538.0,30.0,5.0,0,1
34.0,1,3,15.0,3,1,3,4.0,1,3.0,1,2.0,0,1,0,1.0,2,25782.0,8594.0,4.0,4.0,0,0
48.0,1,3,9.0,3,0,3,4.0,1,3.0,0,2.0,1,2,1,1.0,2,23215.0,7738.33,8.0,4.0,0,0
30.0,1,1,23.0,3,0,3,3.0,3,5.0,0,2.0,1,4,0,2.0,3,26916.0,8972.0,12.0,5.0,0,0
28.0,1,1,22.0,3,1,3,1.0,1,5.0,2,1.0,0,5,0,1.0,2,20661.0,6887.0,5.0,4.0,0,0
29.0,1,1,24.0,3,1,2,4.0,0,3.0,2,2.0,1,3,0,0.0,1,17389.0,8694.5,12.0,2.0,0,1
55.0,0,1,7.0,2,0,3,4.0,3,3.0,1,2.0,0,5,1,2.0,3,29180.0,9726.67,20.0,5.0,0,0
45.0,1,1,13.0,2,1,2,3.0,3,5.0,1,3.0,0,3,0,0.0,3,24724.0,12362.0,9.0,2.0,0,0
31.0,0,1,21.0,3,1,3,3.0,0,3.0,1,2.0,0,4,1,0.0,1,17610.0,5870.0,12.0,3.0,0,1
39.0,1,1,7.0,2,0,3,4.0,0,5.0,2,5.0,0,2,1,2.0,1,21297.0,7099.0,8.0,5.0,1,0
31.0,1,3,35.0,3,0,3,4.0,1,3.0,1,2.0,0,3,1,0.0,2,20468.0,6822.67,12.0,3.0,0,0
33.0,1,1,11.0,2,0,4,5.0,1,3.0,1,3.0,0,4,1,2.0,2,24840.0,6210.0,20.0,6.0,0,0
39.0,1,3,10.0,2,1,4,4.0,3,3.0,1,2.0,0,2,1,2.0,3,29287.0,7321.75,8.0,6.0,0,0
43.0,1,1,7.0,2,0,4,4.0,0,5.0,1,5.0,0,3,0,3.0,1,21254.0,5313.5,12.0,7.0,1,0
29.0,1,1,9.0,3,1,3,4.0,3,3.0,1,2.0,0,1,0,2.0,3,26935.0,8978.33,4.0,5.0,0,0
43.0,1,1,13.0,3,1,3,4.0,3,5.0,1,2.0,0,3,1,1.0,3,32026.0,10675.33,12.0,4.0,0,0
58.0,1,1,29.0,2,1,2,3.0,0,3.0,1,2.0,0,3,1,1.0,1,17372.0,8686.0,9.0,3.0,0,0
39.0,1,3,17.0,2,0,4,4.0,1,3.0,1,3.0,0,4,0,3.0,2,24021.0,6005.25,16.0,7.0,0,0
59.0,0,1,9.0,2,1,3,5.0,0,3.0,1,2.0,1,2,0,1.0,1,21058.0,7019.33,10.0,4.0,0,1
28.0,1,1,6.0,2,1,3,4.0,0,3.0,1,2.0,0,4,0,1.0,1,16563.0,5521.0,16.0,4.0,0,0
43.0,1,1,13.0,2,0,2,3.0,3,5.0,1,1.0,0,5,1,0.0,3,24985.0,12492.5,15.0,2.0,0,0
59.0,0,2,8.0,2,0,2,4.0,2,3.0,1,1.0,0,1,0,1.0,4,33844.0,16922.0,4.0,3.0,0,0
32.0,1,1,27.0,2,1,3,4.0,1,3.0,1,3.0,0,5,0,1.0,2,22875.0,7625.0,20.0,4.0,0,0
43.0,1,1,15.0,2,1,3,4.0,0,3.0,2,6.0,0,1,1,2.0,1,22646.0,7548.67,4.0,5.0,1,0
26.0,1,3,11.0,3,1,3,5.0,1,5.0,0,3.0,0,3,1,2.0,2,22934.0,7644.67,15.0,5.0,0,0
39.0,1,1,10.0,1,0,3,4.0,1,3.0,2,5.0,1,5,0,1.0,2,4678.0,1559.33,20.0,4.0,1,0
36.0,1,1,12.0,1,1,4,4.0,3,4.0,2,2.0,0,3,0,1.0,3,26773.0,6693.25,12.0,5.0,0,0
22.0,1,1,10.0,3,1,4,5.0,0,3.0,2,3.0,0,5,1,2.0,1,21908.0,5477.0,25.0,6.0,0,0
59.0,0,1,7.0,2,1,3,6.0,1,3.0,1,4.0,1,2,1,2.0,2,24338.0,8112.67,12.0,5.0,1,0
41.0,0,3,35.0,2,1,3,6.0,3,5.0,1,5.0,0,5,1,1.0,3,29610.0,9870.0,30.0,4.0,1,0
21.0,1,1,9.0,3,1,3,4.0,0,3.0,2,2.0,0,5,1,1.0,1,18230.0,6076.67,20.0,4.0,0,0
46.0,1,3,11.0,2,0,2,4.0,1,5.0,1,6.0,1,4,0,1.0,2,23684.0,11842.0,16.0,3.0,1,0
34.0,1,1,9.0,2,0,3,4.0,0,5.0,0,2.0,0,3,1,1.0,1,21385.0,7128.33,12.0,4.0,0,1
42.0,1,3,27.0,3,0,4,4.0,0,4.0,2,3.0,1,4,0,2.0,1,21818.0,5454.5,16.0,6.0,0,1
24.0,0,1,15.0,3,1,2,3.0,0,5.0,2,3.0,1,3,0,1.0,1,18172.0,9086.0,9.0,3.0,0,1
26.0,1,1,7.0,1,1,3,4.0,0,3.0,0,6.0,0,5,1,2.0,1,21907.0,7302.33,20.0,5.0,1,0
40.0,0,3,27.0,2,1,3,4.0,1,3.0,1,4.0,0,3,1,1.0,2,22805.0,7601.67,12.0,4.0,1,0
39.0,1,3,12.0,3,1,2,1.0,3,3.0,1,3.0,0,4,1,1.0,3,23237.0,11618.5,4.0,3.0,0,0
37.0,1,1,11.0,3,1,3,3.0,1,3.0,1,1.0,0,3,1,2.0,2,21347.0,7115.67,9.0,5.0,0,0
34.0,1,1,14.0,2,0,2,3.0,1,5.0,1,4.0,0,5,1,0.0,2,20121.0,10060.5,15.0,2.0,1,0
30.0,1,1,8.0,3,0,2,4.0,1,3.0,2,6.0,1,2,1,1.0,2,21877.0,10938.5,8.0,3.0,1,0
34.0,0,3,17.0,3,1,3,5.0,1,3.0,2,5.0,0,3,1,1.0,2,23360.0,7786.67,15.0,4.0,1,0
30.0,1,1,34.0,3,0,4,4.0,1,3.0,1,6.0,0,1,0,2.0,2,23013.0,5753.25,4.0,6.0,1,0
36.0,1,3,35.0,2,0,4,5.0,0,3.0,1,2.0,0,4,1,3.0,1,21108.0,5277.0,20.0,7.0,0,0
42.0,1,3,11.0,3,1,2,3.0,2,3.0,1,7.0,0,4,0,1.0,4,33303.0,16651.5,12.0,3.0,1,0
36.0,1,1,8.0,3,1,3,3.0,0,3.0,2,5.0,0,5,1,1.0,1,17519.0,5839.67,15.0,4.0,1,0
43.0,1,3,15.0,3,0,2,5.0,1,3.0,2,1.0,0,2,1,1.0,2,20346.0,10173.0,10.0,3.0,0,1
52.0,1,2,12.0,2,1,3,4.0,4,4.0,1,3.0,1,3,1,2.0,0,32704.0,10901.33,12.0,5.0,0,0
26.0,0,2,23.0,2,0,2,3.0,0,3.0,1,1.0,1,5,0,1.0,1,17741.0,8870.5,15.0,3.0,0,1
37.0,0,3,15.0,1,1,3,4.0,1,3.0,1,6.0,0,3,1,1.0,2,23757.0,7919.0,12.0,4.0,1,0
31.0,1,1,14.0,2,0,2,4.0,0,4.0,2,2.0,0,4,0,1.0,1,16261.0,8130.5,16.0,3.0,0,1
37.0,1,1,13.0,3,1,3,4.0,1,4.0,1,8.0,0,4,1,2.0,2,23619.0,7873.0,16.0,5.0,1,0
26.0,1,1,29.0,2,0,2,3.0,0,3.0,1,2.0,0,3,0,0.0,1,17886.0,8943.0,9.0,2.0,0,0
45.0,0,3,15.0,2,0,3,4.0,1,3.0,0,2.0,0,3,0,0.0,2,20593.0,6864.33,12.0,3.0,0,0
49.0,0,3,14.0,3,0,4,4.0,0,3.0,1,4.0,1,4,1,2.0,1,21333.0,5333.25,16.0,6.0,1,1
21.0,1,3,11.0,3,1,2,3.0,0,5.0,2,2.0,1,1,1,0.0,1,17380.0,8690.0,3.0,2.0,0,0
38.0,1,3,8.0,2,0,2,3.0,1,5.0,1,4.0,0,4,0,1.0,2,21893.0,10946.5,12.0,3.0,1,0
42.0,1,2,8.0,1,1,2,3.0,0,3.0,1,1.0,1,4,1,0.0,1,17696.0,8848.0,12.0,2.0,0,0
28.0,1,1,13.0,2,1,3,5.0,0,3.0,1,3.0,0,1,1,2.0,1,21217.0,7072.33,5.0,5.0,0,0
43.0,1,1,9.0,3,0,3,5.0,0,5.0,1,2.0,1,4,1,2.0,1,21271.0,7090.33,20.0,5.0,0,0
55.0,0,1,8.0,3,1,2,4.0,4,5.0,2,1.0,0,3,1,1.0,0,31756.0,15878.0,12.0,3.0,0,0
37.0,0,3,7.0,3,0,3,4.0,1,3.0,2,6.0,0,2,1,2.0,2,25331.0,8443.67,8.0,5.0,1,0
48.0,1,3,21.0,3,1,3,4.0,1,5.0,2,4.0,0,1,1,2.0,2,23638.0,7879.33,4.0,5.0,1,0
33.0,1,1,9.0,3,0,4,2.0,1,3.0,2,2.0,0,3,0,1.0,2,23733.0,5933.25,6.0,5.0,0,0
33.0,1,1,16.0,2,0,4,4.0,1,3.0,1,3.0,1,5,1,3.0,2,25000.0,6250.0,20.0,7.0,0,0
31.0,1,1,31.0,2,1,4,4.0,0,3.0,1,3.0,0,3,1,3.0,1,21371.0,5342.75,12.0,7.0,0,0
51.0,1,3,15.0,3,1,3,4.0,0,4.0,1,2.0,0,1,0,2.0,1,22553.0,7517.67,4.0,5.0,0,0
33.0,1,1,13.0,2,1,3,4.0,0,3.0,2,5.0,0,1,0,2.0,1,21716.0,7238.67,4.0,5.0,1,0
51.0,0,3,19.0,3,0,4,4.0,3,3.0,2,6.0,0,5,0,1.0,3,27886.0,6971.5,20.0,5.0,1,0
43.0,1,1,10.0,2,0,4,2.0,1,3.0,0,4.0,1,5,0,1.0,2,23909.0,5977.25,10.0,5.0,1,0
18.0,1,1,9.0,3,1,2,3.0,0,3.0,2,2.0,0,4,1,0.0,1,16420.0,8210.0,12.0,2.0,0,1
32.0,1,1,7.0,3,1,3,4.0,0,4.0,2,3.0,0,3,0,1.0,1,21179.0,7059.67,12.0,4.0,0,0
40.0,1,1,17.0,3,1,4,4.0,1,5.0,1,4.0,0,5,1,3.0,2,24055.0,6013.75,20.0,7.0,1,0
31.0,1,1,6.0,3,1,2,3.0,0,4.0,2,2.0,0,3,0,0.0,1,17501.0,8750.5,9.0,2.0,0,0
41.0,0,1,33.0,3,0,3,4.0,1,4.0,1,3.0,0,1,0,2.0,2,24283.0,8094.33,4.0,5.0,0,0
33.0,0,1,14.0,2,1,4,3.0,0,4.0,0,3.0,0,2,0,2.0,1,21472.0,5368.0,6.0,6.0,0,0
39.0,0,1,10.0,2,1,3,4.0,0,3.0,1,5.0,0,3,1,1.0,1,21499.0,7166.33,12.0,4.0,1,0
43.0,0,1,26.0,3,1,3,3.0,0,3.0,1,8.0,1,3,1,2.0,1,21437.0,7145.67,9.0,5.0,1,1
45.0,1,1,8.0,2,0,3,4.0,0,3.0,2,2.0,0,3,1,0.0,1,17274.0,5758.0,12.0,3.0,0,0
26.0,1,3,35.0,2,1,3,5.0,1,3.0,0,4.0,0,4,0,1.0,2,27317.0,9105.67,20.0,4.0,1,0
26.0,1,1,12.0,2,0,2,4.0,0,4.0,1,2.0,0,3,1,1.0,1,17368.0,8684.0,12.0,3.0,0,0
33.0,0,3,18.0,2,1,3,2.0,1,3.0,1,2.0,0,3,1,1.0,2,23385.0,7795.0,6.0,4.0,0,1
40.0,0,1,32.0,2,1,4,4.0,3,3.0,0,5.0,0,1,0,1.0,3,29598.0,7399.5,4.0,5.0,1,0
38.0,0,1,12.0,3,0,3,5.0,1,3.0,1,1.0,1,1,0,2.0,2,20329.0,6776.33,5.0,5.0,0,0
55.0,1,3,6.0,2,1,3,3.0,3,3.0,0,4.0,0,2,0,1.0,3,25239.0,8413.0,6.0,4.0,1,0
38.0,1,1,17.0,2,0,3,2.0,3,3.0,1,3.0,1,1,0,2.0,3,32422.0,10807.33,2.0,5.0,0,0
18.0,0,1,11.0,2,1,3,3.0,0,3.0,2,2.0,0,2,1,1.0,1,16051.0,5350.33,6.0,4.0,0,0
40.0,1,1,7.0,2,0,4,5.0,4,3.0,0,3.0,0,3,0,2.0,0,31420.0,7855.0,15.0,6.0,0,0
35.0,1,1,9.0,2,1,4,5.0,0,3.0,1,5.0,0,5,1,3.0,1,21446.0,5361.5,25.0,7.0,1,0
49.0,1,1,24.0,2,1,2,4.0,2,3.0,1,2.0,1,3,0,1.0,4,34502.0,17251.0,12.0,3.0,0,0
37.0,1,1,16.0,2,0,2,1.0,3,3.0,1,2.0,1,1,0,1.0,3,28744.0,14372.0,1.0,3.0,0,0
47.0,1,1,14.0,3,1,4,4.0,3,3.0,1,8.0,0,1,1,2.0,3,29523.0,7380.75,4.0,6.0,1,0
32.0,1,1,12.0,1,1,3,4.0,0,3.0,1,2.0,1,4,1,1.0,1,23499.0,7833.0,16.0,4.0,0,0
52.0,1,1,10.0,3,0,4,4.0,4,4.0,2,5.0,0,5,1,2.0,0,32412.0,8103.0,20.0,6.0,1,0
43.0,0,3,19.0,2,1,3,4.0,4,5.0,2,2.0,1,5,1,2.0,0,32436.0,10812.0,20.0,5.0,0,1
32.0,0,3,27.0,3,0,3,4.0,1,3.0,0,3.0,0,2,1,1.0,2,25610.0,8536.67,8.0,4.0,0,0
30.0,1,1,30.0,2,1,3,2.0,0,3.0,1,3.0,0,1,1,2.0,1,21378.0,7126.0,2.0,5.0,0,0
33.0,1,1,16.0,3,0,3,4.0,0,5.0,2,2.0,0,4,1,2.0,1,22878.0,7626.0,16.0,5.0,0,1
41.0,0,1,16.0,3,0,3,4.0,3,3.0,2,2.0,0,4,0,1.0,3,32177.0,10725.67,16.0,4.0,0,0
35.0,0,1,14.0,2,1,4,6.0,1,3.0,2,3.0,1,5,1,1.0,2,24752.0,6188.0,30.0,5.0,0,1
40.0,1,1,6.0,2,0,2,3.0,1,3.0,1,5.0,0,3,0,1.0,2,21513.0,10756.5,9.0,3.0,1,0
36.0,1,1,18.0,3,1,3,4.0,0,3.0,1,2.0,1,5,0,1.0,1,21338.0,7112.67,20.0,4.0,0,0
36.0,1,1,29.0,2,1,3,6.0,0,3.0,2,2.0,0,4,1,2.0,1,22908.0,7636.0,24.0,5.0,0,0
42.0,1,3,7.0,2,0,4,4.0,1,3.0,2,2.0,1,2,1,1.0,2,24671.0,6167.75,8.0,5.0,0,1
35.0,1,1,13.0,2,1,2,3.0,3,3.0,2,4.0,0,3,0,0.0,3,25221.0,12610.5,9.0,2.0,1,0
53.0,1,1,13.0,3,0,2,3.0,2,3.0,1,4.0,0,1,1,1.0,4,33606.0,16803.0,3.0,3.0,1,0
27.0,0,1,7.0,2,0,3,4.0,1,4.0,1,3.0,0,5,1,2.0,2,25075.0,8358.33,20.0,5.0,0,0
30.0,1,1,28.0,2,0,2,3.0,0,3.0,0,5.0,1,2,0,1.0,1,17132.0,8566.0,6.0,3.0,1,1
26.0,1,3,6.0,2,1,2,3.0,1,3.0,0,2.0,0,5,1,0.0,2,20296.0,10148.0,15.0,2.0,0,0
38.0,1,3,9.0,2,1,2,3.0,1,3.0,2,1.0,1,3,1,0.0,2,21861.0,10930.5,9.0,2.0,0,0
36.0,1,1,12.0,2,0,2,1.0,0,3.0,1,4.0,0,1,0,0.0,1,18038.0,9019.0,1.0,2.0,1,0
36.0,0,1,14.0,2,0,3,2.0,3,5.0,0,1.0,0,3,0,0.0,3,26713.0,8904.33,6.0,3.0,0,0
30.0,1,1,30.0,2,1,3,3.0,0,3.0,1,2.0,0,3,1,2.0,1,17693.0,5897.67,9.0,5.0,0,0
31.0,0,1,16.0,3,1,4,4.0,1,5.0,1,3.0,0,2,0,2.0,2,21750.0,5437.5,8.0,6.0,0,0
27.0,0,2,24.0,2,0,3,4.0,0,3.0,1,2.0,1,5,0,2.0,1,21419.0,7139.67,20.0,5.0,0,1
29.0,1,1,9.0,2,1,4,4.0,0,3.0,2,4.0,0,4,1,2.0,1,22163.0,5540.75,16.0,6.0,1,1
36.0,1,1,23.0,3,1,3,2.0,0,4.0,1,2.0,0,4,1,2.0,1,21104.0,7034.67,8.0,5.0,0,0
38.0,1,1,21.0,2,0,4,4.0,0,5.0,1,3.0,0,4,1,1.0,1,21712.0,5428.0,16.0,5.0,0,0
35.0,0,3,13.0,3,0,3,6.0,0,3.0,1,2.0,0,4,1,2.0,1,21029.0,7009.67,24.0,5.0,0,1
30.0,1,3,13.0,3,1,2,3.0,0,4.0,2,1.0,0,1,0,0.0,1,17983.0,8991.5,3.0,2.0,0,0
37.0,1,3,9.0,2,1,2,3.0,3,3.0,2,3.0,0,3,0,1.0,3,22428.0,11214.0,9.0,3.0,0,0
21.0,1,1,18.0,3,0,4,5.0,0,5.0,2,3.0,1,3,0,2.0,1,21278.0,5319.5,15.0,6.0,0,1
27.0,1,1,7.0,2,0,3,5.0,0,3.0,1,3.0,1,4,0,1.0,1,21611.0,7203.67,20.0,4.0,0,0
38.0,1,3,16.0,3,1,3,5.0,1,4.0,1,3.0,0,4,0,2.0,2,22867.0,7622.33,20.0,5.0,0,0
35.0,1,3,21.0,3,1,2,5.0,1,3.0,1,7.0,1,1,1,1.0,2,20440.0,10220.0,5.0,3.0,1,1
27.0,0,1,7.0,2,0,4,6.0,0,3.0,1,5.0,0,4,1,3.0,1,23042.0,5760.5,24.0,7.0,1,0
29.0,0,3,14.0,2,1,3,4.0,1,5.0,2,2.0,0,3,1,2.0,2,23576.0,7858.67,12.0,5.0,0,0
25.0,1,3,14.0,2,0,2,3.0,1,3.0,1,1.0,1,1,1,1.0,2,19907.0,9953.5,3.0,3.0,0,0
50.0,0,3,6.0,2,1,3,3.0,1,3.0,1,1.0,0,3,1,1.0,2,21728.0,7242.67,9.0,4.0,0,1
32.0,0,1,9.0,2,0,2,3.0,0,3.0,2,2.0,0,4,1,0.0,1,21209.0,10604.5,12.0,2.0,0,1
37.0,1,1,11.0,3,1,3,3.0,1,3.0,1,1.0,0,3,0,0.0,2,21347.0,7115.67,9.0,3.0,0,0
21.0,0,3,24.0,3,0,3,3.0,1,3.0,1,1.0,1,5,0,1.0,2,17625.0,5875.0,15.0,4.0,0,1
52.0,1,3,21.0,2,0,3,4.0,1,3.0,0,6.0,0,3,0,2.0,2,23614.0,7871.33,12.0,5.0,1,0
35.0,0,3,13.0,3,0,3,6.0,0,3.0,1,2.0,0,4,0,2.0,1,21029.0,7009.67,24.0,5.0,0,1
34.0,0,3,29.0,3,1,4,4.0,1,4.0,0,2.0,0,2,0,2.0,2,24824.0,6206.0,8.0,6.0,0,0
42.0,1,1,14.0,1,0,3,2.0,0,3.0,0,3.0,0,3,1,2.0,1,22054.0,7351.33,6.0,5.0,0,0
52.0,1,1,10.0,2,0,1,3.0,4,3.0,0,3.0,0,5,1,0.0,0,31555.0,31555.0,15.0,1.0,0,0
39.0,0,1,19.0,2,1,3,5.0,1,5.0,1,4.0,0,5,1,1.0,2,24966.0,8322.0,25.0,4.0,1,0
31.0,1,1,7.0,3,1,4,4.0,0,4.0,1,3.0,0,5,0,2.0,1,22426.0,5606.5,20.0,6.0,0,0
42.0,0,3,17.0,2,1,3,4.0,1,3.0,2,2.0,0,1,0,2.0,2,24908.0,8302.67,4.0,5.0,0,0
43.0,1,2,9.0,1,1,3,4.0,0,3.0,1,2.0,1,4,1,2.0,1,21374.0,7124.67,16.0,5.0,0,0
56.0,0,1,9.0,2,1,4,4.0,3,4.0,1,5.0,0,1,0,2.0,3,29654.0,7413.5,4.0,6.0,1,0
32.0,1,1,12.0,1,1,3,4.0,0,3.0,0,2.0,1,4,0,2.0,1,23499.0,7833.0,16.0,5.0,0,0
51.0,0,1,14.0,2,1,2,5.0,3,3.0,2,3.0,0,2,0,1.0,3,25650.0,12825.0,10.0,3.0,0,1
39.0,0,3,27.0,2,0,2,5.0,1,3.0,1,7.0,0,5,0,0.0,2,20736.0,10368.0,25.0,2.0,1,0
44.0,0,1,11.0,2,1,2,4.0,0,3.0,2,4.0,0,1,0,1.0,1,18162.0,9081.0,4.0,3.0,1,0
39.0,1,1,25.0,3,1,3,6.0,1,3.0,1,5.0,1,5,0,2.0,2,24489.0,8163.0,30.0,5.0,1,0
28.0,1,1,16.0,3,0,3,4.0,0,4.0,2,3.0,0,3,1,1.0,1,20957.0,6985.67,12.0,4.0,0,0
32.0,0,3,14.0,3,0,4,4.0,3,5.0,1,4.0,0,1,1,3.0,3,28315.0,7078.75,4.0,7.0,1,0
33.0,1,3,7.0,3,0,3,4.0,3,3.0,1,3.0,0,5,1,1.0,3,29100.0,9700.0,20.0,4.0,0,0
29.0,1,1,13.0,2,1,2,3.0,1,3.0,1,2.0,1,3,0,0.0,2,21623.0,10811.5,9.0,2.0,0,0
28.0,1,3,9.0,3,1,3,4.0,0,5.0,1,2.0,0,5,0,2.0,1,21719.0,7239.67,20.0,5.0,0,1
40.0,1,1,7.0,3,1,3,2.0,3,3.0,1,2.0,0,3,1,1.0,3,28291.0,9430.33,6.0,4.0,0,0
46.0,1,1,36.0,3,1,3,4.0,0,3.0,2,7.0,0,1,1,1.0,1,22130.0,7376.67,4.0,4.0,1,0
31.0,0,1,30.0,2,1,4,6.0,0,3.0,1,3.0,0,3,0,1.0,1,21291.0,5322.75,18.0,5.0,0,0
46.0,0,3,11.0,3,1,3,3.0,1,3.0,2,5.0,1,5,1,1.0,2,20772.0,6924.0,15.0,4.0,1,0
34.0,1,1,25.0,3,1,3,3.0,0,3.0,1,1.0,0,3,0,0.0,1,17661.0,5887.0,9.0,3.0,0,0
32.0,0,1,21.0,3,0,2,3.0,1,3.0,1,6.0,0,3,0,1.0,2,21667.0,10833.5,9.0,3.0,1,0
34.0,0,1,9.0,2,1,2,3.0,1,3.0,2,1.0,0,1,1,0.0,2,22756.0,11378.0,3.0,2.0,0,0
53.0,1,3,8.0,3,1,2,3.0,4,3.0,1,7.0,0,3,1,0.0,0,29852.0,14926.0,9.0,2.0,1,0
52.0,0,3,9.0,3,1,3,4.0,3,4.0,0,4.0,0,4,0,1.0,3,29274.0,9758.0,16.0,4.0,1,0
41.0,1,1,9.0,2,1,3,5.0,0,3.0,2,4.0,0,5,0,2.0,1,21487.0,7162.33,25.0,5.0,1,0
48.0,1,3,9.0,2,0,4,5.0,0,3.0,2,3.0,1,2,1,1.0,1,21972.0,5493.0,10.0,5.0,0,0
32.0,0,1,12.0,3,1,4,4.0,1,5.0,2,2.0,0,1,0,3.0,2,28614.0,7153.5,4.0,7.0,0,0
24.0,1,1,11.0,3,1,3,3.0,0,5.0,0,4.0,0,4,0,2.0,1,21497.0,7165.67,12.0,5.0,1,0
40.0,1,3,16.0,3,1,3,4.0,3,4.0,1,3.0,0,4,0,0.0,3,24705.0,8235.0,16.0,3.0,0,0
33.0,1,1,10.0,3,0,2,4.0,0,4.0,1,7.0,0,4,0,1.0,1,17622.0,8811.0,16.0,3.0,1,0
46.0,1,3,16.0,2,0,3,3.0,3,4.0,1,6.0,0,1,0,2.0,3,22314.0,7438.0,3.0,5.0,1,1
50.0,0,3,18.0,2,1,2,3.0,1,3.0,2,4.0,1,3,1,1.0,2,31880.0,15940.0,9.0,3.0,1,1
51.0,1,1,13.0,3,1,2,4.0,1,3.0,1,3.0,0,3,1,1.0,2,21132.0,10566.0,12.0,3.0,0,0
33.0,0,1,7.0,2,1,4,4.0,0,3.0,1,2.0,0,5,1,1.0,1,20992.0,5248.0,20.0,5.0,0,0
33.0,1,1,7.0,3,1,3,4.0,1,3.0,0,3.0,1,4,1,1.0,2,24840.0,8280.0,16.0,4.0,0,0
31.0,1,2,24.0,2,1,2,1.0,0,5.0,1,1.0,0,1,1,0.0,1,17956.0,8978.0,1.0,2.0,0,1
57.0,1,1,30.0,2,1,2,1.0,3,3.0,1,4.0,1,4,1,0.0,3,24439.0,12219.5,4.0,2.0,1,0
24.0,1,1,11.0,3,1,3,2.0,0,5.0,1,4.0,0,4,0,2.0,1,21497.0,7165.67,8.0,5.0,1,0
55.0,1,1,8.0,2,0,3,3.0,4,3.0,2,3.0,1,5,0,1.0,0,31659.0,10553.0,15.0,4.0,0,0
50.0,1,1,15.0,2,0,3,4.0,3,4.0,0,6.0,0,4,0,1.0,3,26081.0,8693.67,16.0,4.0,1,0
26.0,1,3,10.0,3,1,2,4.0,1,3.0,2,2.0,1,1,1,0.0,2,20828.0,10414.0,4.0,2.0,0,1
43.0,0,1,35.0,1,0,3,5.0,1,3.0,1,2.0,0,3,0,2.0,2,23201.0,7733.67,15.0,5.0,0,0
38.0,1,1,35.0,3,1,3,3.0,1,5.0,1,1.0,1,3,1,2.0,2,21673.0,7224.33,9.0,5.0,0,1
55.0,1,1,15.0,2,0,3,4.0,1,3.0,2,2.0,0,2,1,1.0,2,22458.0,7486.0,8.0,4.0,0,0
39.0,0,1,9.0,2,1,3,4.0,0,3.0,0,3.0,1,5,1,2.0,1,20380.0,6793.33,20.0,5.0,0,0
22.0,1,3,14.0,3,1,3,4.0,0,4.0,2,3.0,0,5,1,2.0,1,21357.0,7119.0,20.0,5.0,0,1
46.0,1,1,8.0,2,1,2,3.0,4,3.0,1,7.0,0,5,1,0.0,0,32861.0,16430.5,15.0,2.0,1,0
38.0,0,1,16.0,3,1,3,3.0,0,3.0,1,1.0,0,5,0,0.0,1,17684.0,5894.67,15.0,3.0,0,0
34.0,1,3,7.0,3,1,3,2.0,1,5.0,1,3.0,0,4,0,1.0,2,22715.0,7571.67,8.0,4.0,0,0
21.0,0,3,15.0,3,1,2,3.0,0,3.0,2,2.0,0,4,1,0.0,1,17610.0,8805.0,12.0,2.0,0,0
36.0,1,3,22.0,3,0,3,4.0,1,5.0,0,5.0,0,5,1,0.0,2,20647.0,6882.33,20.0,3.0,1,0
39.0,1,3,16.0,3,1,4,5.0,0,4.0,0,2.0,0,4,0,1.0,1,21577.0,5394.25,20.0,5.0,0,0
56.0,1,1,15.0,3,0,3,4.0,4,3.0,1,4.0,1,3,0,2.0,0,33434.0,11144.67,12.0,5.0,1,0
35.0,0,1,10.0,2,1,3,5.0,0,3.0,1,5.0,0,1,0,1.0,1,21657.0,7219.0,5.0,4.0,1,0
27.0,1,1,10.0,2,0,3,3.0,0,3.0,2,2.0,0,1,0,0.0,1,17318.0,5772.67,3.0,3.0,0,0
37.0,1,1,10.0,1,1,2,4.0,1,4.0,2,6.0,0,2,1,1.0,2,23163.0,11581.5,8.0,3.0,1,0
43.0,1,1,19.0,3,1,3,4.0,0,4.0,1,2.0,0,1,1,2.0,1,21444.0,7148.0,4.0,5.0,0,0
55.0,1,1,8.0,3,1,2,4.0,2,5.0,1,1.0,0,5,0,1.0,4,34038.0,17019.0,20.0,3.0,0,0
44.0,1,1,9.0,2,1,2,3.0,0,5.0,0,5.0,0,5,1,1.0,1,17362.0,8681.0,15.0,3.0,1,1
45.0,1,3,8.0,1,1,2,5.0,1,3.0,2,1.0,0,5,0,0.0,2,21632.0,10816.0,25.0,2.0,0,0
39.0,1,1,6.0,3,1,2,1.0,3,3.0,1,1.0,0,3,1,0.0,3,24613.0,12306.5,3.0,2.0,0,0
28.0,0,3,9.0,2,1,3,6.0,1,3.0,2,5.0,0,4,1,2.0,2,23749.0,7916.33,24.0,5.0,1,0
42.0,1,1,19.0,1,0,3,4.0,2,3.0,0,3.0,0,4,1,1.0,4,38223.0,12741.0,16.0,4.0,0,1
33.0,1,1,6.0,2,0,2,4.0,1,3.0,2,1.0,0,4,0,0.0,2,21949.0,10974.5,16.0,2.0,0,0
45.0,1,1,35.0,1,1,2,3.0,3,3.0,0,5.0,1,5,1,0.0,3,24380.0,12190.0,15.0,2.0,1,0
30.0,1,3,14.0,2,1,3,3.0,3,3.0,1,6.0,0,3,1,0.0,3,22264.0,7421.33,9.0,3.0,1,0
55.0,1,3,10.0,3,0,3,4.0,1,5.0,1,4.0,0,4,1,1.0,2,24618.0,8206.0,16.0,4.0,1,0
37.0,1,1,34.0,3,1,4,4.0,1,3.0,1,8.0,0,3,0,1.0,2,23915.0,5978.75,12.0,5.0,1,0
36.0,0,1,8.0,3,1,4,4.0,0,4.0,1,3.0,1,3,1,1.0,1,22927.0,5731.75,12.0,5.0,0,1
43.0,1,3,22.0,3,0,3,3.0,4,3.0,1,6.0,1,3,0,0.0,0,31064.0,10354.67,9.0,3.0,1,0
37.0,1,1,17.0,1,0,4,4.0,3,3.0,0,5.0,0,3,0,3.0,3,25772.0,6443.0,12.0,7.0,1,0
30.0,1,3,12.0,3,1,3,5.0,1,4.0,1,3.0,1,5,0,1.0,2,22865.0,7621.67,25.0,4.0,0,0
33.0,0,3,12.0,2,1,3,4.0,1,4.0,1,3.0,0,3,1,2.0,2,25202.0,8400.67,12.0,5.0,0,0
59.0,1,3,6.0,1,1,3,3.0,3,3.0,0,4.0,1,2,0,1.0,3,26904.0,8968.0,6.0,4.0,1,0
28.0,1,1,7.0,1,1,3,4.0,0,5.0,2,7.0,0,3,1,1.0,1,17080.0,5693.33,12.0,4.0,1,1
32.0,1,1,8.0,1,1,3,3.0,0,5.0,2,2.0,0,1,1,1.0,1,17439.0,5813.0,3.0,4.0,0,0
46.0,1,3,6.0,3,0,3,3.0,3,5.0,1,2.0,0,2,1,1.0,3,25453.0,8484.33,6.0,4.0,0,0
36.0,0,1,32.0,2,0,4,4.0,0,4.0,1,3.0,1,3,0,1.0,1,20700.0,5175.0,12.0,5.0,0,1
43.0,1,1,9.0,3,0,3,5.0,0,5.0,1,2.0,1,4,1,1.0,1,21271.0,7090.33,20.0,4.0,0,0
42.0,1,3,20.0,3,0,3,4.0,1,3.0,2,1.0,0,3,1,0.0,2,21244.0,7081.33,12.0,3.0,0,0
43.0,1,1,18.0,2,1,2,4.0,4,4.0,1,2.0,0,3,1,1.0,0,29336.0,14668.0,12.0,3.0,0,0
35.0,1,1,34.0,3,0,4,4.0,0,4.0,2,4.0,0,3,0,1.0,1,20989.0,5247.25,12.0,5.0,1,0
47.0,1,2,12.0,3,1,4,4.0,1,4.0,1,2.0,1,5,0,2.0,2,23699.0,5924.75,20.0,6.0,0,0
36.0,0,3,9.0,3,1,2,4.0,3,3.0,0,5.0,0,2,0,1.0,3,24699.0,12349.5,8.0,3.0,1,0
30.0,1,1,10.0,3,1,4,5.0,3,3.0,1,3.0,0,1,0,3.0,3,30613.0,7653.25,5.0,7.0,0,0
31.0,0,3,32.0,3,1,3,3.0,1,3.0,1,2.0,1,3,0,1.0,2,20617.0,6872.33,9.0,4.0,0,1
36.0,1,1,29.0,2,0,4,3.0,3,4.0,1,2.0,0,5,1,2.0,3,30674.0,7668.5,15.0,6.0,0,0
43.0,1,1,14.0,3,0,4,2.0,1,4.0,0,8.0,1,1,0,1.0,2,21050.0,5262.5,2.0,5.0,1,0
38.0,1,3,8.0,3,1,2,3.0,3,4.0,2,1.0,0,4,1,1.0,3,22351.0,11175.5,12.0,3.0,0,0
27.0,0,3,6.0,3,1,3,3.0,1,4.0,0,1.0,1,2,0,2.0,2,21349.0,7116.33,6.0,5.0,0,0
40.0,0,1,9.0,1,0,4,4.0,3,3.0,2,2.0,0,1,1,3.0,3,29616.0,7404.0,4.0,7.0,0,0
28.0,1,1,9.0,2,0,3,4.0,0,5.0,1,3.0,0,3,1,2.0,1,21019.0,7006.33,12.0,5.0,0,0
29.0,1,1,24.0,3,1,4,4.0,1,5.0,1,3.0,0,2,0,1.0,2,23236.0,5809.0,8.0,5.0,0,0
33.0,0,3,33.0,3,1,4,4.0,1,3.0,1,2.0,0,4,1,2.0,2,23143.0,5785.75,16.0,6.0,0,0
48.0,1,1,6.0,2,1,3,4.0,3,3.0,2,1.0,1,5,0,0.0,3,20381.0,6793.67,20.0,3.0,0,1
23.0,1,1,9.0,1,1,4,4.0,0,3.0,0,2.0,0,5,1,3.0,1,21201.0,5300.25,20.0,7.0,0,0
43.0,0,1,33.0,2,0,2,3.0,3,5.0,1,1.0,0,4,1,0.0,3,25820.0,12910.0,12.0,2.0,0,0
36.0,1,1,9.0,2,0,4,4.0,0,5.0,1,3.0,1,1,1,2.0,1,20752.0,5188.0,4.0,6.0,0,1
38.0,1,1,7.0,2,1,3,5.0,1,3.0,1,3.0,0,5,0,1.0,2,24671.0,8223.67,25.0,4.0,0,0
37.0,1,1,16.0,3,1,4,5.0,0,3.0,0,2.0,1,2,0,2.0,1,22066.0,5516.5,10.0,6.0,0,1
32.0,1,1,9.0,2,0,2,3.0,3,3.0,2,4.0,0,2,1,1.0,3,26159.0,13079.5,6.0,3.0,1,0
20.0,1,1,16.0,3,1,2,3.0,0,3.0,2,2.0,1,5,0,0.0,1,16009.0,8004.5,15.0,2.0,0,1
34.0,0,3,32.0,3,0,3,4.0,1,3.0,0,3.0,0,3,0,2.0,2,23217.0,7739.0,12.0,5.0,0,0
33.0,1,1,13.0,2,1,3,4.0,0,3.0,2,5.0,0,2,0,2.0,1,21716.0,7238.67,8.0,5.0,1,0
42.0,1,3,27.0,3,0,4,4.0,0,4.0,2,3.0,1,4,0,3.0,1,21818.0,5454.5,16.0,7.0,0,1
37.0,0,3,18.0,1,0,4,4.0,3,3.0,0,2.0,0,5,0,1.0,3,28416.0,7104.0,20.0,5.0,0,0
50.0,0,1,6.0,2,0,3,3.0,2,4.0,1,4.0,1,1,0,2.0,4,33172.0,11057.33,3.0,5.0,1,0
34.0,1,3,15.0,2,0,3,3.0,1,3.0,1,2.0,0,1,0,0.0,2,20714.0,6904.67,3.0,3.0,0,0
34.0,1,1,35.0,2,1,4,4.0,1,3.0,1,3.0,1,1,1,1.0,2,23885.0,5971.25,4.0,5.0,0,0
41.0,1,3,8.0,2,0,3,3.0,4,5.0,0,1.0,0,5,1,1.0,0,31595.0,10531.67,15.0,4.0,0,0
35.0,1,1,24.0,2,0,3,4.0,0,3.0,2,3.0,1,5,1,1.0,1,23216.0,7738.67,20.0,4.0,0,1
24.0,1,1,11.0,3,0,3,4.0,0,4.0,2,3.0,0,3,1,2.0,1,21973.0,7324.33,12.0,5.0,0,0
31.0,1,2,16.0,2,1,3,4.0,1,3.0,0,2.0,1,3,1,2.0,2,25025.0,8341.67,12.0,5.0,0,0
20.0,1,3,12.0,2,1,4,4.0,3,4.0,2,2.0,1,4,1,1.0,3,21672.0,5418.0,16.0,5.0,0,1
38.0,0,1,8.0,3,0,2,4.0,0,4.0,2,2.0,0,1,1,0.0,1,17440.0,8720.0,4.0,2.0,0,0
53.0,1,1,12.0,2,1,2,3.0,1,3.0,2,3.0,0,5,1,1.0,2,17450.0,8725.0,15.0,3.0,0,0
33.0,1,1,9.0,3,0,4,3.0,1,3.0,2,2.0,0,3,1,3.0,2,23733.0,5933.25,9.0,7.0,0,0
35.0,0,3,9.0,3,0,4,4.0,0,3.0,1,8.0,0,5,0,1.0,1,20909.0,5227.25,20.0,5.0,1,0
39.0,0,1,17.0,3,1,4,4.0,0,3.0,0,2.0,0,5,0,3.0,1,21362.0,5340.5,20.0,7.0,0,0
38.0,0,1,35.0,2,0,2,3.0,1,3.0,2,2.0,0,3,1,0.0,2,17406.0,8703.0,9.0,2.0,0,0
47.0,1,1,8.0,2,0,2,3.0,4,3.0,0,2.0,1,4,1,0.0,0,31752.0,15876.0,12.0,2.0,0,0
31.0,1,3,17.0,3,1,4,5.0,1,3.0,1,3.0,0,1,0,2.0,2,25256.0,6314.0,5.0,6.0,0,0
40.0,1,2,24.0,2,1,2,1.0,0,5.0,1,1.0,0,1,1,1.0,1,17387.0,8693.5,1.0,3.0,0,1
28.0,0,1,12.0,2,1,2,4.0,0,3.0,1,2.0,1,4,1,1.0,1,17703.0,8851.5,16.0,3.0,0,0
30.0,1,1,15.0,2,1,4,6.0,0,5.0,1,3.0,1,3,0,2.0,1,20797.0,5199.25,18.0,6.0,0,1
42.0,1,3,13.0,2,0,4,4.0,3,3.0,2,5.0,1,1,0,1.0,3,32269.0,8067.25,4.0,5.0,1,0
26.0,1,1,13.0,3,0,2,4.0,3,5.0,1,1.0,1,4,1,1.0,3,17875.0,8937.5,16.0,3.0,0,1
36.0,0,3,9.0,3,1,2,4.0,3,3.0,1,5.0,0,1,0,0.0,3,24699.0,12349.5,4.0,2.0,1,0
42.0,1,1,8.0,3,1,2,3.0,4,5.0,0,1.0,0,3,1,1.0,0,32665.0,16332.5,9.0,3.0,0,0
35.0,1,3,14.0,1,1,3,4.0,0,3.0,1,2.0,1,1,0,2.0,1,20986.0,6995.33,4.0,5.0,0,0
31.0,1,3,13.0,2,1,2,4.0,0,3.0,1,4.0,0,4,1,1.0,1,17329.0,8664.5,16.0,3.0,1,0
37.0,1,3,10.0,2,1,3,5.0,3,3.0,0,3.0,1,2,1,1.0,3,29003.0,9667.67,10.0,4.0,0,1
44.0,1,3,11.0,3,1,2,3.0,2,4.0,0,1.0,0,5,1,1.0,4,33213.0,16606.5,15.0,3.0,0,0
29.0,1,1,27.0,2,0,2,2.0,3,5.0,1,2.0,0,5,1,1.0,3,24980.0,12490.0,10.0,3.0,0,0
45.0,1,3,17.0,2,0,2,3.0,4,3.0,0,4.0,0,4,1,1.0,0,32650.0,16325.0,12.0,3.0,1,0
25.0,1,1,36.0,3,1,4,4.0,0,5.0,1,3.0,0,4,1,2.0,1,22585.0,5646.25,16.0,6.0,0,0
27.0,0,1,15.0,3,1,2,3.0,0,4.0,1,7.0,0,3,0,0.0,1,17024.0,8512.0,9.0,2.0,1,0
27.0,0,1,10.0,1,1,4,4.0,0,5.0,2,2.0,0,3,0,3.0,1,21780.0,5445.0,12.0,7.0,0,1
45.0,1,1,16.0,2,1,4,4.0,0,5.0,0,3.0,1,3,1,1.0,1,21237.0,5309.25,12.0,5.0,0,0
37.0,1,2,16.0,1,0,3,4.0,0,3.0,1,3.0,0,1,1,1.0,1,24088.0,8029.33,4.0,4.0,0,1
47.0,1,3,17.0,3,0,4,5.0,3,3.0,0,4.0,1,2,1,2.0,3,27749.0,6937.25,10.0,6.0,1,0
33.0,1,1,9.0,3,0,4,4.0,0,4.0,0,3.0,0,4,0,1.0,1,21048.0,5262.0,16.0,5.0,0,0
31.0,1,3,19.0,1,0,3,4.0,1,3.0,2,2.0,0,2,1,1.0,2,25255.0,8418.33,8.0,4.0,0,0
44.0,1,2,6.0,3,1,3,4.0,3,5.0,0,1.0,0,4,1,0.0,3,25482.0,8494.0,16.0,3.0,0,1
41.0,0,3,31.0,2,0,4,2.0,4,4.0,2,6.0,1,3,1,1.0,0,31872.0,7968.0,6.0,5.0,1,1
46.0,0,1,14.0,2,1,4,3.0,1,3.0,0,6.0,0,2,0,3.0,2,25112.0,6278.0,6.0,7.0,1,0
24.0,1,1,6.0,3,1,3,3.0,0,3.0,0,3.0,1,3,1,2.0,1,17293.0,5764.33,9.0,5.0,0,1
30.0,1,1,16.0,3,0,3,4.0,0,3.0,1,2.0,0,5,1,2.0,1,21652.0,7217.33,20.0,5.0,0,0
35.0,0,1,31.0,2,0,3,3.0,0,4.0,1,2.0,1,3,1,1.0,1,17022.0,5674.0,9.0,4.0,0,1
35.0,1,3,9.0,2,1,3,3.0,3,3.0,1,7.0,0,5,0,2.0,3,22823.0,7607.67,15.0,5.0,1,0
34.0,0,1,10.0,2,0,3,4.0,0,3.0,0,3.0,1,5,1,2.0,1,21587.0,7195.67,20.0,5.0,0,0
52.0,1,1,5.0,2,1,2,3.0,3,4.0,2,1.0,0,3,1,1.0,3,25445.0,12722.5,9.0,3.0,0,0
32.0,1,3,14.0,1,1,4,3.0,1,3.0,0,6.0,0,2,1,1.0,2,25607.0,6401.75,6.0,5.0,1,0
31.0,1,1,23.0,2,1,3,4.0,0,3.0,1,3.0,0,1,0,1.0,1,21540.0,7180.0,4.0,4.0,0,0
50.0,1,3,9.0,3,1,2,4.0,0,3.0,1,2.0,1,4,1,1.0,1,17683.0,8841.5,16.0,3.0,0,1
36.0,0,3,25.0,3,0,4,4.0,1,3.0,0,2.0,1,5,1,3.0,2,23292.0,5823.0,20.0,7.0,0,1
52.0,1,3,31.0,3,0,3,5.0,1,4.0,2,2.0,1,5,1,2.0,2,21516.0,7172.0,25.0,5.0,0,1
39.0,1,1,24.0,2,0,4,5.0,3,3.0,0,2.0,0,2,0,3.0,3,27501.0,6875.25,10.0,7.0,0,0
33.0,0,3,22.0,2,0,2,3.0,1,3.0,1,2.0,1,1,0,0.0,2,20368.0,10184.0,3.0,2.0,0,0
40.0,0,1,15.0,2,0,3,4.0,0,3.0,0,3.0,0,2,0,1.0,1,22433.0,7477.67,8.0,4.0,0,0
37.0,1,2,20.0,2,1,3,4.0,0,4.0,0,6.0,0,3,1,1.0,1,20821.0,6940.33,12.0,4.0,1,0
40.0,1,1,10.0,3,0,2,3.0,2,3.0,1,2.0,0,5,1,1.0,4,34033.0,17016.5,15.0,3.0,0,0
22.0,1,3,19.0,2,0,3,2.0,0,4.0,2,3.0,0,5,0,2.0,1,21394.0,7131.33,10.0,5.0,0,1
26.0,1,1,6.0,2,0,2,4.0,0,3.0,1,2.0,1,4,0,0.0,1,17933.0,8966.5,16.0,2.0,0,0
32.0,0,1,16.0,3,1,3,5.0,0,5.0,2,2.0,1,3,1,1.0,1,20999.0,6999.67,15.0,4.0,0,1
48.0,0,3,34.0,2,0,4,2.0,1,3.0,2,6.0,1,4,0,2.0,2,25075.0,6268.75,8.0,6.0,1,1
35.0,1,1,29.0,2,1,2,4.0,1,3.0,0,4.0,1,4,1,1.0,2,20916.0,10458.0,16.0,3.0,1,1
40.0,1,1,25.0,2,1,3,4.0,1,3.0,2,2.0,0,3,0,1.0,2,23212.0,7737.33,12.0,4.0,0,0
30.0,1,3,16.0,3,1,3,4.0,1,3.0,1,2.0,0,1,0,1.0,2,21578.0,7192.67,4.0,4.0,0,0
30.0,0,1,9.0,3,1,3,5.0,0,5.0,2,2.0,0,4,1,2.0,1,22017.0,7339.0,20.0,5.0,0,1
29.0,1,3,9.0,3,0,3,4.0,1,4.0,1,3.0,1,3,1,2.0,2,23457.0,7819.0,12.0,5.0,0,0
27.0,1,3,36.0,3,1,3,4.0,1,3.0,1,7.0,0,5,0,1.0,2,22984.0,7661.33,20.0,4.0,1,0
34.0,1,3,21.0,3,0,3,3.0,1,5.0,2,2.0,0,1,1,2.0,2,21125.0,7041.67,3.0,5.0,0,0
30.0,1,1,13.0,3,0,3,4.0,0,3.0,1,3.0,0,3,0,2.0,1,21809.0,7269.67,12.0,5.0,0,0
29.0,0,1,8.0,3,1,2,4.0,0,5.0,2,1.0,0,4,1,1.0,1,18339.0,9169.5,16.0,3.0,0,1
36.0,1,3,25.0,3,0,3,4.0,1,3.0,1,3.0,0,4,1,2.0,2,23279.0,7759.67,16.0,5.0,0,0
38.0,0,1,17.0,3,1,4,4.0,3,3.0,1,8.0,0,3,1,3.0,3,28726.0,7181.5,12.0,7.0,1,1
35.0,1,1,27.0,1,0,3,2.0,0,3.0,0,2.0,0,1,1,1.0,1,21263.0,7087.67,2.0,4.0,0,0
29.0,1,1,10.0,1,0,3,4.0,0,5.0,1,2.0,0,4,0,0.0,1,17109.0,5703.0,16.0,3.0,0,0
19.0,1,3,16.0,3,1,3,4.0,0,3.0,2,3.0,0,5,0,2.0,1,20289.0,6763.0,20.0,5.0,0,1
28.0,1,1,6.0,2,0,3,5.0,0,4.0,2,1.0,1,2,1,0.0,1,17216.0,5738.67,10.0,3.0,0,1
37.0,0,3,25.0,3,1,2,3.0,3,4.0,2,2.0,1,5,0,0.0,3,22642.0,11321.0,15.0,2.0,0,0
44.0,1,3,34.0,3,0,2,1.0,4,3.0,1,4.0,1,1,1,0.0,0,28320.0,14160.0,1.0,2.0,1,0
22.0,1,1,14.0,2,1,3,5.0,0,5.0,0,2.0,0,2,1,0.0,1,17451.0,5817.0,10.0,3.0,0,0
32.0,1,1,11.0,2,1,3,1.0,0,4.0,1,1.0,1,1,1,2.0,1,18298.0,6099.33,1.0,5.0,0,0
31.0,0,1,9.0,3,1,3,3.0,3,3.0,1,1.0,0,4,1,2.0,3,28675.0,9558.33,12.0,5.0,0,0
31.0,0,3,6.0,2,0,2,5.0,0,3.0,2,2.0,0,3,1,1.0,1,16359.0,8179.5,15.0,3.0,0,1
29.0,1,1,24.0,3,1,2,4.0,0,3.0,2,2.0,1,3,0,1.0,1,17389.0,8694.5,12.0,3.0,0,1
33.0,0,3,6.0,2,0,2,2.0,1,5.0,0,3.0,0,3,1,0.0,2,20376.0,10188.0,6.0,2.0,0,0
48.0,1,1,6.0,2,1,3,4.0,3,3.0,2,1.0,1,5,0,2.0,3,20381.0,6793.67,20.0,5.0,0,1
41.0,1,3,6.0,2,0,3,3.0,1,3.0,2,1.0,1,4,0,2.0,2,20993.0,6997.67,12.0,5.0,0,1
30.0,1,1,11.0,1,0,2,3.0,0,5.0,1,6.0,0,5,1,1.0,1,18204.0,9102.0,15.0,3.0,1,0
42.0,1,1,7.0,2,1,4,4.0,0,3.0,1,5.0,0,1,0,1.0,1,21460.0,5365.0,4.0,5.0,1,0
29.0,1,1,16.0,3,0,4,4.0,0,3.0,1,7.0,0,3,0,1.0,1,21055.0,5263.75,12.0,5.0,1,0
40.0,1,2,9.0,2,0,3,5.0,1,3.0,0,2.0,0,3,0,1.0,2,23882.0,7960.67,15.0,4.0,0,0
40.0,1,3,10.0,3,0,3,4.0,1,3.0,1,6.0,1,4,1,2.0,2,23916.0,7972.0,16.0,5.0,1,1
33.0,1,1,15.0,3,1,2,3.0,0,3.0,1,1.0,0,1,0,1.0,1,17781.0,8890.5,3.0,3.0,0,0
31.0,0,3,19.0,2,1,4,5.0,0,5.0,1,3.0,0,5,1,3.0,1,20711.0,5177.75,25.0,7.0,0,1
38.0,0,1,18.0,2,1,3,4.0,3,3.0,1,3.0,1,3,1,2.0,3,30863.0,10287.67,12.0,5.0,0,0
38.0,1,1,32.0,3,0,3,5.0,1,3.0,1,2.0,0,3,0,2.0,2,24409.0,8136.33,15.0,5.0,0,0
48.0,0,1,6.0,3,1,2,1.0,4,3.0,2,3.0,0,2,0,0.0,0,31885.0,15942.5,2.0,2.0,0,0
44.0,1,1,15.0,2,0,4,4.0,1,3.0,1,6.0,1,2,0,1.0,2,23200.0,5800.0,8.0,5.0,1,0
36.0,1,1,13.0,2,1,4,4.0,0,3.0,0,2.0,1,3,1,2.0,1,22184.0,5546.0,12.0,6.0,0,0
29.0,0,1,31.0,1,1,4,5.0,3,5.0,2,3.0,0,2,0,1.0,3,27400.0,6850.0,10.0,5.0,0,1
30.0,0,1,29.0,2,1,3,5.0,0,3.0,1,2.0,0,3,0,0.0,1,17613.0,5871.0,15.0,3.0,0,0
34.0,0,1,12.0,2,0,4,4.0,3,4.0,1,8.0,0,3,1,2.0,3,30556.0,7639.0,12.0,6.0,1,0
27.0,1,1,14.0,3,0,3,5.0,3,5.0,1,2.0,1,4,1,2.0,3,21553.0,7184.33,20.0,5.0,0,1
39.0,1,1,6.0,2,0,3,4.0,4,3.0,0,2.0,0,3,0,1.0,0,27742.0,9247.33,12.0,4.0,0,0
53.0,0,1,26.0,3,1,3,4.0,0,3.0,0,2.0,0,3,1,1.0,1,22936.0,7645.33,12.0,4.0,0,0
35.0,1,3,15.0,2,0,4,4.0,1,5.0,0,7.0,0,2,1,1.0,2,25178.0,6294.5,8.0,5.0,1,0
28.0,1,1,11.0,2,1,3,2.0,1,4.0,1,3.0,1,4,1,1.0,2,24820.0,8273.33,8.0,4.0,0,0
27.0,1,3,8.0,3,1,2,3.0,0,5.0,1,1.0,0,5,1,1.0,1,18041.0,9020.5,15.0,3.0,0,1
42.0,0,1,8.0,2,1,2,3.0,4,3.0,0,1.0,1,4,0,1.0,0,32861.0,16430.5,12.0,3.0,0,0
36.0,0,3,16.0,3,1,2,3.0,3,3.0,2,2.0,0,2,1,1.0,3,24980.0,12490.0,6.0,3.0,0,0
47.0,1,3,7.0,3,0,4,4.0,3,5.0,1,3.0,0,1,1,3.0,3,29131.0,7282.75,4.0,7.0,0,0
35.0,1,1,17.0,2,1,3,4.0,0,4.0,1,3.0,0,2,1,1.0,1,20686.0,6895.33,8.0,4.0,0,0
44.0,1,3,6.0,3,0,3,3.0,1,5.0,1,6.0,1,1,1,1.0,2,20454.0,6818.0,3.0,4.0,1,0
51.0,1,3,27.0,3,1,3,3.0,1,3.0,2,1.0,1,5,1,1.0,2,20441.0,6813.67,15.0,4.0,0,0
35.0,1,1,15.0,3,0,4,4.0,1,3.0,2,5.0,0,4,1,2.0,2,24820.0,6205.0,16.0,6.0,1,0
58.0,1,1,11.0,1,0,2,4.0,3,4.0,1,3.0,1,5,1,1.0,3,25552.0,12776.0,20.0,3.0,0,0
59.0,1,2,12.0,3,1,2,3.0,0,3.0,1,1.0,0,4,0,0.0,1,17267.0,8633.5,12.0,2.0,0,0
40.0,1,1,26.0,2,1,3,4.0,1,3.0,1,2.0,0,5,1,1.0,2,22580.0,7526.67,20.0,4.0,0,0
37.0,0,3,6.0,3,1,2,5.0,1,3.0,1,2.0,0,1,0,1.0,2,24525.0,12262.5,5.0,3.0,0,0
47.0,1,1,9.0,1,1,3,4.0,1,3.0,1,4.0,0,2,1,1.0,2,26057.0,8685.67,8.0,4.0,1,0
34.0,1,2,10.0,2,1,3,4.0,0,4.0,1,5.0,1,5,0,2.0,1,20955.0,6985.0,20.0,5.0,1,0
37.0,1,1,9.0,2,0,3,4.0,1,4.0,2,2.0,1,3,1,1.0,2,24088.0,8029.33,12.0,4.0,0,0
47.0,0,3,33.0,2,0,3,1.0,1,3.0,2,5.0,1,4,0,1.0,2,21397.0,7132.33,4.0,4.0,1,1
31.0,1,1,16.0,3,1,3,5.0,0,3.0,2,3.0,0,4,0,2.0,1,20884.0,6961.33,20.0,5.0,0,0
35.0,1,3,23.0,2,1,3,3.0,1,5.0,0,4.0,1,3,1,1.0,2,23966.0,7988.67,9.0,4.0,1,0
23.0,1,1,7.0,2,1,3,5.0,1,3.0,0,8.0,0,2,1,1.0,2,23453.0,7817.67,10.0,4.0,1,0
22.0,1,1,14.0,2,1,3,5.0,0,5.0,1,2.0,0,1,0,1.0,1,17451.0,5817.0,5.0,4.0,0,0
59.0,1,2,12.0,3,1,2,3.0,0,3.0,0,1.0,0,4,1,0.0,1,17267.0,8633.5,12.0,2.0,0,0
21.0,1,1,16.0,2,0,2,4.0,0,5.0,2,2.0,0,3,0,1.0,1,16416.0,8208.0,12.0,3.0,0,1
38.0,1,3,13.0,3,0,2,2.0,1,5.0,1,2.0,1,3,0,0.0,2,20605.0,10302.5,6.0,2.0,0,0
31.0,1,3,12.0,3,1,3,1.0,1,3.0,1,5.0,0,5,1,1.0,2,20460.0,6820.0,5.0,4.0,1,0
32.0,1,3,13.0,3,1,4,3.0,1,3.0,1,6.0,0,5,1,3.0,2,24138.0,6034.5,15.0,7.0,1,0
37.0,0,3,10.0,3,1,3,5.0,3,3.0,1,6.0,0,1,0,1.0,3,28377.0,9459.0,5.0,4.0,1,0
26.0,0,1,9.0,2,1,4,2.0,1,3.0,1,3.0,0,1,0,2.0,2,23884.0,5971.0,2.0,6.0,0,0
54.0,1,1,25.0,3,0,3,3.0,1,5.0,1,1.0,1,3,0,2.0,2,20485.0,6828.33,9.0,5.0,0,0
35.0,1,1,22.0,3,1,2,1.0,0,4.0,1,1.0,0,4,1,1.0,1,17426.0,8713.0,4.0,3.0,0,0
56.0,1,3,20.0,3,1,3,2.0,4,3.0,2,8.0,1,3,1,2.0,0,32373.0,10791.0,6.0,5.0,1,1
29.0,1,1,15.0,2,0,4,4.0,0,3.0,2,3.0,0,4,1,2.0,1,21988.0,5497.0,16.0,6.0,0,0
29.0,1,3,29.0,2,0,2,4.0,3,5.0,1,2.0,0,3,1,1.0,3,22336.0,11168.0,12.0,3.0,0,1
46.0,0,1,14.0,2,1,4,4.0,3,5.0,1,3.0,0,2,1,3.0,3,23888.0,5972.0,8.0,7.0,0,0
41.0,1,3,26.0,3,0,3,3.0,0,4.0,2,2.0,1,4,0,1.0,1,18140.0,6046.67,12.0,4.0,0,1
34.0,1,3,14.0,1,1,3,1.0,1,3.0,1,2.0,0,1,0,2.0,2,21799.0,7266.33,1.0,5.0,0,0
25.0,1,1,28.0,1,1,3,5.0,0,5.0,1,2.0,0,3,0,1.0,1,20974.0,6991.33,15.0,4.0,0,0
56.0,0,3,9.0,2,0,3,5.0,0,3.0,2,2.0,0,5,0,1.0,1,32255.0,10751.67,25.0,4.0,0,1
37.0,1,3,16.0,2,0,2,4.0,1,3.0,1,3.0,1,4,0,0.0,2,21694.0,10847.0,16.0,2.0,0,0
25.0,1,3,7.0,1,0,4,4.0,0,4.0,2,3.0,1,4,0,1.0,1,21880.0,5470.0,16.0,5.0,0,1
32.0,0,1,10.0,3,1,4,4.0,3,3.0,1,2.0,0,4,1,1.0,3,32353.0,8088.25,16.0,5.0,0,0
56.0,0,1,15.0,3,1,3,5.0,4,4.0,1,3.0,1,3,1,2.0,0,32255.0,10751.67,15.0,5.0,0,0
30.0,0,3,32.0,3,0,2,4.0,1,5.0,2,6.0,0,1,1,1.0,2,21696.0,10848.0,4.0,3.0,1,1
29.0,1,3,25.0,2,1,3,4.0,1,3.0,1,2.0,0,4,1,0.0,2,23620.0,7873.33,16.0,3.0,0,0
26.0,1,2,27.0,3,0,4,4.0,0,4.0,1,2.0,1,3,0,2.0,1,22347.0,5586.75,12.0,6.0,0,1
40.0,0,1,11.0,3,0,3,4.0,1,3.0,2,2.0,0,3,1,1.0,2,23720.0,7906.67,12.0,4.0,0,0
40.0,1,1,14.0,2,0,3,3.0,1,5.0,1,3.0,1,1,0,0.0,2,21516.0,7172.0,3.0,3.0,0,0
51.0,1,1,31.0,2,1,4,4.0,4,3.0,0,5.0,1,4,0,1.0,0,32651.0,8162.75,16.0,5.0,1,0
50.0,1,1,35.0,2,1,2,4.0,4,3.0,0,1.0,0,5,1,1.0,0,32046.0,16023.0,20.0,3.0,0,0
41.0,1,1,22.0,2,0,4,5.0,3,3.0,1,3.0,0,1,1,2.0,3,29113.0,7278.25,5.0,6.0,0,0
37.0,1,3,9.0,2,1,2,3.0,3,3.0,2,3.0,0,3,0,0.0,3,22428.0,11214.0,9.0,2.0,0,0
28.0,1,3,17.0,3,0,4,5.0,1,3.0,0,3.0,1,3,1,3.0,2,24447.0,6111.75,15.0,7.0,0,0
35.0,1,1,14.0,2,0,3,4.0,3,4.0,2,2.0,0,5,0,1.0,3,30672.0,10224.0,20.0,4.0,0,0
37.0,1,1,23.0,2,0,3,2.0,0,5.0,2,3.0,0,1,1,1.0,1,21421.0,7140.33,2.0,4.0,0,1
24.0,1,1,16.0,3,1,3,4.0,0,5.0,0,3.0,0,3,0,2.0,1,21178.0,7059.33,12.0,5.0,0,0
23.0,1,1,22.0,3,0,3,4.0,0,3.0,2,3.0,0,2,1,2.0,1,21549.0,7183.0,8.0,5.0,0,0
60.0,1,1,10.0,3,0,3,3.0,0,5.0,0,6.0,1,2,1,2.0,1,21348.0,7116.0,6.0,5.0,1,0
30.0,1,3,10.0,3,0,3,4.0,1,4.0,1,2.0,1,3,1,1.0,2,20209.0,6736.33,12.0,4.0,0,0
31.0,1,3,19.0,1,0,3,4.0,1,3.0,2,2.0,0,1,1,2.0,2,25255.0,8418.33,4.0,5.0,0,0
22.0,1,1,25.0,3,1,3,3.0,0,3.0,1,2.0,0,1,1,0.0,1,17323.0,5774.33,3.0,3.0,0,0
40.0,1,1,30.0,3,1,4,4.0,0,5.0,2,2.0,0,3,0,3.0,1,22582.0,5645.5,12.0,7.0,0,1
42.0,1,1,13.0,3,1,3,4.0,0,5.0,2,4.0,1,4,1,2.0,1,23399.0,7799.67,16.0,5.0,1,0
20.0,1,3,28.0,2,1,3,5.0,0,4.0,2,3.0,1,2,0,2.0,1,20799.0,6933.0,10.0,5.0,0,1
30.0,1,1,16.0,3,0,3,3.0,3,3.0,2,1.0,0,4,0,0.0,3,24667.0,8222.33,12.0,3.0,0,0
43.0,0,1,36.0,2,0,4,4.0,1,3.0,1,4.0,0,3,1,3.0,2,23234.0,5808.5,12.0,7.0,1,0
48.0,0,3,30.0,2,1,3,5.0,0,3.0,2,2.0,1,1,1,2.0,1,17559.0,5853.0,5.0,5.0,0,1
34.0,1,1,33.0,3,0,3,3.0,0,4.0,2,3.0,0,3,1,0.0,1,17311.0,5770.33,9.0,3.0,0,0
27.0,1,1,7.0,3,1,3,5.0,0,5.0,1,3.0,0,3,1,2.0,1,22633.0,7544.33,15.0,5.0,0,0
54.0,1,3,14.0,3,0,4,5.0,3,3.0,1,2.0,1,1,0,2.0,3,29612.0,7403.0,5.0,6.0,0,0
35.0,0,1,9.0,2,1,4,4.0,1,3.0,2,4.0,0,4,1,3.0,2,22711.0,5677.75,16.0,7.0,1,0
49.0,0,1,24.0,2,1,3,3.0,1,3.0,1,2.0,1,2,0,1.0,2,21804.0,7268.0,6.0,4.0,0,0
56.0,1,1,29.0,1,1,4,5.0,0,4.0,1,7.0,0,1,1,2.0,1,22215.0,5553.75,5.0,6.0,1,0
31.0,1,3,12.0,3,0,2,5.0,1,3.0,1,3.0,0,1,1,1.0,2,24796.0,12398.0,5.0,3.0,0,0
33.0,0,1,9.0,2,1,4,4.0,0,3.0,2,2.0,0,5,1,2.0,1,21746.0,5436.5,20.0,6.0,0,0
45.0,1,3,17.0,2,0,2,3.0,4,3.0,1,4.0,0,4,0,1.0,0,32650.0,16325.0,12.0,3.0,1,0
23.0,1,1,12.0,2,1,3,1.0,0,5.0,1,2.0,1,3,0,0.0,1,16601.0,5533.67,3.0,3.0,0,1
25.0,1,1,24.0,2,1,4,5.0,0,4.0,1,3.0,0,3,1,2.0,1,20805.0,5201.25,15.0,6.0,0,0
28.0,1,1,21.0,2,1,3,4.0,0,5.0,0,3.0,1,4,1,1.0,1,20913.0,6971.0,16.0,4.0,0,0
52.0,1,1,11.0,2,1,3,4.0,0,3.0,1,2.0,1,1,0,1.0,1,21139.0,7046.33,4.0,4.0,0,1
29.0,1,1,6.0,1,1,2,3.0,0,3.0,2,1.0,0,2,0,0.0,1,17058.0,8529.0,6.0,2.0,0,1
30.0,0,1,7.0,1,1,3,4.0,1,3.0,0,3.0,0,3,0,2.0,2,22997.0,7665.67,12.0,5.0,0,0
50.0,1,1,8.0,3,1,3,3.0,2,3.0,0,3.0,1,2,1,1.0,4,34237.0,11412.33,6.0,4.0,0,0
46.0,1,3,15.0,3,1,3,4.0,3,3.0,2,2.0,0,5,0,1.0,3,24619.0,8206.33,20.0,4.0,0,1
47.0,0,1,14.0,3,0,2,4.0,1,3.0,0,4.0,0,5,0,1.0,2,23936.0,11968.0,20.0,3.0,1,0
47.0,0,1,6.0,3,0,3,3.0,3,4.0,1,1.0,0,5,0,0.0,3,26957.0,8985.67,15.0,3.0,0,0
43.0,0,3,32.0,2,1,3,3.0,4,3.0,1,2.0,1,1,1,0.0,0,31959.0,10653.0,3.0,3.0,0,0
35.0,1,1,6.0,3,1,1,4.0,0,3.0,2,2.0,0,4,1,0.0,1,17859.0,17859.0,16.0,1.0,0,0
30.0,0,1,17.0,2,0,3,5.0,0,3.0,2,3.0,0,4,1,1.0,1,25301.0,8433.67,20.0,4.0,0,1
45.0,0,1,31.0,3,1,3,6.0,0,3.0,2,4.0,0,3,0,2.0,1,22386.0,7462.0,18.0,5.0,1,0
30.0,1,3,27.0,3,1,3,4.0,1,3.0,1,4.0,0,1,1,1.0,2,25609.0,8536.33,4.0,4.0,1,0
35.0,1,2,10.0,2,1,3,4.0,0,3.0,1,2.0,0,1,1,1.0,1,22415.0,7471.67,4.0,4.0,0,0
40.0,1,1,17.0,3,1,4,4.0,3,3.0,2,2.0,0,3,1,1.0,3,32142.0,8035.5,12.0,5.0,0,0
33.0,1,3,14.0,2,1,4,5.0,1,3.0,1,3.0,0,3,1,1.0,2,24162.0,6040.5,15.0,5.0,0,0
30.0,1,1,30.0,2,1,3,4.0,0,3.0,2,2.0,0,3,0,1.0,1,20879.0,6959.67,12.0,4.0,0,0
34.0,1,3,17.0,3,1,3,4.0,1,3.0,2,3.0,0,1,0,1.0,2,24165.0,8055.0,4.0,4.0,0,0
38.0,1,1,18.0,3,0,4,6.0,1,4.0,1,7.0,0,4,1,1.0,2,23455.0,5863.75,24.0,5.0,1,1
40.0,1,1,22.0,2,0,2,3.0,3,3.0,2,7.0,1,4,1,0.0,3,22945.0,11472.5,12.0,2.0,1,0
46.0,1,1,16.0,2,1,3,4.0,1,4.0,1,2.0,0,4,1,1.0,2,21026.0,7008.67,16.0,4.0,0,0
51.0,0,1,27.0,3,1,3,4.0,4,3.0,1,4.0,1,4,1,2.0,0,29923.0,9974.33,16.0,5.0,1,0
42.0,1,3,6.0,2,1,2,3.0,1,3.0,0,2.0,0,3,1,0.0,2,19907.0,9953.5,9.0,2.0,0,0
34.0,1,1,6.0,2,0,2,4.0,0,4.0,0,6.0,0,1,1,1.0,1,18294.0,9147.0,4.0,3.0,1,0
30.0,0,1,7.0,2,1,4,2.0,1,3.0,2,2.0,1,3,0,2.0,2,24972.0,6243.0,6.0,6.0,0,0
41.0,1,2,6.0,2,1,2,4.0,2,3.0,0,2.0,0,2,1,1.0,4,34189.0,17094.5,8.0,3.0,0,0
30.0,0,1,9.0,2,1,3,4.0,1,3.0,1,3.0,0,3,0,1.0,2,27531.0,9177.0,12.0,4.0,0,0
50.0,1,1,8.0,3,1,3,3.0,2,3.0,1,3.0,1,1,1,2.0,4,34237.0,11412.33,3.0,5.0,0,0
51.0,0,3,7.0,2,1,3,4.0,1,3.0,2,5.0,1,1,1,2.0,2,23406.0,7802.0,4.0,5.0,1,1
26.0,0,1,13.0,3,1,3,3.0,0,3.0,2,2.0,0,4,1,2.0,1,17570.0,5856.67,12.0,5.0,0,0
38.0,1,1,21.0,2,1,3,4.0,3,3.0,1,1.0,1,5,1,1.0,3,26510.0,8836.67,20.0,4.0,0,0
31.0,1,1,7.0,3,1,4,4.0,0,4.0,0,2.0,1,4,1,3.0,1,22257.0,5564.25,16.0,7.0,0,0
33.0,1,3,9.0,3,1,3,5.0,1,4.0,2,2.0,1,1,1,1.0,2,28585.0,9528.33,5.0,4.0,0,1
20.0,1,1,32.0,2,0,3,2.0,0,3.0,2,3.0,1,5,1,1.0,1,21672.0,7224.0,10.0,4.0,0,0
41.0,1,1,9.0,2,1,4,4.0,1,3.0,2,3.0,0,3,1,3.0,2,23339.0,5834.75,12.0,7.0,0,0
31.0,1,3,14.0,3,1,3,4.0,0,4.0,2,2.0,0,2,1,1.0,1,21661.0,7220.33,8.0,4.0,0,0
35.0,1,1,7.0,2,1,3,5.0,0,3.0,0,3.0,1,2,0,1.0,1,22300.0,7433.33,10.0,4.0,0,0
52.0,1,1,9.0,3,1,2,4.0,3,3.0,1,3.0,1,1,1,0.0,3,22969.0,11484.5,4.0,2.0,0,0
28.0,0,1,6.0,3,1,2,4.0,0,4.0,1,2.0,0,4,1,0.0,1,17596.0,8798.0,16.0,2.0,0,1
26.0,1,3,17.0,2,1,3,4.0,1,3.0,2,2.0,0,2,0,2.0,2,23628.0,7876.0,8.0,5.0,0,0
27.0,1,1,14.0,2,1,4,2.0,0,5.0,2,2.0,0,1,1,1.0,1,22256.0,5564.0,2.0,5.0,0,0
45.0,1,2,7.0,3,1,4,5.0,3,5.0,1,2.0,0,4,1,1.0,3,29160.0,7290.0,20.0,5.0,0,1
35.0,1,1,15.0,2,0,3,4.0,3,3.0,1,2.0,1,4,1,2.0,3,25685.0,8561.67,16.0,5.0,0,0
45.0,1,2,7.0,2,0,3,5.0,1,3.0,2,6.0,0,5,1,2.0,2,24663.0,8221.0,25.0,5.0,1,0
25.0,1,3,11.0,3,1,2,4.0,1,3.0,2,2.0,1,3,0,1.0,2,20744.0,10372.0,12.0,3.0,0,1
24.0,0,3,30.0,3,1,2,3.0,0,3.0,0,1.0,0,4,0,1.0,1,17400.0,8700.0,12.0,3.0,0,0
35.0,1,1,16.0,2,1,3,4.0,3,3.0,1,2.0,0,5,1,2.0,3,27178.0,9059.33,20.0,5.0,0,0
35.0,1,3,16.0,3,1,2,4.0,3,5.0,1,1.0,0,5,1,1.0,3,25306.0,12653.0,20.0,3.0,0,1
35.0,0,3,26.0,3,1,4,3.0,1,3.0,2,2.0,1,2,1,3.0,2,23982.0,5995.5,6.0,7.0,0,1
38.0,1,1,8.0,2,1,2,3.0,1,3.0,0,1.0,0,2,0,1.0,2,21553.0,10776.5,6.0,3.0,0,0
27.0,1,1,7.0,3,1,4,4.0,0,5.0,2,2.0,0,5,1,3.0,1,21545.0,5386.25,20.0,7.0,0,0
36.0,1,1,11.0,2,1,3,3.0,1,4.0,2,1.0,0,2,0,2.0,2,20914.0,6971.33,6.0,5.0,0,0
27.0,0,1,9.0,2,1,3,4.0,0,5.0,1,8.0,1,5,0,1.0,1,20720.0,6906.67,20.0,4.0,1,1
26.0,1,3,15.0,2,1,3,2.0,1,4.0,1,2.0,0,4,1,1.0,2,23529.0,7843.0,8.0,4.0,0,0
43.0,1,3,10.0,3,0,2,4.0,3,3.0,2,4.0,0,3,1,0.0,3,25231.0,12615.5,12.0,2.0,1,0
24.0,0,3,8.0,2,0,3,4.0,0,4.0,2,3.0,1,5,1,2.0,1,19901.0,6633.67,20.0,5.0,0,1
21.0,0,3,6.0,1,0,2,4.0,0,4.0,2,2.0,1,5,1,1.0,1,17174.0,8587.0,20.0,3.0,0,1
37.0,1,1,13.0,2,1,3,6.0,0,3.0,1,3.0,0,1,1,1.0,1,21419.0,7139.67,6.0,4.0,0,0
29.0,1,1,13.0,1,0,2,3.0,0,3.0,1,4.0,1,4,1,0.0,1,31124.0,15562.0,12.0,2.0,1,1
59.0,0,3,6.0,2,0,2,4.0,1,3.0,2,1.0,0,5,1,0.0,2,20473.0,10236.5,20.0,2.0,0,0
35.0,1,3,31.0,3,0,3,5.0,1,4.0,2,2.0,1,5,1,1.0,2,23277.0,7759.0,25.0,4.0,0,1
33.0,1,3,7.0,2,1,3,6.0,1,4.0,2,8.0,0,3,0,2.0,2,25413.0,8471.0,18.0,5.0,1,1
39.0,1,1,6.0,2,0,3,4.0,4,3.0,1,2.0,0,3,1,0.0,0,27742.0,9247.33,12.0,3.0,0,0
31.0,1,3,23.0,2,1,4,4.0,1,3.0,0,2.0,0,3,0,3.0,2,23979.0,5994.75,12.0,7.0,0,0
38.0,1,1,6.0,2,0,2,3.0,0,5.0,2,4.0,0,1,0,1.0,1,17619.0,8809.5,3.0,3.0,1,0
38.0,1,1,21.0,2,0,4,4.0,0,5.0,1,3.0,0,4,1,2.0,1,21712.0,5428.0,16.0,6.0,0,0
37.0,0,1,25.0,2,1,4,4.0,1,3.0,2,4.0,0,3,0,2.0,2,26457.0,6614.25,12.0,6.0,1,0
31.0,0,3,33.0,3,0,3,5.0,1,5.0,2,7.0,0,2,0,2.0,2,25374.0,8458.0,10.0,5.0,1,1
37.0,1,1,9.0,2,1,2,3.0,3,3.0,0,2.0,0,2,1,0.0,3,24434.0,12217.0,6.0,2.0,0,0
54.0,1,3,13.0,3,1,3,4.0,1,3.0,1,4.0,1,5,0,2.0,2,20984.0,6994.67,20.0,5.0,1,0
27.0,1,1,8.0,1,1,2,3.0,0,4.0,1,2.0,0,4,1,1.0,1,17226.0,8613.0,12.0,3.0,0,0
43.0,1,3,8.0,3,1,3,3.0,1,3.0,1,2.0,1,3,0,0.0,2,22847.0,7615.67,9.0,3.0,0,0
35.0,0,3,8.0,2,0,3,6.0,0,3.0,2,3.0,0,3,0,2.0,1,23122.0,7707.33,18.0,5.0,0,1
24.0,1,1,27.0,1,1,2,4.0,0,5.0,1,1.0,0,3,0,0.0,1,17296.0,8648.0,12.0,2.0,0,0
46.0,0,3,9.0,2,0,4,4.0,1,3.0,1,6.0,0,1,1,3.0,2,23832.0,5958.0,4.0,7.0,1,0
28.0,1,1,9.0,3,0,3,3.0,3,4.0,1,1.0,0,4,0,0.0,3,22655.0,7551.67,12.0,3.0,0,0
57.0,1,1,7.0,2,0,3,4.0,0,5.0,0,4.0,0,5,1,2.0,1,20744.0,6914.67,20.0,5.0,1,0
26.0,1,1,27.0,3,1,2,3.0,0,3.0,1,2.0,0,5,1,1.0,1,17377.0,8688.5,15.0,3.0,0,1
32.0,0,3,27.0,2,1,4,2.0,0,3.0,0,2.0,0,5,1,2.0,1,21469.0,5367.25,10.0,6.0,0,0
59.0,1,1,9.0,2,1,3,4.0,0,3.0,1,4.0,0,3,0,0.0,1,17177.0,5725.67,12.0,3.0,1,0
58.0,1,3,36.0,3,1,3,5.0,4,3.0,1,5.0,0,3,1,1.0,0,32796.0,10932.0,15.0,4.0,1,0
29.0,1,1,21.0,2,1,2,3.0,0,3.0,2,2.0,0,3,0,0.0,1,17340.0,8670.0,9.0,2.0,0,0
23.0,1,1,7.0,2,1,3,5.0,1,3.0,1,8.0,0,1,1,2.0,2,23453.0,7817.67,5.0,5.0,1,0
23.0,1,1,14.0,2,1,4,4.0,0,4.0,2,3.0,1,3,1,1.0,1,21150.0,5287.5,12.0,5.0,0,1
45.0,1,2,7.0,2,0,3,4.0,0,3.0,1,6.0,1,3,1,1.0,1,21873.0,7291.0,12.0,4.0,1,0
43.0,1,1,7.0,2,0,4,4.0,0,5.0,1,5.0,0,3,1,2.0,1,21254.0,5313.5,12.0,6.0,1,0
21.0,0,1,13.0,2,0,4,5.0,0,3.0,2,3.0,1,2,1,2.0,1,21604.0,5401.0,10.0,6.0,0,1
31.0,0,1,30.0,2,1,4,6.0,0,3.0,1,3.0,0,3,1,3.0,1,21291.0,5322.75,18.0,7.0,0,0
48.0,1,1,8.0,1,1,3,1.0,0,4.0,2,6.0,0,2,0,2.0,1,17559.0,5853.0,2.0,5.0,1,0
32.0,0,3,12.0,3,0,3,4.0,0,4.0,1,3.0,0,3,0,2.0,1,21467.0,7155.67,12.0,5.0,0,0
34.0,1,3,16.0,2,0,2,3.0,0,3.0,1,2.0,1,1,0,1.0,1,17220.0,8610.0,3.0,3.0,0,0
33.0,1,1,32.0,2,1,3,4.0,0,3.0,2,3.0,1,5,1,1.0,1,21473.0,7157.67,20.0,4.0,0,1
37.0,1,1,34.0,3,1,4,4.0,1,3.0,0,8.0,0,3,1,1.0,2,23915.0,5978.75,12.0,5.0,1,0
41.0,1,1,9.0,2,0,3,4.0,0,5.0,1,6.0,0,4,1,2.0,1,22055.0,7351.67,16.0,5.0,1,0
25.0,1,3,10.0,2,0,4,4.0,1,3.0,2,2.0,0,2,1,1.0,2,23255.0,5813.75,8.0,5.0,0,1
38.0,0,1,29.0,2,1,2,4.0,3,3.0,2,1.0,0,3,0,0.0,3,24526.0,12263.0,12.0,2.0,0,0
44.0,1,1,34.0,1,1,3,2.0,0,4.0,1,7.0,0,5,1,2.0,1,23554.0,7851.33,10.0,5.0,1,0
55.0,0,1,14.0,3,1,2,4.0,4,4.0,1,2.0,1,3,1,1.0,0,28577.0,14288.5,12.0,3.0,0,0
33.0,1,1,10.0,3,0,2,4.0,0,4.0,0,7.0,0,4,0,0.0,1,17622.0,8811.0,16.0,2.0,1,0
33.0,0,1,12.0,2,1,1,3.0,1,3.0,1,4.0,0,5,1,0.0,2,22725.0,22725.0,15.0,1.0,1,0
34.0,0,1,23.0,1,1,2,4.0,0,3.0,1,1.0,1,5,1,1.0,1,23500.0,11750.0,20.0,3.0,0,1
42.0,1,3,20.0,3,0,3,4.0,1,3.0,2,1.0,0,3,0,0.0,2,21244.0,7081.33,12.0,3.0,0,0
31.0,0,3,26.0,3,0,2,3.0,1,3.0,1,2.0,0,1,1,1.0,2,21932.0,10966.0,3.0,3.0,0,0
43.0,0,1,26.0,3,1,3,2.0,0,3.0,1,8.0,1,3,0,1.0,1,21437.0,7145.67,6.0,4.0,1,1
35.0,1,3,6.0,3,1,3,3.0,3,4.0,1,2.0,0,4,0,0.0,3,22295.0,7431.67,12.0,3.0,0,0
36.0,1,1,28.0,2,0,3,4.0,1,3.0,1,3.0,1,3,0,1.0,2,22692.0,7564.0,12.0,4.0,0,0
30.0,1,2,24.0,2,1,3,5.0,3,5.0,2,3.0,0,3,0,1.0,3,26666.0,8888.67,15.0,4.0,0,0
33.0,0,1,20.0,2,0,4,5.0,0,4.0,1,3.0,0,5,1,1.0,1,21421.0,5355.25,25.0,5.0,0,0
46.0,1,3,9.0,3,1,2,3.0,4,3.0,0,4.0,0,2,1,0.0,0,32465.0,16232.5,6.0,2.0,1,0
38.0,1,1,7.0,1,0,3,4.0,3,3.0,2,6.0,0,5,1,1.0,3,26169.0,8723.0,20.0,4.0,1,0
26.0,1,3,15.0,2,1,3,3.0,1,4.0,0,2.0,0,4,0,1.0,2,23529.0,7843.0,12.0,4.0,0,0
44.0,1,1,18.0,2,1,2,4.0,3,3.0,1,3.0,0,1,1,1.0,3,26188.0,13094.0,4.0,3.0,0,0
34.0,0,3,9.0,3,0,4,4.0,1,4.0,2,2.0,0,1,0,1.0,2,23825.0,5956.25,4.0,5.0,0,0
33.0,1,1,9.0,1,1,4,4.0,0,5.0,2,3.0,0,1,1,2.0,1,21117.0,5279.25,4.0,6.0,0,0
43.0,1,1,31.0,3,1,3,4.0,3,5.0,1,3.0,1,1,1,1.0,3,26084.0,8694.67,4.0,4.0,0,0
31.0,0,3,29.0,2,0,4,4.0,3,5.0,0,2.0,0,2,1,1.0,3,27090.0,6772.5,8.0,5.0,0,0
46.0,1,3,8.0,3,0,3,3.0,4,5.0,0,1.0,0,2,1,0.0,0,32048.0,10682.67,6.0,3.0,0,0
56.0,1,1,15.0,3,1,2,3.0,4,3.0,1,1.0,0,4,0,0.0,0,26103.0,13051.5,12.0,2.0,0,0
37.0,1,1,8.0,2,1,3,4.0,0,3.0,2,7.0,1,3,0,2.0,1,17090.0,5696.67,12.0,5.0,1,1
29.0,1,3,16.0,2,1,4,4.0,1,3.0,2,3.0,0,3,1,1.0,2,23931.0,5982.75,12.0,5.0,0,0
36.0,1,1,32.0,3,0,3,4.0,3,3.0,1,3.0,1,3,0,2.0,3,29066.0,9688.67,12.0,5.0,0,0
34.0,1,1,9.0,2,0,3,3.0,1,4.0,1,2.0,0,5,1,2.0,2,20433.0,6811.0,15.0,5.0,0,0
32.0,1,1,9.0,2,1,4,4.0,0,3.0,1,3.0,0,5,0,3.0,1,22155.0,5538.75,20.0,7.0,0,0
58.0,1,1,8.0,1,0,3,4.0,3,3.0,1,1.0,0,5,0,0.0,3,17372.0,5790.67,20.0,3.0,0,1
35.0,1,3,15.0,2,0,4,4.0,1,5.0,1,7.0,0,1,1,3.0,2,25178.0,6294.5,4.0,7.0,1,0
32.0,0,1,27.0,2,1,4,4.0,3,3.0,0,5.0,0,3,1,1.0,3,28502.0,7125.5,12.0,5.0,1,1
40.0,0,1,9.0,2,0,3,5.0,0,5.0,2,4.0,1,3,0,1.0,1,22324.0,7441.33,15.0,4.0,1,1
36.0,1,1,12.0,2,1,2,5.0,0,3.0,1,2.0,0,2,0,0.0,1,17741.0,8870.5,10.0,2.0,0,0
36.0,1,3,23.0,3,1,4,4.0,3,4.0,0,2.0,0,2,1,3.0,3,26698.0,6674.5,8.0,7.0,0,0
30.0,0,1,7.0,2,1,4,6.0,0,3.0,1,3.0,0,2,1,1.0,1,21398.0,5349.5,12.0,5.0,0,0
60.0,1,3,13.0,3,1,2,1.0,1,3.0,1,1.0,1,5,0,0.0,2,20220.0,10110.0,5.0,2.0,0,0
33.0,1,1,9.0,3,1,3,4.0,1,4.0,1,6.0,0,4,1,2.0,2,23561.0,7853.67,16.0,5.0,1,1
30.0,1,1,28.0,2,0,3,3.0,3,5.0,1,3.0,0,5,1,2.0,3,28658.0,9552.67,15.0,5.0,0,0
37.0,1,1,13.0,2,1,3,4.0,0,3.0,0,2.0,0,5,1,2.0,1,21888.0,7296.0,20.0,5.0,0,0
50.0,1,1,16.0,1,1,3,4.0,3,3.0,2,7.0,0,5,0,2.0,3,25496.0,8498.67,20.0,5.0,1,0
52.0,1,1,12.0,1,1,3,3.0,1,5.0,1,4.0,1,4,1,1.0,2,20577.0,6859.0,12.0,4.0,1,0
50.0,0,1,15.0,2,1,4,5.0,1,4.0,0,3.0,0,3,1,3.0,2,23808.0,5952.0,15.0,7.0,0,0
49.0,1,1,13.0,2,1,2,4.0,3,3.0,2,1.0,0,1,1,0.0,3,25965.0,12982.5,4.0,2.0,0,0
35.0,1,1,31.0,1,1,3,4.0,3,4.0,0,4.0,0,3,1,1.0,3,25903.0,8634.33,12.0,4.0,1,0
27.0,0,1,18.0,3,1,3,4.0,1,5.0,0,3.0,1,3,1,2.0,2,23419.0,7806.33,12.0,5.0,0,0
19.0,1,3,27.0,2,1,2,4.0,0,4.0,2,2.0,1,2,0,1.0,1,17121.0,8560.5,8.0,3.0,0,1
31.0,1,2,14.0,3,0,3,1.0,0,4.0,2,1.0,0,1,0,2.0,1,17109.0,5703.0,1.0,5.0,0,0
26.0,1,1,11.0,1,1,3,4.0,0,3.0,0,3.0,1,3,1,1.0,1,22369.0,7456.33,12.0,4.0,0,1
30.0,1,1,17.0,2,0,4,5.0,0,5.0,2,8.0,1,5,1,2.0,1,21082.0,5270.5,25.0,6.0,1,1
50.0,1,1,7.0,1,0,3,5.0,4,3.0,2,2.0,1,3,1,1.0,0,32642.0,10880.67,15.0,4.0,0,0
28.0,1,1,26.0,2,1,4,5.0,0,5.0,1,3.0,0,1,0,1.0,1,22744.0,5686.0,5.0,5.0,0,0
24.0,1,1,17.0,1,1,3,2.0,0,3.0,1,4.0,0,1,1,1.0,1,20751.0,6917.0,2.0,4.0,1,0
29.0,0,3,26.0,1,0,2,3.0,0,3.0,1,2.0,0,3,0,1.0,1,17157.0,8578.5,9.0,3.0,0,0
36.0,1,1,20.0,2,1,3,3.0,1,3.0,1,1.0,1,5,1,0.0,2,21586.0,7195.33,15.0,3.0,0,0
47.0,1,3,9.0,2,1,4,4.0,3,3.0,1,6.0,1,3,0,3.0,3,29046.0,7261.5,12.0,7.0,1,0
57.0,1,3,35.0,3,1,2,4.0,4,3.0,1,4.0,0,3,0,0.0,0,29118.0,14559.0,12.0,2.0,1,0
41.0,1,1,9.0,3,0,4,5.0,1,3.0,1,8.0,0,5,1,2.0,2,22126.0,5531.5,25.0,6.0,1,0
37.0,0,1,13.0,2,1,4,2.0,1,5.0,1,5.0,1,4,1,2.0,2,24240.0,6060.0,8.0,6.0,1,0
41.0,1,1,13.0,2,0,4,4.0,4,3.0,2,2.0,0,5,1,1.0,0,31915.0,7978.75,20.0,5.0,0,0
37.0,1,1,14.0,2,1,4,4.0,0,4.0,2,4.0,0,1,0,3.0,1,20691.0,5172.75,4.0,7.0,1,0
44.0,0,1,29.0,3,1,3,3.0,1,4.0,1,5.0,0,3,0,1.0,2,17042.0,5680.67,9.0,4.0,1,0
51.0,1,3,27.0,3,1,3,3.0,1,3.0,2,1.0,1,5,0,2.0,2,20441.0,6813.67,15.0,5.0,0,0
27.0,1,3,7.0,2,1,3,4.0,1,3.0,1,3.0,0,5,0,2.0,2,23974.0,7991.33,20.0,5.0,0,0
36.0,0,1,11.0,2,1,3,5.0,0,3.0,1,3.0,0,1,1,2.0,1,21054.0,7018.0,5.0,5.0,0,0
38.0,1,1,7.0,2,0,3,5.0,1,3.0,0,3.0,0,2,1,2.0,2,25152.0,8384.0,10.0,5.0,0,0
23.0,1,1,32.0,2,1,2,3.0,0,3.0,1,2.0,0,2,1,1.0,1,17904.0,8952.0,6.0,3.0,0,0
34.0,0,3,25.0,3,1,3,1.0,1,3.0,2,1.0,1,1,0,0.0,2,20304.0,6768.0,1.0,3.0,0,1
30.0,0,3,18.0,2,1,3,4.0,0,5.0,1,2.0,0,5,1,2.0,1,17033.0,5677.67,20.0,5.0,0,1
30.0,0,3,20.0,1,0,3,4.0,1,4.0,2,7.0,0,3,0,2.0,2,24443.0,8147.67,12.0,5.0,1,1
42.0,1,1,6.0,2,0,3,3.0,0,5.0,1,4.0,0,3,0,2.0,1,17576.0,5858.67,9.0,5.0,1,0
56.0,1,3,7.0,2,1,4,4.0,3,3.0,1,5.0,0,1,0,3.0,3,28917.0,7229.25,4.0,7.0,1,0
39.0,1,1,9.0,2,1,3,4.0,1,3.0,1,2.0,0,1,1,2.0,2,25231.0,8410.33,4.0,5.0,0,0
22.0,1,1,12.0,3,1,3,3.0,0,3.0,0,1.0,0,2,1,0.0,1,17773.0,5924.33,6.0,3.0,0,0
51.0,1,1,16.0,2,1,4,4.0,0,3.0,1,6.0,0,5,1,3.0,1,21058.0,5264.5,20.0,7.0,1,0
39.0,0,2,7.0,2,1,3,4.0,0,4.0,1,2.0,1,1,1,2.0,1,21669.0,7223.0,4.0,5.0,0,0
41.0,0,1,28.0,2,0,3,3.0,1,3.0,1,4.0,1,5,0,0.0,2,20467.0,6822.33,15.0,3.0,1,0
32.0,1,1,33.0,2,1,3,4.0,0,3.0,1,3.0,0,3,1,2.0,1,21589.0,7196.33,12.0,5.0,0,0
40.0,0,1,6.0,2,1,3,4.0,4,4.0,0,2.0,0,2,1,2.0,0,28503.0,9501.0,8.0,5.0,0,0
34.0,0,1,9.0,2,1,2,4.0,0,3.0,0,4.0,0,2,1,0.0,1,17979.0,8989.5,8.0,2.0,1,0
51.0,1,1,12.0,2,1,2,3.0,2,3.0,2,1.0,0,5,1,0.0,4,34537.0,17268.5,15.0,2.0,0,0
30.0,1,1,6.0,2,1,2,4.0,1,3.0,0,2.0,1,2,1,1.0,2,20126.0,10063.0,8.0,3.0,0,0
43.0,0,1,12.0,2,1,4,4.0,0,3.0,1,6.0,0,3,0,2.0,1,20771.0,5192.75,12.0,6.0,1,0
26.0,1,1,12.0,2,0,2,4.0,0,4.0,0,2.0,0,3,1,0.0,1,17368.0,8684.0,12.0,2.0,0,0
50.0,0,1,25.0,2,1,4,4.0,1,3.0,1,3.0,1,1,0,1.0,2,25482.0,6370.5,4.0,5.0,0,0
29.0,1,1,9.0,3,1,3,4.0,3,3.0,0,2.0,0,2,1,2.0,3,26935.0,8978.33,8.0,5.0,0,0
56.0,1,1,27.0,1,1,3,4.0,1,3.0,0,5.0,1,2,1,2.0,2,24093.0,8031.0,8.0,5.0,1,0
53.0,1,3,12.0,2,1,4,4.0,3,4.0,2,2.0,1,4,1,2.0,3,27124.0,6781.0,16.0,6.0,0,1
44.0,0,1,7.0,2,0,3,4.0,1,3.0,0,6.0,0,2,1,2.0,2,24240.0,8080.0,8.0,5.0,1,0
42.0,0,2,11.0,2,1,3,6.0,1,4.0,1,8.0,0,5,0,2.0,2,25108.0,8369.33,30.0,5.0,1,0
44.0,1,1,13.0,3,0,4,5.0,1,3.0,2,3.0,1,4,1,2.0,2,22759.0,5689.75,20.0,6.0,0,0
22.0,1,1,14.0,3,0,3,3.0,0,5.0,1,2.0,1,3,0,1.0,1,17398.0,5799.33,9.0,4.0,0,1
35.0,1,1,12.0,2,1,2,5.0,1,3.0,2,2.0,0,5,1,0.0,2,21646.0,10823.0,25.0,2.0,0,0
22.0,0,3,25.0,3,0,4,4.0,1,3.0,1,2.0,1,5,0,2.0,2,21303.0,5325.75,20.0,6.0,0,1
45.0,1,3,8.0,1,1,2,5.0,1,3.0,2,1.0,0,5,1,1.0,2,21632.0,10816.0,25.0,3.0,0,0
29.0,0,1,8.0,2,0,3,3.0,0,4.0,0,1.0,0,5,0,2.0,1,18180.0,6060.0,15.0,5.0,0,0
40.0,1,3,32.0,3,1,3,3.0,1,5.0,1,2.0,0,1,1,2.0,2,23396.0,7798.67,3.0,5.0,0,0
43.0,1,1,20.0,2,1,3,3.0,4,5.0,1,7.0,0,5,1,1.0,0,32159.0,10719.67,15.0,4.0,1,0
28.0,1,1,8.0,2,1,3,4.0,0,4.0,1,1.0,0,1,0,2.0,1,18201.0,6067.0,4.0,5.0,0,0
55.0,1,3,15.0,3,0,2,5.0,0,4.0,2,2.0,0,1,1,1.0,1,34187.0,17093.5,5.0,3.0,0,1
32.0,0,3,8.0,2,0,3,3.0,0,5.0,1,2.0,0,3,0,1.0,1,17827.0,5942.33,9.0,4.0,0,0
37.0,1,2,12.0,2,1,3,3.0,0,5.0,1,5.0,1,2,1,0.0,1,17073.0,5691.0,6.0,3.0,1,1
27.0,1,1,32.0,2,1,3,6.0,0,3.0,2,3.0,0,2,1,2.0,1,20971.0,6990.33,12.0,5.0,0,1
42.0,1,1,26.0,2,1,3,4.0,1,5.0,1,4.0,0,1,0,1.0,2,21750.0,7250.0,4.0,4.0,1,0
31.0,1,1,14.0,3,1,3,5.0,0,4.0,1,3.0,0,5,0,1.0,1,20819.0,6939.67,25.0,4.0,0,0
58.0,1,3,16.0,3,1,2,3.0,4,3.0,2,1.0,0,3,1,1.0,0,28872.0,14436.0,9.0,3.0,0,0
42.0,1,1,19.0,1,0,3,4.0,2,3.0,1,3.0,0,4,1,2.0,4,38223.0,12741.0,16.0,5.0,0,1
38.0,1,1,7.0,2,0,4,4.0,1,4.0,0,8.0,0,2,1,2.0,2,25125.0,6281.25,8.0,6.0,1,0
37.0,1,1,6.0,2,1,2,4.0,1,3.0,1,2.0,0,5,1,1.0,2,20993.0,10496.5,20.0,3.0,0,0
21.0,1,1,11.0,1,1,3,4.0,0,5.0,2,3.0,0,3,1,1.0,1,21651.0,7217.0,12.0,4.0,0,1
47.0,0,1,22.0,3,1,3,1.0,1,3.0,1,2.0,1,1,1,0.0,2,20067.0,6689.0,1.0,3.0,0,0
38.0,1,3,17.0,2,0,3,5.0,1,3.0,1,4.0,1,4,0,1.0,2,25372.0,8457.33,20.0,4.0,1,0
26.0,1,1,10.0,2,1,2,3.0,0,3.0,2,2.0,1,1,0,0.0,1,17875.0,8937.5,3.0,2.0,0,0
46.0,1,1,8.0,3,1,2,3.0,2,3.0,1,1.0,1,1,1,1.0,4,34328.0,17164.0,3.0,3.0,0,0
22.0,1,1,17.0,2,0,3,5.0,0,5.0,2,3.0,0,3,1,1.0,1,20094.0,6698.0,15.0,4.0,0,1
51.0,1,1,12.0,2,1,2,3.0,2,3.0,2,1.0,0,5,1,1.0,4,34537.0,17268.5,15.0,3.0,0,0
28.0,1,1,23.0,1,1,2,4.0,0,3.0,1,6.0,0,3,0,1.0,1,17367.0,8683.5,12.0,3.0,1,1
56.0,1,3,17.0,3,0,2,4.0,1,5.0,1,5.0,0,5,0,1.0,2,20380.0,10190.0,20.0,3.0,1,0
31.0,0,3,29.0,2,0,4,4.0,3,5.0,1,2.0,0,1,1,2.0,3,27090.0,6772.5,4.0,6.0,0,0
44.0,1,1,14.0,2,1,3,1.0,0,3.0,1,3.0,1,3,1,0.0,1,17818.0,5939.33,3.0,3.0,0,0
30.0,1,2,13.0,3,1,3,5.0,0,4.0,1,3.0,0,3,1,2.0,1,21482.0,7160.67,15.0,5.0,0,0
50.0,1,3,15.0,1,1,3,5.0,4,4.0,1,8.0,0,4,1,2.0,0,31798.0,10599.33,20.0,5.0,1,0
28.0,1,1,30.0,3,1,2,3.0,0,4.0,1,2.0,1,1,0,0.0,1,17408.0,8704.0,3.0,2.0,0,1
44.0,1,3,15.0,2,1,3,4.0,0,5.0,1,4.0,0,1,1,2.0,1,34190.0,11396.67,4.0,5.0,1,1
30.0,0,1,9.0,3,0,3,3.0,0,3.0,1,2.0,0,3,1,1.0,1,17083.0,5694.33,9.0,4.0,0,0
35.0,1,1,22.0,2,1,3,3.0,3,3.0,0,5.0,1,2,0,1.0,3,22632.0,7544.0,6.0,4.0,1,0
28.0,0,1,9.0,3,1,3,4.0,0,3.0,2,4.0,0,3,0,2.0,1,21258.0,7086.0,12.0,5.0,1,0
36.0,1,3,6.0,2,1,2,3.0,1,3.0,0,2.0,1,3,1,1.0,2,21201.0,10600.5,9.0,3.0,0,0
59.0,1,1,9.0,3,0,2,2.0,0,5.0,0,5.0,1,2,1,1.0,1,17670.0,8835.0,4.0,3.0,1,0
42.0,1,1,13.0,3,1,4,5.0,1,4.0,2,8.0,1,3,1,3.0,2,24710.0,6177.5,15.0,7.0,1,0
33.0,1,3,20.0,2,1,4,4.0,1,3.0,1,4.0,0,2,0,1.0,2,23081.0,5770.25,8.0,5.0,1,0
37.0,0,1,25.0,2,1,4,4.0,1,3.0,2,4.0,0,3,1,1.0,2,26457.0,6614.25,12.0,5.0,1,0
36.0,1,3,16.0,3,1,2,4.0,3,5.0,1,1.0,0,5,0,0.0,3,22094.0,11047.0,20.0,2.0,0,1
54.0,1,1,28.0,3,0,3,3.0,4,3.0,1,4.0,0,1,1,1.0,0,32426.0,10808.67,3.0,4.0,1,0
21.0,1,1,11.0,1,1,3,4.0,0,5.0,2,3.0,0,3,1,2.0,1,21651.0,7217.0,12.0,5.0,0,1
35.0,1,3,14.0,2,0,3,3.0,0,3.0,1,2.0,0,3,1,2.0,1,17572.0,5857.33,9.0,5.0,0,0
30.0,0,1,17.0,2,0,4,4.0,0,4.0,1,2.0,0,5,0,1.0,1,21969.0,5492.25,20.0,5.0,0,0
36.0,0,1,9.0,3,0,3,4.0,1,4.0,2,7.0,0,1,0,1.0,2,23103.0,7701.0,4.0,4.0,1,0
42.0,1,1,35.0,2,0,3,5.0,4,4.0,1,2.0,0,5,1,2.0,0,32248.0,10749.33,25.0,5.0,0,0
29.0,1,1,6.0,1,1,3,4.0,0,5.0,2,7.0,0,3,0,2.0,1,17362.0,5787.33,12.0,5.0,1,1
59.0,1,1,30.0,3,0,4,4.0,3,3.0,0,3.0,0,3,1,1.0,3,28990.0,7247.5,12.0,5.0,0,1
30.0,1,1,22.0,2,1,2,3.0,0,3.0,1,2.0,0,1,0,0.0,1,17862.0,8931.0,3.0,2.0,0,0
27.0,1,1,13.0,2,0,3,5.0,0,4.0,1,3.0,0,3,1,2.0,1,21046.0,7015.33,15.0,5.0,0,0
46.0,1,1,36.0,3,1,3,4.0,0,3.0,2,7.0,0,2,1,1.0,1,22130.0,7376.67,8.0,4.0,1,0
35.0,0,1,9.0,2,1,3,5.0,1,3.0,0,3.0,0,4,0,1.0,2,28225.0,9408.33,20.0,4.0,0,0
31.0,1,1,15.0,2,1,2,4.0,0,4.0,2,1.0,1,3,1,0.0,1,17657.0,8828.5,12.0,2.0,0,0
27.0,0,1,7.0,2,0,4,6.0,0,3.0,1,5.0,0,4,1,1.0,1,23042.0,5760.5,24.0,5.0,1,0
44.0,0,1,8.0,3,1,2,3.0,3,3.0,2,6.0,1,1,0,1.0,3,25209.0,12604.5,3.0,3.0,1,0
29.0,1,1,16.0,2,0,3,4.0,0,5.0,2,7.0,1,5,1,1.0,1,17404.0,5801.33,20.0,4.0,1,1
41.0,0,1,15.0,3,1,3,3.0,2,3.0,1,3.0,0,4,1,2.0,4,34419.0,11473.0,12.0,5.0,0,0
55.0,0,1,24.0,3,1,3,3.0,1,4.0,0,4.0,1,5,1,2.0,2,21385.0,7128.33,15.0,5.0,1,0
53.0,1,3,14.0,3,1,3,3.0,4,3.0,0,6.0,0,3,0,2.0,0,26836.0,8945.33,9.0,5.0,1,0
34.0,0,1,32.0,1,0,3,4.0,0,3.0,1,2.0,0,1,1,0.0,1,17029.0,5676.33,4.0,3.0,0,0
36.0,1,1,12.0,1,1,4,4.0,3,4.0,2,2.0,0,3,1,2.0,3,26773.0,6693.25,12.0,6.0,0,0
27.0,1,1,7.0,3,1,3,5.0,0,5.0,0,3.0,0,3,0,2.0,1,22633.0,7544.33,15.0,5.0,0,0
41.0,1,3,17.0,1,0,3,5.0,1,4.0,1,2.0,0,5,1,1.0,2,25530.0,8510.0,25.0,4.0,0,0
33.0,1,1,12.0,2,0,3,2.0,0,3.0,1,5.0,0,5,1,2.0,1,21990.0,7330.0,10.0,5.0,1,0
26.0,1,3,25.0,2,1,4,2.0,1,3.0,0,4.0,0,1,0,1.0,2,24910.0,6227.5,2.0,5.0,1,0
51.0,1,3,15.0,3,1,3,4.0,0,4.0,0,2.0,0,2,1,1.0,1,22553.0,7517.67,8.0,4.0,0,0
36.0,1,1,25.0,2,1,3,2.0,1,5.0,1,3.0,0,3,0,2.0,2,23886.0,7962.0,6.0,5.0,0,0
33.0,1,1,15.0,3,0,4,2.0,1,3.0,1,7.0,0,3,1,3.0,2,23853.0,5963.25,6.0,7.0,1,0
46.0,1,3,9.0,1,1,3,6.0,1,3.0,2,2.0,0,5,0,1.0,2,25310.0,8436.67,30.0,4.0,0,0
51.0,0,1,14.0,2,1,2,5.0,3,3.0,2,3.0,0,1,1,0.0,3,25650.0,12825.0,5.0,2.0,0,1
50.0,0,1,6.0,2,0,3,3.0,2,4.0,0,4.0,1,2,0,2.0,4,33172.0,11057.33,6.0,5.0,1,0
28.0,0,3,6.0,2,1,2,4.0,1,3.0,1,2.0,1,1,0,0.0,2,21834.0,10917.0,4.0,2.0,0,0
50.0,0,3,14.0,1,1,2,3.0,1,3.0,1,4.0,1,5,0,0.0,2,21796.0,10898.0,15.0,2.0,1,1
47.0,1,1,8.0,2,0,2,3.0,4,3.0,1,2.0,1,4,1,0.0,0,31752.0,15876.0,12.0,2.0,0,0
49.0,1,1,7.0,2,1,4,5.0,3,3.0,2,2.0,1,5,0,1.0,3,24059.0,6014.75,25.0,5.0,0,1
40.0,1,1,25.0,3,1,1,3.0,1,3.0,1,1.0,1,1,1,0.0,2,17741.0,17741.0,3.0,1.0,0,0
29.0,1,1,17.0,2,0,3,4.0,1,3.0,2,5.0,0,4,1,2.0,2,22338.0,7446.0,16.0,5.0,1,0
44.0,0,1,14.0,3,1,3,2.0,0,3.0,1,6.0,0,4,1,1.0,1,20767.0,6922.33,8.0,4.0,1,0
28.0,0,3,15.0,2,1,3,4.0,3,3.0,2,3.0,0,2,1,1.0,3,27404.0,9134.67,8.0,4.0,0,0
49.0,0,1,8.0,2,1,2,3.0,2,3.0,1,4.0,0,3,1,0.0,4,34161.0,17080.5,9.0,2.0,1,0
50.0,0,3,18.0,3,0,3,3.0,3,3.0,2,5.0,0,5,1,2.0,3,24208.0,8069.33,15.0,5.0,1,0
38.0,1,1,16.0,3,0,3,3.0,1,3.0,1,4.0,0,3,0,1.0,2,24824.0,8274.67,9.0,4.0,1,0
41.0,1,1,14.0,2,1,4,4.0,0,5.0,2,5.0,1,3,0,2.0,1,20844.0,5211.0,12.0,6.0,1,1
38.0,0,1,8.0,3,0,3,4.0,0,4.0,1,5.0,0,3,0,0.0,1,17468.0,5822.67,12.0,3.0,1,0
49.0,1,3,9.0,3,1,3,2.0,1,4.0,1,5.0,0,3,0,2.0,2,26798.0,8932.67,6.0,5.0,1,0
33.0,0,1,11.0,2,0,3,3.0,3,4.0,0,7.0,0,3,1,2.0,3,26878.0,8959.33,9.0,5.0,1,0
37.0,1,1,23.0,2,0,3,2.0,0,5.0,2,3.0,0,2,1,1.0,1,21421.0,7140.33,4.0,4.0,0,1
55.0,1,1,9.0,1,0,3,4.0,3,3.0,0,2.0,0,4,1,1.0,3,32227.0,10742.33,16.0,4.0,0,0
35.0,0,2,30.0,2,0,3,4.0,3,5.0,1,2.0,1,3,1,1.0,3,28628.0,9542.67,12.0,4.0,0,1
40.0,1,1,26.0,1,1,3,3.0,3,3.0,0,5.0,0,3,1,1.0,3,25322.0,8440.67,9.0,4.0,1,0
41.0,0,1,18.0,1,0,4,4.0,1,3.0,1,3.0,0,3,1,2.0,2,25001.0,6250.25,12.0,6.0,0,0
38.0,0,1,32.0,3,0,4,4.0,1,3.0,1,5.0,1,3,1,3.0,2,23127.0,5781.75,12.0,7.0,1,0
50.0,1,1,7.0,1,0,3,5.0,4,3.0,2,2.0,1,3,0,1.0,0,32642.0,10880.67,15.0,4.0,0,0
43.0,1,1,9.0,3,1,4,5.0,0,4.0,1,6.0,0,1,1,3.0,1,23519.0,5879.75,5.0,7.0,1,0
41.0,1,1,27.0,1,1,4,4.0,3,3.0,0,6.0,0,3,1,2.0,3,29000.0,7250.0,12.0,6.0,1,0
46.0,0,1,14.0,2,1,4,4.0,3,5.0,1,3.0,0,1,1,1.0,3,23888.0,5972.0,4.0,5.0,0,0
32.0,1,1,19.0,3,0,3,4.0,1,3.0,0,2.0,1,4,0,2.0,2,24533.0,8177.67,16.0,5.0,0,0
43.0,0,2,9.0,3,1,4,2.0,1,5.0,0,2.0,0,2,0,3.0,2,24950.0,6237.5,4.0,7.0,0,0
32.0,1,3,6.0,2,1,2,5.0,1,4.0,2,7.0,0,3,0,1.0,2,21735.0,10867.5,15.0,3.0,1,1
56.0,1,1,29.0,2,1,3,3.0,4,4.0,0,5.0,1,4,1,2.0,0,28402.0,9467.33,12.0,5.0,1,0
27.0,1,1,11.0,2,1,3,4.0,0,3.0,2,3.0,1,1,0,1.0,1,21553.0,7184.33,4.0,4.0,0,0
32.0,1,1,16.0,3,1,1,3.0,3,3.0,2,3.0,0,1,0,0.0,3,26244.0,26244.0,3.0,1.0,0,0
49.0,0,3,31.0,2,1,4,6.0,0,3.0,2,3.0,1,1,1,3.0,1,21237.0,5309.25,6.0,7.0,0,1
31.0,0,1,7.0,3,0,3,4.0,1,3.0,2,3.0,0,3,1,1.0,2,22689.0,7563.0,12.0,4.0,0,0
36.0,1,3,10.0,2,1,4,4.0,3,3.0,1,8.0,0,5,0,2.0,3,26501.0,6625.25,20.0,6.0,1,0
37.0,1,2,20.0,2,1,3,5.0,0,5.0,1,6.0,1,5,1,2.0,1,23317.0,7772.33,25.0,5.0,1,1
39.0,0,1,16.0,2,1,4,4.0,1,5.0,1,6.0,0,3,0,3.0,2,25571.0,6392.75,12.0,7.0,1,1
39.0,1,1,9.0,2,1,3,4.0,0,3.0,2,7.0,1,1,0,1.0,1,22622.0,7540.67,4.0,4.0,1,0
37.0,1,3,6.0,2,1,2,4.0,3,3.0,0,6.0,0,2,1,1.0,3,25609.0,12804.5,8.0,3.0,1,1
36.0,0,3,17.0,1,0,3,3.0,3,3.0,1,1.0,0,5,0,2.0,3,24738.0,8246.0,15.0,5.0,0,0
43.0,0,1,33.0,3,0,3,4.0,3,5.0,0,5.0,1,3,0,2.0,3,31869.0,10623.0,12.0,5.0,1,0
42.0,1,1,13.0,3,1,3,4.0,0,5.0,2,4.0,1,4,1,1.0,1,23399.0,7799.67,16.0,4.0,1,0
41.0,0,1,16.0,3,1,3,4.0,0,4.0,1,2.0,1,4,0,2.0,1,22295.0,7431.67,16.0,5.0,0,0
26.0,1,1,7.0,2,0,4,4.0,1,3.0,0,2.0,0,3,1,2.0,2,23576.0,5894.0,12.0,6.0,0,0
38.0,1,1,32.0,3,0,3,5.0,1,3.0,1,2.0,0,3,1,1.0,2,24409.0,8136.33,15.0,4.0,0,0
45.0,1,1,26.0,3,1,3,3.0,4,3.0,0,1.0,1,3,0,0.0,0,28496.0,9498.67,9.0,3.0,0,0
24.0,1,1,23.0,2,0,3,3.0,0,4.0,1,2.0,0,1,1,2.0,1,17210.0,5736.67,3.0,5.0,0,1
41.0,0,1,23.0,3,1,3,5.0,1,3.0,2,8.0,0,5,0,1.0,2,23772.0,7924.0,25.0,4.0,1,0
29.0,1,2,15.0,3,1,4,5.0,0,3.0,1,3.0,0,1,1,1.0,1,23614.0,5903.5,5.0,5.0,0,0
43.0,0,1,6.0,2,0,2,3.0,1,3.0,1,5.0,0,1,1,1.0,2,20562.0,10281.0,3.0,3.0,1,0
45.0,1,1,12.0,2,1,2,3.0,3,5.0,1,5.0,1,3,1,1.0,3,28245.0,14122.5,9.0,3.0,1,0
35.0,1,1,12.0,3,1,3,5.0,1,3.0,1,3.0,0,4,1,2.0,2,22664.0,7554.67,20.0,5.0,0,0
30.0,1,1,22.0,2,1,2,1.0,1,3.0,1,4.0,0,1,1,0.0,2,20294.0,10147.0,1.0,2.0,1,0
38.0,0,1,8.0,2,1,2,3.0,0,3.0,1,2.0,1,5,1,0.0,1,16702.0,8351.0,15.0,2.0,0,0
31.0,1,3,8.0,2,1,2,3.0,0,3.0,1,1.0,0,4,1,0.0,1,18067.0,9033.5,12.0,2.0,0,0
30.0,1,1,11.0,1,0,2,3.0,0,5.0,1,6.0,0,5,0,1.0,1,18204.0,9102.0,15.0,3.0,1,0
21.0,1,1,21.0,2,1,3,3.0,0,3.0,2,2.0,0,3,1,1.0,1,16232.0,5410.67,9.0,4.0,0,0
39.0,1,3,30.0,3,0,2,4.0,4,3.0,1,1.0,0,1,1,1.0,0,27031.0,13515.5,4.0,3.0,0,0
42.0,1,1,29.0,2,0,2,3.0,4,3.0,2,3.0,0,3,0,0.0,0,30992.0,15496.0,9.0,2.0,0,0
61.0,1,1,14.0,2,0,3,4.0,2,5.0,1,7.0,0,5,1,1.0,4,38244.0,12748.0,20.0,4.0,1,0
57.0,1,1,6.0,3,1,2,3.0,1,3.0,0,3.0,0,3,1,1.0,2,21755.0,10877.5,9.0,3.0,0,0
38.0,1,3,17.0,2,0,3,5.0,1,3.0,1,4.0,1,4,1,2.0,2,25372.0,8457.33,20.0,5.0,1,0
27.0,1,2,32.0,2,0,4,4.0,0,3.0,1,3.0,0,4,1,2.0,1,21620.0,5405.0,16.0,6.0,0,0
31.0,1,1,28.0,3,1,3,3.0,1,3.0,0,2.0,1,5,1,0.0,2,21179.0,7059.67,15.0,3.0,0,1
30.0,1,1,30.0,2,1,3,2.0,0,3.0,0,3.0,0,2,1,2.0,1,21378.0,7126.0,4.0,5.0,0,0
47.0,1,1,9.0,2,1,3,4.0,3,3.0,1,5.0,0,1,1,2.0,3,27256.0,9085.33,4.0,5.0,1,0
47.0,1,1,14.0,3,1,4,4.0,3,3.0,1,8.0,0,2,0,3.0,3,29523.0,7380.75,8.0,7.0,1,0
36.0,0,1,17.0,2,1,3,4.0,1,4.0,2,2.0,0,4,1,1.0,2,21499.0,7166.33,16.0,4.0,0,0
34.0,1,3,13.0,1,1,2,3.0,0,3.0,1,1.0,1,1,0,1.0,1,17308.0,8654.0,3.0,3.0,0,0
39.0,1,1,11.0,3,0,3,4.0,0,3.0,1,2.0,0,5,0,1.0,1,21984.0,7328.0,20.0,4.0,0,0
30.0,1,3,17.0,3,0,3,5.0,1,4.0,1,3.0,1,5,0,2.0,2,26946.0,8982.0,25.0,5.0,0,0
49.0,1,1,28.0,2,0,3,3.0,4,4.0,1,4.0,0,4,0,1.0,0,31413.0,10471.0,12.0,4.0,1,0
37.0,1,1,33.0,2,1,4,4.0,1,3.0,1,8.0,0,3,1,1.0,2,24025.0,6006.25,12.0,5.0,1,0
34.0,0,3,12.0,3,0,2,5.0,0,3.0,1,1.0,0,4,1,1.0,1,17351.0,8675.5,20.0,3.0,0,1
56.0,1,1,13.0,2,1,2,5.0,3,3.0,2,5.0,0,2,0,0.0,3,22260.0,11130.0,10.0,2.0,1,0
28.0,0,3,27.0,2,0,3,4.0,1,3.0,2,3.0,0,2,1,2.0,2,28659.0,9553.0,8.0,5.0,0,0
53.0,1,1,18.0,2,0,3,4.0,1,3.0,0,2.0,0,2,1,2.0,2,21827.0,7275.67,8.0,5.0,0,0
39.0,0,1,10.0,2,1,3,4.0,0,3.0,0,5.0,0,3,1,2.0,1,21499.0,7166.33,12.0,5.0,1,0
47.0,1,1,9.0,1,1,3,4.0,1,3.0,1,4.0,0,1,0,1.0,2,26057.0,8685.67,4.0,4.0,1,0
20.0,0,1,12.0,2,0,3,4.0,0,3.0,2,2.0,1,1,0,0.0,1,17926.0,5975.33,4.0,3.0,0,1
29.0,1,1,12.0,3,0,2,3.0,0,3.0,0,2.0,0,3,0,0.0,1,18131.0,9065.5,9.0,2.0,0,0
30.0,1,3,16.0,3,0,3,6.0,0,4.0,2,3.0,0,1,1,2.0,1,21438.0,7146.0,6.0,5.0,0,1
45.0,1,1,6.0,1,1,3,3.0,3,4.0,1,2.0,0,3,1,1.0,3,22441.0,7480.33,9.0,4.0,0,0
42.0,0,2,8.0,3,1,3,1.0,1,5.0,1,1.0,0,1,1,1.0,2,21272.0,7090.67,1.0,4.0,0,0
29.0,0,3,7.0,1,1,4,4.0,0,3.0,0,5.0,0,3,1,1.0,1,21587.0,5396.75,12.0,5.0,1,1
52.0,1,1,9.0,3,1,3,6.0,1,4.0,1,7.0,0,2,0,1.0,2,24160.0,8053.33,12.0,4.0,1,0
46.0,1,3,9.0,2,1,4,4.0,1,4.0,1,2.0,0,5,1,3.0,2,23483.0,5870.75,20.0,7.0,0,0
34.0,0,3,8.0,3,0,3,3.0,0,3.0,0,7.0,0,5,1,2.0,1,17231.0,5743.67,15.0,5.0,1,0
44.0,1,2,9.0,2,1,4,4.0,0,3.0,2,2.0,0,1,0,1.0,1,22217.0,5554.25,4.0,5.0,0,0
45.0,1,3,7.0,3,0,4,4.0,1,5.0,1,7.0,1,1,1,2.0,2,24132.0,6033.0,4.0,6.0,1,0
25.0,1,3,24.0,2,1,3,1.0,1,3.0,0,3.0,0,1,0,0.0,2,21232.0,7077.33,1.0,3.0,0,0
31.0,1,1,14.0,2,1,3,4.0,1,3.0,1,3.0,0,5,1,2.0,2,22169.0,7389.67,20.0,5.0,0,0
54.0,0,3,9.0,3,0,3,5.0,3,4.0,0,4.0,0,2,0,2.0,3,26203.0,8734.33,10.0,5.0,1,0
39.0,1,1,9.0,2,1,3,4.0,1,3.0,0,2.0,0,2,0,2.0,2,25231.0,8410.33,8.0,5.0,0,0
26.0,1,3,33.0,3,0,3,4.0,1,3.0,2,3.0,0,4,0,1.0,2,24858.0,8286.0,16.0,4.0,0,0
36.0,0,1,24.0,3,0,3,3.0,0,3.0,2,2.0,0,3,0,1.0,1,17153.0,5717.67,9.0,4.0,0,0
36.0,1,3,14.0,2,0,3,4.0,1,3.0,1,3.0,1,4,1,2.0,2,23882.0,7960.67,16.0,5.0,0,0
38.0,0,1,9.0,2,1,4,5.0,1,3.0,1,7.0,0,2,0,2.0,2,23841.0,5960.25,10.0,6.0,1,0
28.0,1,3,9.0,3,1,3,4.0,0,5.0,1,2.0,0,5,1,2.0,1,21719.0,7239.67,20.0,5.0,0,1
29.0,1,1,16.0,3,0,4,4.0,0,3.0,1,7.0,0,3,1,2.0,1,21055.0,5263.75,12.0,6.0,1,0
46.0,1,1,27.0,3,1,4,4.0,4,3.0,1,2.0,1,3,1,2.0,0,32174.0,8043.5,12.0,6.0,0,0
43.0,1,2,9.0,1,1,3,4.0,0,3.0,1,2.0,1,4,1,1.0,1,21374.0,7124.67,16.0,4.0,0,0
31.0,1,1,12.0,1,0,3,4.0,0,5.0,1,7.0,0,5,1,2.0,1,21882.0,7294.0,20.0,5.0,1,0
39.0,0,1,9.0,2,0,4,2.0,1,5.0,2,8.0,1,2,1,3.0,2,24658.0,6164.5,4.0,7.0,1,0
32.0,1,3,12.0,1,1,3,4.0,1,3.0,1,3.0,0,5,0,2.0,2,27024.0,9008.0,20.0,5.0,0,0
59.0,1,1,16.0,3,0,4,5.0,0,4.0,0,6.0,1,2,1,1.0,1,22024.0,5506.0,10.0,5.0,1,0
54.0,1,1,11.0,3,1,2,3.0,2,5.0,1,5.0,0,4,1,0.0,4,34406.0,17203.0,12.0,2.0,1,0
36.0,1,1,9.0,2,0,2,3.0,0,3.0,1,6.0,0,2,1,0.0,1,17835.0,8917.5,6.0,2.0,1,0
35.0,1,1,17.0,3,1,2,3.0,0,3.0,1,1.0,1,5,0,0.0,1,17660.0,8830.0,15.0,2.0,0,0
56.0,1,1,30.0,2,1,3,3.0,0,3.0,2,2.0,0,3,0,0.0,1,17587.0,5862.33,9.0,3.0,0,1
38.0,1,1,12.0,3,1,4,4.0,1,3.0,1,2.0,0,3,0,1.0,2,25025.0,6256.25,12.0,5.0,0,0
43.0,0,1,16.0,2,0,2,4.0,1,3.0,1,2.0,0,3,0,0.0,2,20257.0,10128.5,12.0,2.0,0,0
32.0,1,1,15.0,2,0,4,4.0,1,3.0,2,3.0,0,5,1,3.0,2,23102.0,5775.5,20.0,7.0,0,0
45.0,0,3,15.0,2,0,3,4.0,1,3.0,1,2.0,0,3,1,2.0,2,20593.0,6864.33,12.0,5.0,0,0
30.0,1,1,7.0,1,1,4,5.0,0,5.0,2,8.0,0,3,0,3.0,1,21040.0,5260.0,15.0,7.0,1,1
29.0,1,1,14.0,2,1,3,5.0,0,5.0,1,2.0,1,3,0,1.0,1,17119.0,5706.33,15.0,4.0,0,1
58.0,1,1,29.0,3,0,3,3.0,3,3.0,0,2.0,0,3,1,0.0,3,25312.0,8437.33,9.0,3.0,0,1
46.0,1,3,9.0,1,1,3,6.0,1,3.0,2,2.0,0,5,1,2.0,2,25310.0,8436.67,30.0,5.0,0,0
36.0,1,1,12.0,2,1,2,3.0,0,3.0,0,1.0,0,5,1,1.0,1,18210.0,9105.0,15.0,3.0,0,0
31.0,0,1,9.0,3,1,3,3.0,3,3.0,1,1.0,0,4,1,0.0,3,28675.0,9558.33,12.0,3.0,0,0
50.0,1,1,34.0,3,1,3,1.0,0,3.0,1,2.0,1,1,0,1.0,1,18221.0,6073.67,1.0,4.0,0,0
22.0,1,1,11.0,2,1,2,2.0,0,4.0,1,2.0,1,4,0,0.0,1,17328.0,8664.0,8.0,2.0,0,0
23.0,1,1,10.0,2,0,3,4.0,1,3.0,1,2.0,1,5,1,2.0,2,22849.0,7616.33,20.0,5.0,0,1
33.0,1,3,14.0,3,1,2,3.0,1,3.0,1,1.0,0,1,0,0.0,2,22104.0,11052.0,3.0,2.0,0,0
31.0,1,1,27.0,2,1,3,4.0,1,5.0,0,2.0,0,4,1,1.0,2,28635.0,9545.0,16.0,4.0,0,0
39.0,0,1,28.0,3,0,2,3.0,3,5.0,2,2.0,1,5,1,1.0,3,25880.0,12940.0,15.0,3.0,0,0
35.0,1,1,15.0,2,1,3,4.0,1,4.0,2,1.0,0,2,1,2.0,2,21540.0,7180.0,8.0,5.0,0,0
41.0,1,3,6.0,2,0,3,3.0,1,3.0,2,1.0,1,2,1,0.0,2,20993.0,6997.67,6.0,3.0,0,1
29.0,0,1,6.0,2,1,3,1.0,1,3.0,2,1.0,1,3,0,1.0,2,21294.0,7098.0,3.0,4.0,0,0
32.0,1,1,14.0,3,0,3,4.0,1,5.0,0,3.0,0,2,1,1.0,2,22984.0,7661.33,8.0,4.0,0,0
34.0,1,1,21.0,3,0,4,4.0,0,4.0,1,3.0,0,5,1,2.0,1,21434.0,5358.5,20.0,6.0,0,0
26.0,1,1,31.0,2,1,2,5.0,0,3.0,2,2.0,0,2,1,1.0,1,17293.0,8646.5,10.0,3.0,0,1
25.0,1,3,25.0,3,1,2,4.0,0,4.0,0,2.0,1,2,0,0.0,1,17413.0,8706.5,8.0,2.0,0,1
39.0,1,3,10.0,2,1,3,4.0,1,3.0,2,2.0,1,3,1,2.0,2,25539.0,8513.0,12.0,5.0,0,0
20.0,1,1,16.0,2,1,3,4.0,0,5.0,2,3.0,0,3,0,1.0,1,21230.0,7076.67,12.0,4.0,0,0
48.0,1,1,10.0,2,1,2,3.0,3,3.0,2,2.0,0,5,1,1.0,3,22898.0,11449.0,15.0,3.0,0,0
32.0,0,1,6.0,2,1,3,3.0,0,3.0,1,1.0,0,5,0,0.0,1,17314.0,5771.33,15.0,3.0,0,0
31.0,0,1,26.0,2,1,3,3.0,3,3.0,0,4.0,0,3,1,0.0,3,24824.0,8274.67,9.0,3.0,1,1
48.0,1,1,11.0,2,0,4,5.0,3,4.0,1,2.0,1,4,1,3.0,3,29011.0,7252.75,20.0,7.0,0,0
37.0,1,1,10.0,1,1,2,4.0,1,4.0,2,6.0,0,1,1,1.0,2,23163.0,11581.5,4.0,3.0,1,0
59.0,0,3,9.0,3,1,3,4.0,4,4.0,1,6.0,0,4,1,1.0,0,21383.0,7127.67,16.0,4.0,1,0
37.0,1,2,12.0,2,1,3,3.0,0,5.0,1,5.0,1,1,0,2.0,1,17073.0,5691.0,3.0,5.0,1,1
32.0,1,1,6.0,2,1,3,3.0,0,5.0,2,2.0,0,2,0,2.0,1,17956.0,5985.33,6.0,5.0,0,0
25.0,1,2,29.0,2,1,3,6.0,0,3.0,1,3.0,0,1,0,2.0,1,20233.0,6744.33,6.0,5.0,0,1
23.0,1,1,15.0,2,1,4,6.0,0,5.0,1,3.0,0,1,0,2.0,1,21129.0,5282.25,6.0,6.0,0,0
36.0,1,1,15.0,3,1,2,4.0,1,4.0,1,3.0,1,4,0,1.0,2,23847.0,11923.5,16.0,3.0,0,0
42.0,0,1,9.0,2,0,4,5.0,1,3.0,2,4.0,1,1,0,1.0,2,25489.0,6372.25,5.0,5.0,1,0
25.0,1,1,25.0,2,1,3,4.0,0,3.0,0,2.0,0,4,1,1.0,1,21452.0,7150.67,16.0,4.0,0,0
27.0,0,1,7.0,2,0,3,4.0,1,4.0,1,3.0,0,5,0,2.0,2,25075.0,8358.33,20.0,5.0,0,0
42.0,1,1,9.0,2,0,3,6.0,0,3.0,1,6.0,1,3,0,1.0,1,21456.0,7152.0,18.0,4.0,1,1
49.0,1,1,26.0,3,0,3,3.0,1,5.0,1,2.0,0,1,1,0.0,2,21567.0,7189.0,3.0,3.0,0,0
19.0,0,1,16.0,3,0,3,4.0,0,4.0,2,2.0,1,5,0,2.0,1,16859.0,5619.67,20.0,5.0,0,1
45.0,1,1,15.0,2,1,4,2.0,0,3.0,0,4.0,1,3,1,3.0,1,21496.0,5374.0,6.0,7.0,1,0
36.0,1,3,6.0,2,1,2,3.0,1,3.0,1,2.0,1,3,1,1.0,2,21201.0,10600.5,9.0,3.0,0,0
38.0,1,1,6.0,2,0,2,3.0,3,3.0,2,5.0,1,1,0,1.0,3,22861.0,11430.5,3.0,3.0,1,0
39.0,1,1,7.0,2,0,3,4.0,0,5.0,2,5.0,0,1,0,2.0,1,21297.0,7099.0,4.0,5.0,1,0
26.0,0,1,6.0,3,0,3,4.0,0,3.0,1,2.0,0,1,0,0.0,1,17007.0,5669.0,4.0,3.0,0,0
34.0,1,3,20.0,1,0,2,3.0,0,3.0,1,2.0,1,5,1,1.0,1,17579.0,8789.5,15.0,3.0,0,0
31.0,1,1,27.0,2,1,3,4.0,1,5.0,1,2.0,0,4,0,2.0,2,28635.0,9545.0,16.0,5.0,0,0
19.0,1,3,11.0,2,1,3,3.0,3,4.0,2,1.0,1,4,1,0.0,3,17994.0,5998.0,12.0,3.0,0,1
38.0,1,3,8.0,3,0,3,5.0,1,3.0,1,3.0,1,3,0,0.0,2,20405.0,6801.67,15.0,3.0,0,0
36.0,1,1,32.0,2,1,3,5.0,1,3.0,2,6.0,0,2,0,2.0,2,22359.0,7453.0,10.0,5.0,1,0
45.0,1,2,7.0,3,1,4,5.0,3,5.0,0,2.0,0,4,1,1.0,3,29160.0,7290.0,20.0,5.0,0,1
27.0,1,1,20.0,2,1,2,3.0,0,5.0,0,2.0,1,4,1,0.0,1,17235.0,8617.5,12.0,2.0,0,0
53.0,1,1,8.0,1,0,3,4.0,3,3.0,1,1.0,0,5,1,2.0,3,25169.0,8389.67,20.0,5.0,0,1
30.0,1,3,13.0,3,1,2,3.0,0,4.0,2,1.0,0,2,1,0.0,1,17983.0,8991.5,6.0,2.0,0,0
41.0,1,1,18.0,1,0,2,3.0,2,3.0,0,2.0,0,4,1,0.0,4,34545.0,17272.5,12.0,2.0,0,1
50.0,0,2,9.0,3,1,3,3.0,2,4.0,1,2.0,0,1,1,2.0,4,33200.0,11066.67,3.0,5.0,0,0
26.0,0,1,8.0,2,1,2,3.0,0,5.0,0,7.0,1,5,1,0.0,1,17042.0,8521.0,15.0,2.0,1,1
29.0,1,3,16.0,3,0,2,4.0,1,4.0,1,2.0,1,5,1,0.0,2,23268.0,11634.0,20.0,2.0,0,0
33.0,1,1,20.0,3,0,3,3.0,0,4.0,0,2.0,0,5,0,0.0,1,17756.0,5918.67,15.0,3.0,0,0
41.0,1,3,14.0,3,1,3,4.0,0,4.0,2,3.0,0,5,0,1.0,1,23339.0,7779.67,20.0,4.0,0,1
31.0,1,3,12.0,2,0,3,4.0,3,3.0,1,4.0,0,4,1,2.0,3,28097.0,9365.67,16.0,5.0,1,0
32.0,1,1,14.0,3,0,3,1.0,1,3.0,1,6.0,0,3,1,2.0,2,20175.0,6725.0,3.0,5.0,1,0
59.0,1,1,9.0,1,1,3,4.0,0,3.0,2,6.0,0,2,1,2.0,1,21157.0,7052.33,8.0,5.0,1,1
41.0,1,1,25.0,2,1,2,3.0,1,5.0,1,3.0,0,2,1,0.0,2,18072.0,9036.0,6.0,2.0,0,0
49.0,1,3,9.0,3,0,3,4.0,1,3.0,0,4.0,0,5,1,1.0,2,22729.0,7576.33,20.0,4.0,1,0
31.0,0,1,13.0,2,0,2,4.0,3,3.0,0,2.0,0,2,1,1.0,3,23943.0,11971.5,8.0,3.0,0,0
57.0,0,3,13.0,2,0,3,3.0,4,5.0,0,2.0,0,3,1,1.0,0,31890.0,10630.0,9.0,4.0,0,0
28.0,0,2,29.0,2,0,3,5.0,0,4.0,1,3.0,0,1,1,1.0,1,21541.0,7180.33,5.0,4.0,0,1
36.0,0,1,9.0,3,1,3,4.0,1,3.0,1,4.0,0,3,0,2.0,2,24440.0,8146.67,12.0,5.0,1,0
36.0,1,2,15.0,1,0,2,3.0,0,3.0,1,2.0,0,1,1,0.0,1,20410.0,10205.0,3.0,2.0,0,1
30.0,1,3,10.0,3,0,4,4.0,1,3.0,1,3.0,0,1,0,1.0,2,24239.0,6059.75,4.0,5.0,0,0
53.0,0,1,26.0,3,1,3,4.0,0,3.0,1,2.0,0,3,1,1.0,1,22936.0,7645.33,12.0,4.0,0,0
49.0,0,1,14.0,2,1,3,4.0,1,4.0,0,2.0,0,3,1,2.0,2,20130.0,6710.0,12.0,5.0,0,0
34.0,0,3,15.0,2,0,3,5.0,0,3.0,2,2.0,0,2,1,2.0,1,21020.0,7006.67,10.0,5.0,0,0
44.0,1,3,16.0,3,0,3,6.0,1,3.0,2,2.0,0,1,0,1.0,2,24024.0,8008.0,6.0,4.0,0,1
39.0,1,1,17.0,3,0,4,4.0,1,3.0,0,5.0,0,3,1,3.0,2,28502.0,7125.5,12.0,7.0,1,0
36.0,1,1,9.0,2,1,3,1.0,1,5.0,1,7.0,0,1,1,2.0,2,21842.0,7280.67,1.0,5.0,1,0
35.0,1,1,29.0,3,1,3,5.0,0,3.0,1,1.0,0,1,1,0.0,1,17705.0,5901.67,5.0,3.0,0,0
37.0,1,1,20.0,2,0,3,3.0,0,5.0,1,2.0,0,4,1,1.0,1,18034.0,6011.33,12.0,4.0,0,0
36.0,1,1,7.0,2,0,3,2.0,0,3.0,2,5.0,0,3,1,2.0,1,21184.0,7061.33,6.0,5.0,1,0
24.0,0,1,10.0,2,1,2,4.0,0,3.0,1,1.0,0,3,0,1.0,1,18162.0,9081.0,12.0,3.0,0,0
37.0,1,1,16.0,3,1,3,5.0,1,4.0,1,4.0,1,4,0,2.0,2,27525.0,9175.0,20.0,5.0,1,0
36.0,1,1,30.0,3,0,2,4.0,0,5.0,1,5.0,1,4,0,1.0,1,22692.0,11346.0,16.0,3.0,1,0
41.0,1,3,29.0,3,1,4,5.0,1,3.0,1,4.0,1,3,1,1.0,2,25058.0,6264.5,15.0,5.0,1,1
31.0,1,3,12.0,2,1,3,5.0,1,3.0,0,5.0,1,3,1,1.0,2,21172.0,7057.33,15.0,4.0,1,1
36.0,1,1,11.0,2,1,4,4.0,0,3.0,1,3.0,0,4,0,1.0,1,20629.0,5157.25,16.0,5.0,0,0
35.0,0,3,6.0,3,0,3,3.0,3,3.0,2,2.0,0,5,1,0.0,3,23789.0,7929.67,15.0,3.0,0,0
34.0,1,3,15.0,2,1,3,4.0,1,5.0,1,4.0,0,5,1,1.0,2,25070.0,8356.67,20.0,4.0,1,0
30.0,1,1,22.0,2,0,3,5.0,1,3.0,2,2.0,1,1,1,2.0,2,22871.0,7623.67,5.0,5.0,0,0
37.0,1,3,7.0,2,1,3,4.0,1,3.0,1,3.0,1,3,1,2.0,2,24879.0,8293.0,12.0,5.0,0,0
19.0,1,1,10.0,2,1,3,4.0,0,3.0,2,3.0,0,4,0,1.0,1,20098.0,6699.33,16.0,4.0,0,1
39.0,1,3,8.0,2,1,2,1.0,3,3.0,2,1.0,0,1,0,0.0,3,22880.0,11440.0,1.0,2.0,0,0
44.0,0,1,29.0,3,1,3,3.0,1,4.0,0,5.0,0,3,1,0.0,2,17042.0,5680.67,9.0,3.0,1,0
41.0,0,1,16.0,2,1,4,5.0,1,3.0,0,2.0,0,5,1,1.0,2,23554.0,5888.5,25.0,5.0,0,0
41.0,0,3,9.0,3,1,4,4.0,1,4.0,0,7.0,0,4,1,3.0,2,23005.0,5751.25,16.0,7.0,1,0
41.0,1,1,8.0,2,0,2,5.0,0,3.0,1,5.0,1,3,0,0.0,1,17778.0,8889.0,15.0,2.0,1,1
35.0,1,1,13.0,2,1,3,4.0,0,3.0,1,2.0,0,3,1,0.0,1,17690.0,5896.67,12.0,3.0,0,0
34.0,1,1,33.0,3,0,3,3.0,0,4.0,2,3.0,0,3,0,0.0,1,17311.0,5770.33,9.0,3.0,0,0
27.0,1,3,11.0,3,1,3,5.0,1,3.0,2,3.0,1,2,1,2.0,2,24506.0,8168.67,10.0,5.0,0,1
43.0,1,1,24.0,2,0,3,3.0,1,5.0,2,5.0,1,2,0,1.0,2,25223.0,8407.67,6.0,4.0,1,0
32.0,1,3,27.0,2,0,4,6.0,1,3.0,0,5.0,1,3,1,1.0,2,23237.0,5809.25,18.0,5.0,1,1
33.0,0,1,13.0,2,1,2,3.0,1,3.0,1,2.0,0,5,1,1.0,2,20968.0,10484.0,15.0,3.0,0,0
29.0,1,1,31.0,1,0,3,4.0,0,4.0,0,6.0,0,3,0,2.0,1,17546.0,5848.67,12.0,5.0,1,1
46.0,1,1,32.0,2,0,4,5.0,1,3.0,1,2.0,0,4,0,1.0,2,24584.0,6146.0,20.0,5.0,0,0
50.0,1,3,18.0,3,0,3,4.0,3,3.0,0,3.0,0,4,0,2.0,3,26332.0,8777.33,16.0,5.0,0,1
34.0,1,3,12.0,3,0,3,4.0,0,3.0,2,3.0,1,2,1,1.0,1,21529.0,7176.33,8.0,4.0,0,1
43.0,0,1,13.0,3,1,2,1.0,0,3.0,1,5.0,0,4,1,0.0,1,17089.0,8544.5,4.0,2.0,1,0
39.0,1,3,23.0,2,0,3,4.0,1,4.0,2,4.0,0,1,0,1.0,2,22876.0,7625.33,4.0,4.0,1,0
40.0,0,1,22.0,3,1,2,4.0,1,3.0,2,7.0,0,5,0,0.0,2,20094.0,10047.0,20.0,2.0,1,0
28.0,1,3,16.0,3,1,3,4.0,1,3.0,2,3.0,0,1,0,2.0,2,22783.0,7594.33,4.0,5.0,0,0
45.0,1,1,7.0,2,1,4,2.0,1,5.0,1,4.0,0,3,1,3.0,2,23711.0,5927.75,6.0,7.0,1,0
40.0,0,1,15.0,3,0,2,3.0,3,3.0,2,1.0,0,4,0,0.0,3,28499.0,14249.5,12.0,2.0,0,0
29.0,1,3,6.0,3,0,2,4.0,0,3.0,1,7.0,1,2,0,1.0,1,17800.0,8900.0,8.0,3.0,1,1
46.0,1,1,21.0,2,1,2,3.0,2,4.0,1,6.0,0,3,1,1.0,4,34081.0,17040.5,9.0,3.0,1,0
34.0,1,1,15.0,2,1,3,2.0,0,5.0,1,8.0,0,3,1,2.0,1,21821.0,7273.67,6.0,5.0,1,0
38.0,0,3,8.0,2,1,2,4.0,1,3.0,1,4.0,0,5,1,1.0,2,20249.0,10124.5,20.0,3.0,1,0
29.0,0,1,6.0,2,1,3,5.0,0,3.0,1,2.0,0,2,1,0.0,1,17720.0,5906.67,10.0,3.0,0,0
35.0,1,1,10.0,2,1,3,3.0,0,3.0,1,2.0,0,4,1,1.0,1,16951.0,5650.33,12.0,4.0,0,0
28.0,1,1,13.0,3,0,4,5.0,0,3.0,1,2.0,0,1,0,2.0,1,20865.0,5216.25,5.0,6.0,0,0
28.0,1,1,10.0,3,1,3,5.0,0,3.0,2,2.0,0,1,1,2.0,1,20723.0,6907.67,5.0,5.0,0,0
51.0,1,3,30.0,3,0,2,4.0,1,4.0,2,1.0,1,5,1,1.0,2,17838.0,8919.0,20.0,3.0,0,1
37.0,1,3,24.0,3,1,3,5.0,1,4.0,1,4.0,0,4,1,1.0,2,24185.0,8061.67,20.0,4.0,1,0
23.0,1,1,22.0,3,0,3,4.0,0,3.0,2,3.0,0,1,1,2.0,1,21549.0,7183.0,4.0,5.0,0,0
21.0,1,3,18.0,2,0,2,2.0,0,4.0,2,2.0,0,5,0,1.0,1,17716.0,8858.0,10.0,3.0,0,1
53.0,1,1,11.0,2,0,2,3.0,2,3.0,1,5.0,0,4,1,0.0,4,34094.0,17047.0,12.0,2.0,1,0
39.0,1,3,9.0,3,0,4,6.0,1,3.0,1,4.0,1,3,0,1.0,2,24083.0,6020.75,18.0,5.0,1,0
27.0,1,1,12.0,2,1,2,4.0,0,3.0,0,2.0,0,2,1,1.0,1,17539.0,8769.5,8.0,3.0,0,0
42.0,1,1,6.0,2,0,3,3.0,0,5.0,1,4.0,0,3,1,1.0,1,17576.0,5858.67,9.0,4.0,1,0
54.0,1,3,7.0,3,0,3,4.0,1,5.0,2,2.0,0,1,1,2.0,2,27059.0,9019.67,4.0,5.0,0,0
46.0,1,1,21.0,2,1,2,3.0,2,4.0,0,6.0,0,3,1,1.0,4,34081.0,17040.5,9.0,3.0,1,0
32.0,1,1,15.0,2,0,3,3.0,1,3.0,1,2.0,1,5,1,2.0,2,21322.0,7107.33,15.0,5.0,0,0
36.0,1,1,7.0,3,0,3,5.0,1,3.0,0,2.0,0,1,1,2.0,2,24041.0,8013.67,5.0,5.0,0,0
29.0,0,1,7.0,3,1,3,4.0,0,3.0,2,2.0,1,4,0,1.0,1,20832.0,6944.0,16.0,4.0,0,0
60.0,0,3,34.0,3,0,3,4.0,3,5.0,1,5.0,0,1,1,0.0,3,25266.0,8422.0,4.0,3.0,1,0
37.0,0,1,31.0,2,0,3,4.0,1,4.0,1,2.0,0,3,1,2.0,2,24352.0,8117.33,12.0,5.0,0,0
34.0,1,3,27.0,2,1,3,2.0,1,3.0,2,2.0,0,3,1,0.0,2,20337.0,6779.0,6.0,3.0,0,0
27.0,0,3,36.0,3,1,4,6.0,1,5.0,2,2.0,0,3,0,1.0,2,23647.0,5911.75,18.0,5.0,0,1
58.0,1,3,16.0,3,1,2,3.0,4,3.0,2,1.0,0,3,0,1.0,0,28872.0,14436.0,9.0,3.0,0,0
37.0,1,1,12.0,3,1,2,1.0,1,5.0,1,5.0,1,3,1,1.0,2,20974.0,10487.0,3.0,3.0,1,0
51.0,0,3,7.0,2,0,4,4.0,1,3.0,0,2.0,0,2,1,2.0,2,25025.0,6256.25,8.0,6.0,0,0
31.0,1,3,11.0,3,0,4,5.0,1,4.0,1,3.0,1,3,1,2.0,2,23887.0,5971.75,15.0,6.0,0,0
51.0,0,3,15.0,1,1,3,4.0,1,3.0,1,5.0,1,5,0,1.0,2,25474.0,8491.33,20.0,4.0,1,1
56.0,0,1,6.0,2,1,2,3.0,1,3.0,1,2.0,0,3,0,0.0,2,21306.0,10653.0,9.0,2.0,0,0
31.0,0,3,26.0,2,1,3,1.0,0,3.0,0,1.0,0,5,1,1.0,1,17791.0,5930.33,5.0,4.0,0,0
33.0,1,1,7.0,2,1,4,4.0,1,4.0,1,3.0,0,3,1,1.0,2,24898.0,6224.5,12.0,5.0,0,0
36.0,1,3,17.0,3,0,3,4.0,1,3.0,1,5.0,0,1,1,1.0,2,21652.0,7217.33,4.0,4.0,1,0
37.0,1,1,25.0,2,1,3,3.0,0,4.0,1,5.0,0,4,0,1.0,1,18022.0,6007.33,12.0,4.0,1,0
34.0,1,1,7.0,2,1,4,5.0,0,5.0,2,5.0,1,4,1,2.0,1,21477.0,5369.25,20.0,6.0,1,0
33.0,1,1,7.0,2,1,4,4.0,1,4.0,0,3.0,0,3,0,1.0,2,24898.0,6224.5,12.0,5.0,0,0
25.0,0,1,18.0,2,0,4,2.0,1,3.0,1,2.0,0,5,0,2.0,2,22689.0,5672.25,10.0,6.0,0,0
42.0,1,1,19.0,2,1,3,4.0,0,3.0,1,5.0,1,3,1,1.0,1,23444.0,7814.67,12.0,4.0,1,0
32.0,0,1,6.0,2,0,3,4.0,0,4.0,0,7.0,0,3,1,0.0,1,17332.0,5777.33,12.0,3.0,1,0
35.0,1,1,16.0,3,0,3,5.0,3,4.0,2,3.0,0,2,1,2.0,3,27299.0,9099.67,10.0,5.0,0,0
44.0,1,1,13.0,3,0,2,3.0,2,3.0,1,1.0,1,4,1,1.0,4,34049.0,17024.5,12.0,3.0,0,0
34.0,1,3,8.0,2,1,2,3.0,1,3.0,2,2.0,0,5,0,0.0,2,21274.0,10637.0,15.0,2.0,0,0
57.0,1,1,21.0,2,0,4,4.0,0,4.0,1,2.0,1,5,1,1.0,1,23641.0,5910.25,20.0,5.0,0,1
27.0,1,3,14.0,3,0,2,3.0,1,4.0,1,2.0,0,1,0,1.0,2,21214.0,10607.0,3.0,3.0,0,0
32.0,1,3,9.0,2,1,4,4.0,1,3.0,2,6.0,1,5,1,2.0,2,25260.0,6315.0,20.0,6.0,1,0
40.0,0,3,28.0,2,0,3,6.0,1,3.0,1,8.0,0,5,0,1.0,2,24414.0,8138.0,30.0,4.0,1,0
41.0,1,2,25.0,2,1,3,2.0,0,5.0,1,2.0,0,1,1,2.0,1,21065.0,7021.67,2.0,5.0,0,1
41.0,1,1,15.0,3,1,4,5.0,0,3.0,2,3.0,1,4,1,3.0,1,27772.0,6943.0,20.0,7.0,0,1
37.0,1,3,10.0,3,0,4,5.0,3,3.0,1,2.0,0,3,1,1.0,3,26322.0,6580.5,15.0,5.0,0,0
36.0,0,3,15.0,3,0,4,5.0,3,3.0,1,6.0,1,5,1,3.0,3,29055.0,7263.75,25.0,7.0,1,0
37.0,0,1,15.0,2,0,4,3.0,3,5.0,0,2.0,0,3,0,1.0,3,30391.0,7597.75,9.0,5.0,0,0
28.0,0,3,6.0,3,1,3,4.0,1,3.0,0,2.0,0,3,0,2.0,2,23020.0,7673.33,12.0,5.0,0,0
24.0,0,1,10.0,2,1,2,4.0,0,3.0,0,1.0,0,3,0,0.0,1,18162.0,9081.0,12.0,2.0,0,0
24.0,1,1,33.0,2,1,3,4.0,0,3.0,1,3.0,0,2,1,2.0,1,21582.0,7194.0,8.0,5.0,0,0
34.0,1,3,20.0,1,0,2,3.0,0,3.0,1,2.0,1,5,1,0.0,1,17579.0,8789.5,15.0,2.0,0,0
44.0,1,1,14.0,2,1,3,1.0,0,3.0,0,3.0,1,3,1,2.0,1,17818.0,5939.33,3.0,5.0,0,0
48.0,1,3,22.0,2,0,3,3.0,1,3.0,1,1.0,0,4,1,0.0,2,21439.0,7146.33,12.0,3.0,0,0
41.0,0,3,16.0,2,1,2,3.0,1,3.0,2,1.0,0,1,0,1.0,2,21230.0,10615.0,3.0,3.0,0,0
37.0,0,3,10.0,3,1,3,5.0,3,3.0,0,6.0,0,2,0,2.0,3,28377.0,9459.0,10.0,5.0,1,0
34.0,1,1,14.0,3,1,3,4.0,3,3.0,0,2.0,0,4,0,1.0,3,30369.0,10123.0,16.0,4.0,0,0
38.0,0,3,26.0,3,1,3,4.0,3,4.0,2,3.0,1,5,0,1.0,3,26320.0,8773.33,20.0,4.0,0,0
34.0,1,1,12.0,2,1,3,5.0,3,3.0,1,6.0,0,3,0,1.0,3,25797.0,8599.0,15.0,4.0,1,0
30.0,1,1,26.0,2,1,2,3.0,1,5.0,0,1.0,0,4,1,0.0,2,24957.0,12478.5,12.0,2.0,0,0
21.0,1,1,24.0,2,0,3,3.0,0,3.0,2,2.0,0,3,1,2.0,1,17693.0,5897.67,9.0,5.0,0,1
52.0,1,1,6.0,2,1,3,3.0,4,3.0,1,3.0,0,1,1,2.0,0,32099.0,10699.67,3.0,5.0,0,0
36.0,1,3,7.0,3,1,3,4.0,1,3.0,1,2.0,0,3,0,2.0,2,23395.0,7798.33,12.0,5.0,0,0
49.0,1,3,17.0,3,0,2,3.0,3,3.0,0,2.0,0,4,0,1.0,3,22654.0,11327.0,12.0,3.0,0,1
32.0,1,3,27.0,2,0,4,6.0,1,3.0,1,5.0,1,3,0,3.0,2,23237.0,5809.25,18.0,7.0,1,1
45.0,1,1,12.0,2,1,2,3.0,3,5.0,0,5.0,1,3,0,0.0,3,28245.0,14122.5,9.0,2.0,1,0
30.0,0,1,9.0,2,0,4,4.0,0,4.0,0,2.0,0,5,0,3.0,1,21858.0,5464.5,20.0,7.0,0,0
28.0,0,1,30.0,1,1,3,4.0,3,5.0,2,2.0,0,1,1,1.0,3,23722.0,7907.33,4.0,4.0,0,1
38.0,1,1,15.0,2,0,3,3.0,0,3.0,2,2.0,0,2,1,1.0,1,17288.0,5762.67,6.0,4.0,0,0
46.0,1,2,31.0,3,1,3,4.0,0,4.0,2,3.0,0,4,0,1.0,1,20855.0,6951.67,16.0,4.0,0,0
28.0,1,1,8.0,2,1,3,4.0,0,4.0,0,1.0,0,2,0,2.0,1,18201.0,6067.0,8.0,5.0,0,0
37.0,1,3,8.0,3,1,3,3.0,1,3.0,0,5.0,1,3,0,1.0,2,24602.0,8200.67,9.0,4.0,1,0
35.0,1,3,23.0,2,1,3,3.0,1,5.0,1,4.0,1,3,0,2.0,2,23966.0,7988.67,9.0,5.0,1,0
32.0,0,1,7.0,2,0,4,2.0,3,4.0,2,3.0,0,3,1,3.0,3,26124.0,6531.0,6.0,7.0,0,1
29.0,1,1,31.0,1,0,3,4.0,0,4.0,1,6.0,0,3,1,2.0,1,17546.0,5848.67,12.0,5.0,1,1
34.0,0,1,9.0,2,1,2,3.0,1,3.0,2,1.0,0,2,1,0.0,2,22756.0,11378.0,6.0,2.0,0,0
35.0,0,1,24.0,2,1,3,3.0,1,3.0,1,2.0,1,3,1,0.0,2,20689.0,6896.33,9.0,3.0,0,0
40.0,1,1,9.0,1,0,4,5.0,1,3.0,2,3.0,0,2,1,1.0,2,23231.0,5807.75,10.0,5.0,0,0
33.0,1,3,9.0,3,1,3,4.0,1,4.0,0,2.0,1,1,0,2.0,2,22756.0,7585.33,4.0,5.0,0,0
32.0,0,1,31.0,1,0,2,4.0,1,3.0,2,4.0,0,1,1,1.0,2,23916.0,11958.0,4.0,3.0,1,0
35.0,1,1,14.0,2,1,4,4.0,1,3.0,1,3.0,0,3,0,1.0,2,21263.0,5315.75,12.0,5.0,0,1
39.0,1,1,6.0,3,1,2,2.0,3,3.0,1,1.0,0,3,1,0.0,3,24613.0,12306.5,6.0,2.0,0,0
33.0,1,3,13.0,3,1,3,4.0,1,3.0,2,3.0,0,5,1,1.0,2,23688.0,7896.0,20.0,4.0,0,0
59.0,1,3,6.0,1,1,3,3.0,3,3.0,1,4.0,1,1,1,0.0,3,26904.0,8968.0,3.0,3.0,1,0
43.0,1,1,9.0,2,1,4,5.0,1,3.0,2,5.0,0,2,0,2.0,2,25459.0,6364.75,10.0,6.0,1,0
51.0,1,1,35.0,3,1,4,2.0,0,3.0,1,3.0,1,1,0,2.0,1,21899.0,5474.75,2.0,6.0,0,0
29.0,1,3,6.0,3,0,2,4.0,0,3.0,1,7.0,1,1,1,1.0,1,17800.0,8900.0,4.0,3.0,1,1
43.0,0,1,28.0,3,0,3,4.0,1,3.0,1,4.0,0,1,0,1.0,2,23943.0,7981.0,4.0,4.0,1,0
33.0,1,1,12.0,2,1,4,2.0,0,4.0,1,2.0,1,1,1,3.0,1,21976.0,5494.0,2.0,7.0,0,0
42.0,0,1,14.0,2,1,3,3.0,2,3.0,1,2.0,0,5,1,1.0,4,33430.0,11143.33,15.0,4.0,0,0
51.0,1,1,15.0,2,1,3,3.0,0,3.0,0,4.0,0,3,1,0.0,1,17075.0,5691.67,9.0,3.0,1,0
42.0,1,1,18.0,3,1,2,3.0,0,4.0,1,1.0,0,1,1,1.0,1,17766.0,8883.0,3.0,3.0,0,0
49.0,1,1,11.0,2,1,3,4.0,3,3.0,2,3.0,0,5,1,2.0,3,26576.0,8858.67,20.0,5.0,0,0
43.0,1,1,17.0,2,1,1,3.0,3,3.0,1,2.0,0,1,1,0.0,3,22510.0,22510.0,3.0,1.0,0,0
31.0,0,3,32.0,1,0,3,4.0,1,3.0,0,2.0,1,3,1,1.0,2,23414.0,7804.67,12.0,4.0,0,0
28.0,1,1,11.0,2,1,4,4.0,0,3.0,1,3.0,0,4,1,2.0,1,21195.0,5298.75,16.0,6.0,0,0
35.0,0,1,10.0,2,1,3,4.0,1,3.0,2,2.0,0,2,1,1.0,2,26434.0,8811.33,8.0,4.0,0,0
51.0,1,3,10.0,3,1,3,5.0,0,3.0,1,3.0,1,4,1,2.0,1,21361.0,7120.33,20.0,5.0,0,1
39.0,1,3,21.0,3,1,3,3.0,4,5.0,2,1.0,0,1,1,2.0,0,28341.0,9447.0,3.0,5.0,0,0
26.0,1,3,15.0,2,0,3,4.0,1,3.0,1,2.0,1,1,1,2.0,2,23585.0,7861.67,4.0,5.0,0,0
33.0,1,1,31.0,3,1,2,4.0,0,4.0,2,5.0,1,4,0,0.0,1,17313.0,8656.5,16.0,2.0,1,1
36.0,1,3,25.0,3,0,3,4.0,1,3.0,0,3.0,0,4,1,1.0,2,23279.0,7759.67,16.0,4.0,0,0
29.0,1,3,8.0,3,1,3,4.0,1,4.0,0,3.0,0,4,0,1.0,2,21644.0,7214.67,16.0,4.0,0,0
26.0,0,1,9.0,1,1,3,3.0,0,5.0,2,1.0,0,3,0,1.0,1,18102.0,6034.0,9.0,4.0,0,1
29.0,1,1,6.0,1,1,2,3.0,0,3.0,2,1.0,0,1,0,0.0,1,17058.0,8529.0,3.0,2.0,0,1
39.0,0,1,15.0,2,1,3,3.0,1,4.0,2,1.0,0,1,1,0.0,2,21782.0,7260.67,3.0,3.0,0,0
31.0,1,1,32.0,2,1,2,3.0,0,3.0,1,2.0,0,3,1,1.0,1,17911.0,8955.5,9.0,3.0,0,0
31.0,1,1,10.0,1,0,3,4.0,0,5.0,2,7.0,1,4,1,2.0,1,21335.0,7111.67,16.0,5.0,1,1
37.0,1,1,16.0,2,0,2,3.0,0,5.0,1,1.0,1,3,1,1.0,1,17782.0,8891.0,9.0,3.0,0,0
38.0,1,1,6.0,2,0,2,2.0,1,3.0,2,1.0,0,2,1,1.0,2,22625.0,11312.5,4.0,3.0,0,0
42.0,1,3,16.0,2,1,4,4.0,3,3.0,1,5.0,1,1,0,2.0,3,26867.0,6716.75,4.0,6.0,1,0
31.0,1,1,25.0,2,0,4,4.0,0,3.0,2,3.0,0,2,1,1.0,1,21310.0,5327.5,8.0,5.0,0,0
29.0,1,1,14.0,3,1,3,4.0,1,3.0,0,2.0,1,3,0,0.0,2,20056.0,6685.33,12.0,3.0,0,0
47.0,0,3,33.0,2,1,4,5.0,1,4.0,2,2.0,0,4,1,3.0,2,26669.0,6667.25,20.0,7.0,0,0
41.0,1,1,9.0,3,0,4,5.0,1,3.0,0,8.0,0,5,1,1.0,2,22126.0,5531.5,25.0,5.0,1,0
29.0,1,1,7.0,2,0,4,6.0,0,4.0,2,2.0,1,2,1,1.0,1,20894.0,5223.5,12.0,5.0,0,1
20.0,1,3,27.0,3,1,2,1.0,0,3.0,2,2.0,0,3,1,1.0,1,17678.0,8839.0,3.0,3.0,0,0
27.0,1,2,32.0,2,0,4,4.0,0,3.0,0,3.0,0,4,1,1.0,1,21620.0,5405.0,16.0,5.0,0,0
22.0,1,1,17.0,3,0,2,3.0,0,4.0,0,2.0,0,2,1,0.0,1,17244.0,8622.0,6.0,2.0,0,0
51.0,1,1,10.0,2,1,2,3.0,0,3.0,0,1.0,1,2,1,1.0,1,17461.0,8730.5,6.0,3.0,0,1
29.0,1,1,23.0,3,1,4,2.0,1,5.0,2,2.0,0,5,0,2.0,2,24339.0,6084.75,10.0,6.0,0,0
24.0,1,1,29.0,3,1,2,1.0,0,3.0,1,2.0,1,4,0,0.0,1,17725.0,8862.5,4.0,2.0,0,0
30.0,0,3,9.0,2,1,4,4.0,1,3.0,0,3.0,0,2,1,2.0,2,23327.0,5831.75,8.0,6.0,0,0
34.0,0,1,14.0,2,1,3,4.0,1,3.0,1,3.0,0,5,1,2.0,2,24646.0,8215.33,20.0,5.0,0,0
36.0,1,1,7.0,3,1,3,5.0,0,3.0,1,8.0,0,1,1,2.0,1,20936.0,6978.67,5.0,5.0,1,0
21.0,1,3,9.0,3,0,3,4.0,0,3.0,2,3.0,0,4,0,1.0,1,21461.0,7153.67,16.0,4.0,0,0
39.0,1,3,10.0,2,0,2,4.0,1,3.0,1,5.0,0,5,1,1.0,2,20902.0,10451.0,20.0,3.0,1,0
26.0,0,1,8.0,2,1,2,3.0,0,5.0,1,7.0,1,5,0,0.0,1,17042.0,8521.0,15.0,2.0,1,1
60.0,1,1,13.0,2,0,2,3.0,2,5.0,0,6.0,0,5,0,0.0,4,34566.0,17283.0,15.0,2.0,1,0
22.0,0,1,22.0,3,1,3,2.0,0,3.0,1,2.0,1,3,0,0.0,1,17935.0,5978.33,6.0,3.0,0,0
46.0,0,1,11.0,2,1,3,4.0,1,4.0,0,3.0,0,4,1,2.0,2,23125.0,7708.33,16.0,5.0,0,0
38.0,1,3,13.0,3,0,2,1.0,1,5.0,1,2.0,1,3,1,1.0,2,20605.0,10302.5,3.0,3.0,0,0
29.0,1,3,16.0,3,1,2,4.0,1,3.0,2,1.0,0,4,1,0.0,2,20869.0,10434.5,16.0,2.0,0,0
39.0,0,1,9.0,3,0,3,5.0,0,4.0,2,3.0,0,1,1,1.0,1,21118.0,7039.33,5.0,4.0,0,0
35.0,0,1,6.0,3,1,3,3.0,0,5.0,1,5.0,0,1,0,1.0,1,17194.0,5731.33,3.0,4.0,1,0
25.0,1,1,30.0,3,1,3,3.0,0,3.0,0,3.0,1,4,0,2.0,1,21403.0,7134.33,12.0,5.0,0,0
36.0,0,3,25.0,2,1,4,4.0,3,5.0,0,3.0,0,4,1,1.0,3,27747.0,6936.75,16.0,5.0,0,0
33.0,1,3,15.0,3,0,3,3.0,1,5.0,2,1.0,1,3,0,1.0,2,23224.0,7741.33,9.0,4.0,0,1
30.0,0,3,28.0,2,0,3,3.0,3,5.0,0,1.0,0,2,1,0.0,3,23412.0,7804.0,6.0,3.0,0,0
44.0,1,1,13.0,3,0,2,4.0,3,3.0,0,4.0,0,4,1,0.0,3,25248.0,12624.0,16.0,2.0,1,0
27.0,1,1,12.0,3,0,3,4.0,0,3.0,1,1.0,0,1,0,1.0,1,17187.0,5729.0,4.0,4.0,0,0
42.0,1,1,15.0,3,0,4,4.0,0,5.0,1,3.0,1,3,0,3.0,1,22781.0,5695.25,12.0,7.0,0,1
54.0,1,1,11.0,3,1,2,3.0,2,5.0,0,5.0,0,4,1,0.0,4,34406.0,17203.0,12.0,2.0,1,0
53.0,1,1,13.0,2,1,2,2.0,4,3.0,0,4.0,0,2,0,0.0,0,29814.0,14907.0,4.0,2.0,1,0
45.0,1,3,7.0,3,0,4,4.0,1,5.0,1,7.0,1,2,0,1.0,2,24132.0,6033.0,8.0,5.0,1,0
40.0,1,3,16.0,1,0,2,4.0,1,4.0,1,1.0,0,5,1,0.0,2,21852.0,10926.0,20.0,2.0,0,0
22.0,1,3,29.0,1,1,3,4.0,0,3.0,2,3.0,0,2,1,2.0,1,22125.0,7375.0,8.0,5.0,0,0
43.0,1,3,19.0,3,1,4,4.0,1,3.0,1,5.0,1,1,0,1.0,2,23765.0,5941.25,4.0,5.0,1,0
25.0,1,1,6.0,3,0,2,3.0,0,4.0,2,2.0,0,3,1,0.0,1,17096.0,8548.0,9.0,2.0,0,0
31.0,1,1,6.0,2,1,3,4.0,0,5.0,1,2.0,0,4,1,1.0,1,17218.0,5739.33,16.0,4.0,0,0
36.0,1,1,7.0,1,0,3,5.0,3,5.0,1,3.0,1,1,1,0.0,3,25252.0,8417.33,5.0,3.0,0,0
38.0,1,1,31.0,2,0,2,4.0,3,4.0,0,4.0,0,3,1,0.0,3,27061.0,13530.5,12.0,2.0,1,0
35.0,1,1,33.0,3,0,2,4.0,0,5.0,2,2.0,0,4,1,1.0,1,17559.0,8779.5,16.0,3.0,0,0
36.0,1,2,19.0,2,1,2,3.0,0,4.0,1,5.0,0,3,1,1.0,1,17143.0,8571.5,9.0,3.0,1,0
44.0,1,1,29.0,3,1,3,3.0,0,5.0,2,1.0,0,3,0,2.0,1,33213.0,11071.0,9.0,5.0,0,1
42.0,1,1,30.0,3,1,2,3.0,3,5.0,0,2.0,1,2,1,1.0,3,22406.0,11203.0,6.0,3.0,0,0
40.0,1,3,8.0,2,0,3,3.0,2,3.0,1,1.0,0,3,1,0.0,4,33041.0,11013.67,9.0,3.0,0,0
32.0,1,3,16.0,3,1,2,3.0,1,3.0,2,2.0,0,4,0,1.0,2,20396.0,10198.0,12.0,3.0,0,0
42.0,0,1,8.0,3,1,2,3.0,0,3.0,2,6.0,1,2,0,1.0,1,17515.0,8757.5,6.0,3.0,1,0
33.0,0,1,9.0,2,1,3,3.0,0,5.0,2,2.0,1,5,1,2.0,1,18348.0,6116.0,15.0,5.0,0,1
32.0,1,1,31.0,2,1,2,3.0,0,3.0,2,2.0,1,5,0,0.0,1,17795.0,8897.5,15.0,2.0,0,1
54.0,1,1,31.0,3,1,3,2.0,3,3.0,1,5.0,0,3,0,2.0,3,25683.0,8561.0,6.0,5.0,1,0
44.0,0,1,24.0,1,1,3,5.0,0,3.0,1,2.0,1,5,1,2.0,1,21115.0,7038.33,25.0,5.0,0,1
30.0,1,1,9.0,1,0,2,3.0,0,5.0,2,6.0,1,4,0,0.0,1,17657.0,8828.5,12.0,2.0,1,1
35.0,1,2,32.0,2,0,2,3.0,3,3.0,2,2.0,1,1,1,0.0,3,23837.0,11918.5,3.0,2.0,0,0
27.0,1,1,22.0,1,0,2,3.0,0,4.0,1,1.0,0,1,1,0.0,1,17811.0,8905.5,3.0,2.0,0,0
34.0,1,1,21.0,3,1,3,4.0,0,3.0,1,7.0,1,1,1,2.0,1,21114.0,7038.0,4.0,5.0,1,1
36.0,1,1,9.0,2,0,2,3.0,0,3.0,1,6.0,0,1,0,1.0,1,17835.0,8917.5,3.0,3.0,1,0
27.0,1,3,15.0,1,1,3,5.0,1,5.0,2,8.0,0,3,1,2.0,2,24004.0,8001.33,15.0,5.0,1,1
53.0,0,3,8.0,3,0,2,4.0,3,4.0,1,3.0,0,1,1,0.0,3,22525.0,11262.5,4.0,2.0,0,0
46.0,1,3,6.0,2,1,2,1.0,4,5.0,2,2.0,0,4,1,1.0,0,32567.0,16283.5,4.0,3.0,0,0
40.0,1,3,6.0,3,1,2,5.0,1,3.0,0,3.0,1,3,1,0.0,2,22457.0,11228.5,15.0,2.0,0,0
50.0,1,3,6.0,3,0,3,3.0,2,3.0,1,4.0,0,2,1,1.0,4,34517.0,11505.67,6.0,4.0,1,0
53.0,0,1,32.0,3,0,3,5.0,4,3.0,0,5.0,0,5,0,2.0,0,32504.0,10834.67,25.0,5.0,1,0
39.0,0,1,28.0,3,0,2,3.0,3,5.0,2,2.0,1,5,1,0.0,3,25880.0,12940.0,15.0,2.0,0,0
58.0,1,1,15.0,3,0,3,4.0,0,4.0,0,5.0,1,2,1,0.0,1,18346.0,6115.33,8.0,3.0,1,0
43.0,0,1,27.0,3,1,3,3.0,0,3.0,1,1.0,0,4,1,2.0,1,17258.0,5752.67,12.0,5.0,0,0
37.0,0,2,9.0,2,1,4,5.0,1,3.0,2,3.0,0,3,1,1.0,2,22564.0,5641.0,15.0,5.0,0,0
55.0,1,3,19.0,3,1,2,1.0,4,3.0,2,7.0,1,3,1,1.0,0,28695.0,14347.5,3.0,3.0,1,1
31.0,0,1,12.0,2,1,4,5.0,0,3.0,1,2.0,0,5,0,1.0,1,22439.0,5609.75,25.0,5.0,0,0
38.0,0,3,8.0,2,1,2,4.0,1,3.0,0,4.0,0,5,1,1.0,2,20249.0,10124.5,20.0,3.0,1,0
29.0,1,1,21.0,2,1,2,3.0,0,3.0,2,2.0,0,3,1,1.0,1,17340.0,8670.0,9.0,3.0,0,0
28.0,1,1,9.0,1,1,3,4.0,0,4.0,1,3.0,0,4,1,2.0,1,20904.0,6968.0,16.0,5.0,0,0
37.0,0,3,14.0,3,0,3,2.0,1,5.0,0,4.0,0,1,1,1.0,2,23317.0,7772.33,2.0,4.0,1,0
55.0,0,1,27.0,2,0,3,4.0,1,3.0,2,5.0,0,4,1,1.0,2,23547.0,7849.0,16.0,4.0,1,0
27.0,0,3,14.0,2,1,2,3.0,3,3.0,2,2.0,0,1,1,0.0,3,23726.0,11863.0,3.0,2.0,0,0
56.0,0,1,15.0,3,0,3,3.0,0,3.0,0,3.0,0,2,0,0.0,1,17942.0,5980.67,6.0,3.0,0,0
29.0,1,3,16.0,2,1,2,3.0,0,3.0,2,2.0,0,4,0,0.0,1,17642.0,8821.0,12.0,2.0,0,0
24.0,0,3,30.0,3,1,2,3.0,0,3.0,1,1.0,0,4,1,1.0,1,17400.0,8700.0,12.0,3.0,0,0
34.0,1,1,32.0,2,1,3,5.0,1,4.0,2,3.0,0,1,0,2.0,2,22998.0,7666.0,5.0,5.0,0,0
44.0,1,2,6.0,3,1,3,4.0,3,5.0,1,1.0,0,4,1,0.0,3,25482.0,8494.0,16.0,3.0,0,1
36.0,0,1,12.0,2,1,3,1.0,1,5.0,1,4.0,1,4,1,1.0,2,20562.0,6854.0,4.0,4.0,1,0
43.0,1,1,9.0,2,0,3,4.0,1,3.0,1,3.0,0,1,0,1.0,2,22767.0,7589.0,4.0,4.0,0,0
58.0,1,1,13.0,3,0,2,4.0,3,5.0,0,1.0,1,4,1,0.0,3,25008.0,12504.0,16.0,2.0,0,1
36.0,1,1,12.0,2,1,2,5.0,0,3.0,1,2.0,0,1,1,0.0,1,17741.0,8870.5,5.0,2.0,0,0
32.0,0,1,7.0,2,0,4,4.0,1,5.0,0,3.0,0,5,1,3.0,2,22826.0,5706.5,20.0,7.0,0,0
52.0,1,3,28.0,3,1,4,4.0,1,3.0,2,2.0,1,5,0,3.0,2,24119.0,6029.75,20.0,7.0,0,0
28.0,1,3,9.0,3,0,3,2.0,1,3.0,2,2.0,0,1,0,2.0,2,25178.0,8392.67,2.0,5.0,0,0
54.0,1,1,8.0,1,0,2,3.0,3,3.0,1,1.0,0,4,0,0.0,3,28549.0,14274.5,12.0,2.0,0,0
36.0,1,1,23.0,2,1,4,4.0,3,3.0,0,6.0,1,2,0,2.0,3,26310.0,6577.5,8.0,6.0,1,0
35.0,0,1,17.0,2,1,3,2.0,1,3.0,1,3.0,0,4,1,1.0,2,23402.0,7800.67,8.0,4.0,0,0
36.0,1,1,14.0,2,1,4,4.0,0,4.0,2,3.0,1,3,1,2.0,1,24041.0,6010.25,12.0,6.0,0,1
40.0,1,1,8.0,3,1,3,3.0,0,3.0,1,3.0,0,1,0,0.0,1,17345.0,5781.67,3.0,3.0,0,0
29.0,1,3,33.0,2,1,3,5.0,1,5.0,0,3.0,0,4,1,1.0,2,23402.0,7800.67,20.0,4.0,0,0
29.0,0,1,7.0,2,0,3,6.0,1,3.0,0,2.0,0,3,1,1.0,2,25352.0,8450.67,18.0,4.0,0,0
18.0,1,1,9.0,2,1,2,3.0,0,3.0,2,2.0,0,4,0,0.0,1,16420.0,8210.0,12.0,2.0,0,1
47.0,1,3,7.0,3,0,4,4.0,3,5.0,1,3.0,0,2,1,2.0,3,29131.0,7282.75,8.0,6.0,0,0
46.0,0,1,13.0,3,0,1,3.0,1,3.0,0,3.0,0,5,0,0.0,2,20258.0,20258.0,15.0,1.0,0,0
37.0,1,1,16.0,3,1,4,5.0,0,3.0,1,2.0,1,1,1,3.0,1,22066.0,5516.5,5.0,7.0,0,1
35.0,1,3,7.0,3,1,4,2.0,1,3.0,1,2.0,0,5,1,3.0,2,28403.0,7100.75,10.0,7.0,0,0
53.0,1,1,13.0,2,1,2,1.0,4,3.0,1,4.0,0,1,0,1.0,0,29814.0,14907.0,1.0,3.0,1,0
46.0,1,1,19.0,2,1,2,3.0,1,4.0,2,7.0,0,4,1,0.0,2,20562.0,10281.0,12.0,2.0,1,0
40.0,1,1,6.0,2,1,2,3.0,0,3.0,1,1.0,0,1,0,0.0,1,17406.0,8703.0,3.0,2.0,0,0
32.0,0,1,11.0,2,0,2,1.0,0,3.0,2,4.0,1,1,0,1.0,1,17432.0,8716.0,1.0,3.0,1,1
50.0,1,1,34.0,2,0,2,3.0,4,5.0,0,5.0,1,5,0,0.0,0,31880.0,15940.0,15.0,2.0,1,0
27.0,0,3,36.0,3,1,4,6.0,1,5.0,2,2.0,0,3,1,2.0,2,23647.0,5911.75,18.0,6.0,0,1
34.0,1,1,14.0,3,0,3,3.0,1,3.0,2,4.0,0,4,0,1.0,2,21142.0,7047.33,12.0,4.0,1,0
56.0,1,1,15.0,3,0,3,4.0,4,3.0,1,4.0,1,3,1,2.0,0,33434.0,11144.67,12.0,5.0,1,0
43.0,1,1,8.0,3,0,3,2.0,0,3.0,1,2.0,0,2,0,1.0,1,17645.0,5881.67,4.0,4.0,0,0
34.0,1,1,32.0,3,1,3,5.0,0,4.0,2,6.0,1,4,1,1.0,1,20991.0,6997.0,20.0,4.0,1,1
35.0,1,1,6.0,2,0,2,1.0,0,3.0,2,4.0,0,3,1,1.0,1,17506.0,8753.0,3.0,3.0,1,0
44.0,0,1,17.0,2,0,3,4.0,0,3.0,2,2.0,0,5,0,1.0,1,21133.0,7044.33,20.0,4.0,0,0
29.0,1,1,29.0,2,1,2,3.0,0,3.0,2,1.0,0,3,1,0.0,1,17201.0,8600.5,9.0,2.0,0,0
36.0,0,1,9.0,3,1,1,3.0,0,4.0,2,5.0,0,4,1,0.0,1,17088.0,17088.0,12.0,1.0,1,0
29.0,1,1,9.0,2,1,4,5.0,0,4.0,0,2.0,0,2,0,3.0,1,21879.0,5469.75,10.0,7.0,0,0
43.0,1,1,21.0,2,1,3,4.0,4,3.0,1,2.0,0,3,1,1.0,0,32603.0,10867.67,12.0,4.0,0,0
46.0,0,1,30.0,2,1,3,4.0,1,5.0,1,3.0,1,1,1,1.0,2,22311.0,7437.0,4.0,4.0,0,0
37.0,1,1,12.0,2,1,4,4.0,1,4.0,2,2.0,0,1,1,2.0,2,24592.0,6148.0,4.0,6.0,0,0
38.0,1,1,9.0,2,1,4,5.0,0,3.0,2,8.0,1,3,0,3.0,1,20768.0,5192.0,15.0,7.0,1,1
29.0,1,1,36.0,2,1,4,6.0,1,4.0,0,3.0,0,1,1,3.0,2,25227.0,6306.75,6.0,7.0,0,0
41.0,1,3,32.0,3,1,3,5.0,3,4.0,2,4.0,1,5,0,2.0,3,27772.0,9257.33,25.0,5.0,1,1
26.0,1,1,10.0,3,1,4,4.0,0,5.0,1,7.0,0,5,1,2.0,1,22709.0,5677.25,20.0,6.0,1,1
21.0,1,3,18.0,2,0,2,1.0,0,4.0,2,2.0,0,5,0,1.0,1,17716.0,8858.0,5.0,3.0,0,1
36.0,0,1,30.0,2,0,2,3.0,1,4.0,0,1.0,0,3,0,0.0,2,20674.0,10337.0,9.0,2.0,0,0
27.0,1,1,31.0,1,1,4,6.0,0,3.0,2,3.0,1,3,1,3.0,1,21018.0,5254.5,18.0,7.0,0,1
34.0,1,3,8.0,2,1,2,3.0,1,3.0,2,2.0,0,5,0,1.0,2,21274.0,10637.0,15.0,3.0,0,0
35.0,1,1,15.0,2,1,3,4.0,1,4.0,2,1.0,0,1,0,1.0,2,21540.0,7180.0,4.0,4.0,0,0
23.0,0,1,11.0,1,1,3,5.0,0,3.0,2,7.0,0,5,1,1.0,1,22572.0,7524.0,25.0,4.0,1,1
31.0,1,1,29.0,3,1,3,4.0,1,3.0,1,1.0,0,3,0,1.0,2,20582.0,6860.67,12.0,4.0,0,0
29.0,1,1,14.0,2,1,3,5.0,0,5.0,0,2.0,1,3,1,1.0,1,17119.0,5706.33,15.0,4.0,0,1
30.0,1,1,8.0,2,1,3,3.0,0,4.0,2,2.0,0,3,0,0.0,1,26916.0,8972.0,9.0,3.0,0,1
44.0,0,1,34.0,2,0,3,4.0,3,5.0,1,2.0,0,4,1,1.0,3,29498.0,9832.67,16.0,4.0,0,0
44.0,1,1,15.0,2,0,3,4.0,1,4.0,1,6.0,0,3,1,1.0,2,23443.0,7814.33,12.0,4.0,1,0
28.0,1,1,23.0,1,0,3,4.0,0,4.0,1,2.0,0,1,1,1.0,1,21489.0,7163.0,4.0,4.0,0,0
45.0,0,1,31.0,2,1,3,4.0,0,3.0,1,5.0,1,5,0,2.0,1,21839.0,7279.67,20.0,5.0,1,1
32.0,1,1,6.0,2,1,3,3.0,1,4.0,1,2.0,0,3,1,0.0,2,21220.0,7073.33,9.0,3.0,0,0
35.0,1,1,22.0,2,0,3,4.0,3,4.0,2,2.0,0,1,1,2.0,3,23606.0,7868.67,4.0,5.0,0,0
30.0,1,2,15.0,2,1,2,3.0,1,3.0,0,1.0,1,3,1,1.0,2,21347.0,10673.5,9.0,3.0,0,0
30.0,1,1,32.0,1,0,4,5.0,0,4.0,1,7.0,0,3,1,3.0,1,21224.0,5306.0,15.0,7.0,1,1
41.0,1,3,11.0,3,1,4,5.0,3,3.0,0,2.0,0,2,1,1.0,3,29533.0,7383.25,10.0,5.0,0,0
46.0,1,1,6.0,3,1,3,3.0,3,5.0,1,1.0,0,1,0,2.0,3,24396.0,8132.0,3.0,5.0,0,0
31.0,1,1,9.0,2,1,3,5.0,1,3.0,0,3.0,0,4,1,1.0,2,22830.0,7610.0,20.0,4.0,0,0
30.0,1,3,7.0,3,0,3,5.0,0,3.0,1,8.0,1,1,1,2.0,1,21478.0,7159.33,5.0,5.0,1,1
42.0,1,1,16.0,2,1,4,4.0,0,5.0,1,4.0,0,1,0,1.0,1,20916.0,5229.0,4.0,5.0,1,0
45.0,0,1,31.0,3,1,3,6.0,0,3.0,2,4.0,0,3,0,1.0,1,22386.0,7462.0,18.0,4.0,1,0
57.0,0,1,7.0,2,1,3,4.0,1,3.0,1,3.0,0,3,0,1.0,2,24984.0,8328.0,12.0,4.0,0,0
38.0,1,1,9.0,1,0,2,3.0,1,3.0,2,4.0,1,5,0,0.0,2,1000.0,500.0,15.0,2.0,1,0
31.0,1,1,14.0,2,0,3,3.0,4,4.0,2,4.0,0,1,1,0.0,0,31422.0,10474.0,3.0,3.0,1,0
25.0,1,1,31.0,3,1,3,4.0,0,4.0,2,2.0,0,5,1,1.0,1,22275.0,7425.0,20.0,4.0,0,0
30.0,0,3,27.0,1,0,3,4.0,0,3.0,0,3.0,0,3,0,2.0,1,20835.0,6945.0,12.0,5.0,0,0
42.0,0,1,12.0,2,1,4,5.0,0,5.0,1,8.0,0,3,0,2.0,1,20785.0,5196.25,15.0,6.0,1,1
27.0,1,3,8.0,3,1,2,3.0,0,5.0,1,1.0,0,5,0,1.0,1,18041.0,9020.5,15.0,3.0,0,1
21.0,1,1,7.0,2,0,3,5.0,0,4.0,2,3.0,0,4,0,2.0,1,21514.0,7171.33,20.0,5.0,0,0
55.0,1,1,24.0,1,0,3,4.0,3,3.0,0,2.0,0,5,1,1.0,3,29417.0,9805.67,20.0,4.0,0,0
43.0,0,1,13.0,3,1,2,2.0,0,3.0,1,5.0,0,4,0,1.0,1,17089.0,8544.5,8.0,3.0,1,0
37.0,1,1,12.0,3,1,2,2.0,1,5.0,1,5.0,1,3,1,1.0,2,20974.0,10487.0,6.0,3.0,1,0
22.0,0,3,7.0,1,0,3,5.0,0,4.0,2,3.0,1,5,1,2.0,1,20852.0,6950.67,25.0,5.0,0,1
35.0,1,1,10.0,2,1,3,3.0,0,3.0,1,2.0,0,4,0,0.0,1,16951.0,5650.33,12.0,3.0,0,0
37.0,1,1,6.0,2,0,3,3.0,1,4.0,0,7.0,0,2,1,1.0,2,21447.0,7149.0,6.0,4.0,1,0
54.0,1,3,15.0,3,1,4,4.0,4,3.0,0,7.0,0,3,0,3.0,0,30514.0,7628.5,12.0,7.0,1,0
26.0,1,1,12.0,2,0,3,3.0,0,3.0,0,2.0,1,2,0,0.0,1,17659.0,5886.33,6.0,3.0,0,0
42.0,1,3,14.0,3,1,2,3.0,1,4.0,1,1.0,0,3,1,0.0,2,21825.0,10912.5,9.0,2.0,0,0
18.0,1,3,15.0,3,1,2,3.0,0,3.0,2,2.0,0,5,0,1.0,1,16611.0,8305.5,15.0,3.0,0,1
29.0,1,1,23.0,3,1,4,3.0,1,5.0,2,2.0,0,5,0,3.0,2,24339.0,6084.75,15.0,7.0,0,0
33.0,1,1,10.0,2,0,3,4.0,3,3.0,2,5.0,0,1,1,1.0,3,29837.0,9945.67,4.0,4.0,1,0
33.0,0,1,23.0,2,0,4,6.0,0,5.0,2,3.0,1,4,1,3.0,1,22597.0,5649.25,24.0,7.0,0,1
30.0,1,3,11.0,3,0,1,4.0,1,3.0,1,2.0,0,2,0,0.0,2,21118.0,21118.0,8.0,1.0,0,0
42.0,1,1,6.0,2,0,2,4.0,1,3.0,1,1.0,1,3,0,0.0,2,21062.0,10531.0,12.0,2.0,0,0
35.0,1,3,16.0,2,0,4,4.0,1,3.0,0,3.0,0,2,1,3.0,2,24392.0,6098.0,8.0,7.0,0,0
23.0,1,1,15.0,3,1,2,3.0,0,5.0,0,2.0,0,3,0,1.0,1,17500.0,8750.0,9.0,3.0,0,0
47.0,1,1,15.0,2,0,3,3.0,0,3.0,2,5.0,0,3,1,0.0,1,17105.0,5701.67,9.0,3.0,1,0
41.0,1,3,10.0,3,0,2,3.0,3,3.0,1,1.0,1,1,0,1.0,3,25447.0,12723.5,3.0,3.0,0,0
31.0,1,1,17.0,2,1,2,3.0,0,3.0,1,4.0,1,3,0,0.0,1,17356.0,8678.0,9.0,2.0,1,0
38.0,0,1,7.0,3,0,4,4.0,3,3.0,1,4.0,1,3,0,1.0,3,32281.0,8070.25,12.0,5.0,1,0
34.0,1,1,12.0,3,1,2,3.0,0,5.0,2,3.0,0,4,0,0.0,1,17960.0,8980.0,12.0,2.0,0,1
47.0,1,3,16.0,3,1,4,5.0,3,3.0,2,3.0,0,5,0,2.0,3,28297.0,7074.25,25.0,6.0,0,1
53.0,0,3,14.0,3,0,4,4.0,0,3.0,1,4.0,1,4,1,3.0,1,27124.0,6781.0,16.0,7.0,1,1
29.0,1,1,15.0,2,0,4,4.0,0,3.0,2,3.0,0,4,0,2.0,1,21988.0,5497.0,16.0,6.0,0,0
53.0,1,1,9.0,3,1,2,3.0,4,3.0,1,4.0,1,5,1,0.0,0,32584.0,16292.0,15.0,2.0,1,0
45.0,1,3,15.0,3,1,3,3.0,3,5.0,1,5.0,1,2,1,0.0,3,25761.0,8587.0,6.0,3.0,1,0
53.0,1,1,10.0,3,1,3,5.0,3,3.0,0,4.0,1,2,0,1.0,3,26647.0,8882.33,10.0,4.0,1,0
23.0,1,1,10.0,2,0,3,4.0,1,3.0,0,2.0,1,5,1,2.0,2,22849.0,7616.33,20.0,5.0,0,1
42.0,1,1,8.0,3,0,2,4.0,0,5.0,1,1.0,1,4,1,1.0,1,17593.0,8796.5,16.0,3.0,0,0
37.0,1,1,13.0,2,0,3,3.0,1,3.0,0,5.0,0,2,0,1.0,2,21716.0,7238.67,6.0,4.0,1,0
37.0,1,1,6.0,2,1,2,4.0,1,3.0,1,2.0,0,5,0,0.0,2,20993.0,10496.5,20.0,2.0,0,0
31.0,1,1,7.0,2,1,3,5.0,1,3.0,0,3.0,1,2,1,2.0,2,23804.0,7934.67,10.0,5.0,0,0
26.0,1,1,30.0,1,1,3,5.0,0,3.0,2,2.0,1,3,1,2.0,1,17340.0,5780.0,15.0,5.0,0,1
34.0,1,1,13.0,2,1,3,3.0,1,3.0,1,2.0,0,3,0,0.0,2,17585.0,5861.67,9.0,3.0,0,1
28.0,0,1,17.0,2,1,3,4.0,3,5.0,1,3.0,0,3,0,2.0,3,27471.0,9157.0,12.0,5.0,0,0
32.0,1,1,12.0,2,1,2,3.0,0,3.0,2,4.0,0,2,0,1.0,1,18038.0,9019.0,6.0,3.0,1,0
40.0,0,1,15.0,3,0,2,3.0,3,3.0,2,1.0,0,4,1,1.0,3,28499.0,14249.5,12.0,3.0,0,0
41.0,1,1,8.0,2,0,2,5.0,0,3.0,1,5.0,1,3,0,1.0,1,17778.0,8889.0,15.0,3.0,1,1
30.0,1,1,17.0,2,0,4,5.0,0,5.0,2,8.0,1,5,1,1.0,1,21082.0,5270.5,25.0,5.0,1,1
47.0,0,1,22.0,3,1,3,1.0,1,3.0,1,2.0,1,2,0,0.0,2,20067.0,6689.0,2.0,3.0,0,0
30.0,1,3,8.0,1,1,3,3.0,0,4.0,1,2.0,0,3,1,0.0,1,17476.0,5825.33,9.0,3.0,0,0
30.0,0,1,29.0,2,1,3,5.0,0,3.0,1,2.0,0,3,1,2.0,1,17613.0,5871.0,15.0,5.0,0,0
32.0,1,3,14.0,1,1,4,2.0,1,3.0,1,6.0,0,1,1,2.0,2,25607.0,6401.75,2.0,6.0,1,0
31.0,1,3,34.0,3,1,3,4.0,1,3.0,1,2.0,0,3,1,1.0,2,23982.0,7994.0,12.0,4.0,0,0
39.0,1,1,36.0,3,1,4,4.0,1,5.0,1,2.0,1,3,1,3.0,2,25351.0,6337.75,12.0,7.0,0,1
29.0,1,1,13.0,3,0,3,4.0,0,3.0,1,7.0,0,5,1,0.0,1,17532.0,5844.0,20.0,3.0,1,0
19.0,1,1,8.0,2,1,2,4.0,0,3.0,2,2.0,0,5,0,0.0,1,16102.0,8051.0,20.0,2.0,0,1
59.0,0,1,20.0,2,0,2,3.0,3,3.0,2,1.0,1,5,1,0.0,3,25512.0,12756.0,15.0,2.0,0,1
29.0,1,3,33.0,3,0,2,3.0,3,3.0,0,2.0,0,3,1,1.0,3,22639.0,11319.5,9.0,3.0,0,1
60.0,1,2,13.0,3,1,3,4.0,0,3.0,0,2.0,0,4,1,1.0,1,20945.0,6981.67,16.0,4.0,0,0
49.0,1,1,7.0,2,0,3,5.0,4,5.0,1,2.0,0,4,0,1.0,0,34080.0,11360.0,20.0,4.0,0,0
36.0,1,1,12.0,2,1,2,3.0,0,3.0,1,1.0,0,5,1,1.0,1,18210.0,9105.0,15.0,3.0,0,0
35.0,1,3,17.0,2,0,3,4.0,0,3.0,0,3.0,1,2,0,2.0,1,20898.0,6966.0,8.0,5.0,0,0
35.0,1,1,12.0,2,1,2,5.0,1,3.0,2,2.0,0,5,0,1.0,2,21646.0,10823.0,25.0,3.0,0,0
55.0,1,3,24.0,2,0,2,3.0,4,4.0,2,4.0,0,2,0,1.0,0,31835.0,15917.5,6.0,3.0,1,0
30.0,1,1,8.0,3,1,2,4.0,0,3.0,2,1.0,0,4,0,0.0,1,17720.0,8860.0,16.0,2.0,0,0
37.0,0,1,8.0,2,1,3,4.0,1,3.0,1,6.0,0,2,0,1.0,2,20163.0,6721.0,8.0,4.0,1,0
29.0,1,1,12.0,3,0,2,3.0,0,3.0,1,2.0,0,3,0,1.0,1,18131.0,9065.5,9.0,3.0,0,0
32.0,1,1,11.0,2,1,2,4.0,1,3.0,2,1.0,0,1,0,1.0,2,24679.0,12339.5,4.0,3.0,0,0
33.0,0,1,10.0,2,0,3,4.0,0,3.0,2,3.0,0,4,1,1.0,1,24887.0,8295.67,16.0,4.0,0,1
43.0,0,1,16.0,3,0,4,4.0,0,3.0,2,3.0,0,4,1,2.0,1,22351.0,5587.75,16.0,6.0,0,0
36.0,1,3,7.0,3,1,4,4.0,3,4.0,1,3.0,0,4,0,1.0,3,25973.0,6493.25,16.0,5.0,0,0
28.0,1,1,7.0,2,0,4,4.0,3,5.0,1,3.0,0,4,0,3.0,3,26090.0,6522.5,16.0,7.0,0,0
36.0,0,1,9.0,2,0,4,4.0,1,5.0,1,4.0,0,4,0,1.0,2,23771.0,5942.75,16.0,5.0,1,0
53.0,0,1,32.0,3,0,3,5.0,4,3.0,1,5.0,0,5,0,2.0,0,32504.0,10834.67,25.0,5.0,1,0
32.0,1,1,6.0,3,1,2,3.0,1,3.0,1,2.0,1,4,1,1.0,2,21162.0,10581.0,12.0,3.0,0,0
59.0,1,1,9.0,1,0,4,5.0,3,3.0,1,2.0,0,5,0,1.0,3,21050.0,5262.5,25.0,5.0,0,1
21.0,1,1,6.0,1,0,3,4.0,0,4.0,2,2.0,1,5,1,1.0,1,17070.0,5690.0,20.0,4.0,0,0
36.0,1,1,33.0,3,1,3,3.0,1,3.0,0,7.0,0,3,1,0.0,2,20237.0,6745.67,9.0,3.0,1,0
58.0,1,1,31.0,2,1,3,3.0,3,3.0,1,5.0,1,4,1,2.0,3,28117.0,9372.33,12.0,5.0,1,0
28.0,1,3,15.0,3,0,3,4.0,1,4.0,0,3.0,0,2,0,1.0,2,24892.0,8297.33,8.0,4.0,0,0
35.0,0,1,23.0,1,1,3,6.0,0,5.0,1,3.0,1,3,1,1.0,1,20985.0,6995.0,18.0,4.0,0,1
55.0,1,3,9.0,2,0,3,5.0,3,3.0,1,8.0,0,5,1,2.0,3,29364.0,9788.0,25.0,5.0,1,0
53.0,1,1,9.0,3,1,2,3.0,4,3.0,0,4.0,1,5,0,0.0,0,32584.0,16292.0,15.0,2.0,1,0
46.0,1,3,16.0,3,0,3,4.0,3,3.0,0,3.0,1,2,1,1.0,3,24071.0,8023.67,8.0,4.0,0,0
32.0,0,1,9.0,2,1,4,4.0,0,3.0,0,8.0,1,3,1,2.0,1,22400.0,5600.0,12.0,6.0,1,1
50.0,1,1,14.0,2,1,3,5.0,3,3.0,2,2.0,0,2,1,2.0,3,29643.0,9881.0,10.0,5.0,0,0
40.0,1,1,7.0,2,0,4,5.0,4,3.0,1,3.0,0,3,1,1.0,0,31420.0,7855.0,15.0,5.0,0,0
35.0,1,3,13.0,2,1,3,3.0,0,3.0,0,2.0,0,3,1,0.0,1,17404.0,5801.33,9.0,3.0,0,0
34.0,1,1,9.0,3,1,4,4.0,0,3.0,2,6.0,0,3,1,3.0,1,21174.0,5293.5,12.0,7.0,1,0
24.0,1,3,14.0,2,1,3,4.0,0,3.0,1,3.0,1,1,1,1.0,1,20953.0,6984.33,4.0,4.0,0,1
38.0,1,3,9.0,3,1,4,4.0,1,3.0,1,6.0,1,3,0,3.0,2,28280.0,7070.0,12.0,7.0,1,0
25.0,0,3,31.0,3,1,3,4.0,0,3.0,0,2.0,0,4,0,2.0,1,21078.0,7026.0,16.0,5.0,0,0
43.0,0,1,6.0,2,0,2,3.0,1,3.0,0,5.0,0,2,1,1.0,2,20562.0,10281.0,6.0,3.0,1,0
30.0,0,1,11.0,3,0,2,3.0,0,4.0,2,1.0,0,3,0,0.0,1,17422.0,8711.0,9.0,2.0,0,1
38.0,1,3,10.0,2,1,3,4.0,3,3.0,2,4.0,0,3,0,2.0,3,26106.0,8702.0,12.0,5.0,1,0
38.0,0,3,16.0,1,0,2,3.0,1,3.0,2,2.0,1,3,0,1.0,2,20666.0,10333.0,9.0,3.0,0,0
53.0,1,1,12.0,2,1,2,3.0,1,3.0,2,3.0,0,5,1,0.0,2,17450.0,8725.0,15.0,2.0,0,0
35.0,1,1,33.0,2,1,2,3.0,1,3.0,1,3.0,0,5,0,1.0,2,21883.0,10941.5,15.0,3.0,0,0
30.0,1,3,30.0,2,0,3,5.0,3,5.0,0,3.0,0,3,0,1.0,3,26014.0,8671.33,15.0,4.0,0,1
50.0,1,1,30.0,2,1,3,3.0,4,3.0,0,4.0,1,4,0,0.0,0,28973.0,9657.67,12.0,3.0,1,0
35.0,1,1,13.0,2,1,2,3.0,3,3.0,2,4.0,0,3,0,1.0,3,25221.0,12610.5,9.0,3.0,1,0
61.0,1,3,23.0,3,1,3,4.0,1,5.0,2,2.0,0,4,1,1.0,2,24083.0,8027.67,16.0,4.0,0,0
20.0,1,3,15.0,2,1,2,3.0,0,5.0,2,2.0,0,1,0,1.0,1,17728.0,8864.0,3.0,3.0,0,0
37.0,1,1,9.0,2,0,4,4.0,0,3.0,0,6.0,0,5,1,1.0,1,21221.0,5305.25,20.0,5.0,1,0
41.0,0,1,9.0,3,0,3,2.0,1,4.0,1,3.0,0,3,0,1.0,2,22922.0,7640.67,6.0,4.0,0,0
46.0,1,3,16.0,3,0,3,4.0,3,3.0,1,3.0,1,1,0,0.0,3,24071.0,8023.67,4.0,3.0,0,0
34.0,1,1,26.0,1,0,2,1.0,0,3.0,0,1.0,0,1,1,0.0,1,17585.0,8792.5,1.0,2.0,0,0
35.0,1,1,11.0,1,1,3,3.0,3,4.0,2,1.0,0,3,0,0.0,3,23095.0,7698.33,9.0,3.0,0,0
41.0,1,1,26.0,3,1,2,4.0,1,3.0,1,2.0,1,1,1,1.0,2,21419.0,10709.5,4.0,3.0,0,0
39.0,0,1,8.0,2,1,2,3.0,4,3.0,1,1.0,0,3,1,0.0,0,27169.0,13584.5,9.0,2.0,0,1
49.0,1,3,14.0,3,1,4,4.0,1,5.0,1,6.0,0,4,1,2.0,2,24164.0,6041.0,16.0,6.0,1,0
39.0,1,3,27.0,2,1,2,4.0,1,3.0,0,4.0,1,1,0,1.0,2,21120.0,10560.0,4.0,3.0,1,0
29.0,1,1,13.0,2,1,2,3.0,0,5.0,2,4.0,0,4,0,0.0,1,17062.0,8531.0,12.0,2.0,1,0
59.0,1,1,16.0,3,0,4,5.0,0,4.0,1,6.0,1,1,1,2.0,1,22024.0,5506.0,5.0,6.0,1,0
36.0,1,1,13.0,2,1,3,3.0,0,4.0,2,3.0,0,1,0,2.0,1,17013.0,5671.0,3.0,5.0,0,0
31.0,1,1,12.0,1,0,3,4.0,0,5.0,1,7.0,0,5,0,2.0,1,21882.0,7294.0,20.0,5.0,1,0
33.0,0,3,28.0,3,1,3,3.0,1,4.0,0,1.0,0,2,0,1.0,2,21146.0,7048.67,6.0,4.0,0,0
34.0,1,1,20.0,2,0,3,4.0,0,3.0,2,5.0,0,3,1,1.0,1,22130.0,7376.67,12.0,4.0,1,0
31.0,1,1,17.0,3,0,4,4.0,3,3.0,2,2.0,0,4,0,1.0,3,28345.0,7086.25,16.0,5.0,0,0
30.0,1,1,8.0,2,0,2,5.0,1,3.0,2,3.0,0,2,0,1.0,2,21091.0,10545.5,10.0,3.0,0,0
52.0,1,3,9.0,3,1,2,4.0,4,5.0,1,2.0,0,5,1,0.0,0,31856.0,15928.0,20.0,2.0,0,0
34.0,1,1,8.0,2,1,2,4.0,1,5.0,0,7.0,0,4,0,1.0,2,20957.0,10478.5,16.0,3.0,1,0
41.0,1,3,9.0,2,1,2,4.0,1,4.0,1,3.0,0,3,0,1.0,2,23938.0,11969.0,12.0,3.0,0,0
35.0,1,3,8.0,3,0,3,3.0,0,3.0,0,2.0,0,2,1,0.0,1,17014.0,5671.33,6.0,3.0,0,0
37.0,0,3,27.0,3,0,2,3.0,0,3.0,0,6.0,0,2,1,1.0,1,17973.0,8986.5,6.0,3.0,1,0
39.0,1,1,30.0,2,1,3,4.0,1,3.0,1,2.0,0,3,0,2.0,2,24423.0,8141.0,12.0,5.0,0,0
30.0,1,1,25.0,3,1,3,5.0,0,3.0,2,3.0,1,3,0,1.0,1,21067.0,7022.33,15.0,4.0,0,1
20.0,1,2,9.0,1,1,3,5.0,0,3.0,2,3.0,0,3,1,2.0,1,21242.0,7080.67,15.0,5.0,0,1
28.0,1,1,12.0,1,1,3,5.0,3,3.0,1,3.0,1,3,1,2.0,3,31486.0,10495.33,15.0,5.0,0,0
46.0,0,1,13.0,3,0,1,3.0,1,3.0,1,3.0,0,5,1,0.0,2,20258.0,20258.0,15.0,1.0,0,0
30.0,1,1,26.0,1,1,3,4.0,1,3.0,1,6.0,0,5,1,1.0,2,22940.0,7646.67,20.0,4.0,1,0
33.0,1,3,11.0,3,0,2,3.0,0,3.0,2,2.0,1,2,1,0.0,1,17851.0,8925.5,6.0,2.0,0,1
35.0,1,1,9.0,1,0,4,4.0,1,3.0,2,3.0,0,5,1,2.0,2,25365.0,6341.25,20.0,6.0,0,0
37.0,0,1,16.0,3,1,3,3.0,3,3.0,1,7.0,0,3,1,2.0,3,25048.0,8349.33,9.0,5.0,1,1
40.0,1,3,10.0,3,0,3,4.0,1,3.0,0,6.0,1,4,1,2.0,2,23916.0,7972.0,16.0,5.0,1,1
38.0,1,1,11.0,2,1,3,4.0,0,3.0,0,2.0,1,5,1,2.0,1,21674.0,7224.67,20.0,5.0,0,0
29.0,1,3,9.0,3,0,3,3.0,1,3.0,0,2.0,0,2,0,0.0,2,20561.0,6853.67,6.0,3.0,0,0
42.0,0,1,7.0,2,0,3,1.0,3,4.0,2,2.0,0,3,1,0.0,3,17372.0,5790.67,3.0,3.0,0,1
36.0,1,3,15.0,2,0,4,4.0,0,3.0,0,3.0,0,3,0,1.0,1,21250.0,5312.5,12.0,5.0,0,0
39.0,1,3,9.0,3,0,2,3.0,1,3.0,0,5.0,1,4,1,1.0,2,20238.0,10119.0,12.0,3.0,1,1
30.0,1,1,16.0,2,1,2,5.0,0,3.0,2,2.0,0,1,1,1.0,1,22661.0,11330.5,5.0,3.0,0,0
32.0,0,1,13.0,2,1,3,2.0,0,4.0,0,2.0,0,2,0,1.0,1,17794.0,5931.33,4.0,4.0,0,0
40.0,1,3,11.0,2,0,3,5.0,1,3.0,1,6.0,0,5,1,2.0,2,24580.0,8193.33,25.0,5.0,1,0
43.0,0,1,15.0,3,1,3,3.0,1,3.0,1,4.0,1,3,1,2.0,2,20679.0,6893.0,9.0,5.0,1,0
42.0,0,1,32.0,3,0,2,3.0,3,5.0,0,4.0,1,3,0,1.0,3,28191.0,14095.5,9.0,3.0,1,0
37.0,1,1,31.0,3,0,2,4.0,1,3.0,1,1.0,0,3,1,0.0,2,20731.0,10365.5,12.0,2.0,0,0
54.0,0,1,7.0,3,0,3,5.0,4,3.0,1,6.0,1,1,0,1.0,0,31643.0,10547.67,5.0,4.0,1,0
58.0,1,1,8.0,1,1,2,3.0,0,3.0,2,5.0,0,2,1,1.0,1,17479.0,8739.5,6.0,3.0,1,1
35.0,1,1,13.0,2,0,3,4.0,1,3.0,2,3.0,0,3,1,1.0,2,23487.0,7829.0,12.0,4.0,0,0
35.0,0,1,9.0,2,1,4,4.0,1,3.0,2,4.0,0,4,1,2.0,2,22711.0,5677.75,16.0,6.0,1,0
32.0,0,1,36.0,3,1,4,5.0,0,4.0,2,2.0,0,3,0,3.0,1,22157.0,5539.25,15.0,7.0,0,1
35.0,1,3,11.0,2,1,4,4.0,3,3.0,1,4.0,1,4,0,3.0,3,28391.0,7097.75,16.0,7.0,1,0
32.0,0,3,9.0,2,0,3,5.0,0,3.0,2,2.0,0,5,0,2.0,1,21463.0,7154.33,25.0,5.0,0,1
45.0,0,1,12.0,2,1,3,5.0,0,3.0,2,5.0,0,1,0,2.0,1,21840.0,7280.0,5.0,5.0,1,0
36.0,1,1,16.0,1,0,3,3.0,3,3.0,0,4.0,0,3,0,2.0,3,22094.0,7364.67,9.0,5.0,1,0
38.0,1,1,7.0,2,0,3,4.0,0,3.0,2,3.0,0,1,1,1.0,1,20793.0,6931.0,4.0,4.0,0,0
28.0,1,1,6.0,2,0,3,5.0,0,4.0,2,1.0,1,1,1,2.0,1,17216.0,5738.67,5.0,5.0,0,1
32.0,1,2,9.0,2,1,4,5.0,1,5.0,1,5.0,0,3,0,3.0,2,25088.0,6272.0,15.0,7.0,1,0
56.0,1,3,33.0,3,1,3,5.0,2,3.0,1,3.0,0,3,1,2.0,4,38264.0,12754.67,15.0,5.0,0,0
27.0,1,1,9.0,3,1,2,4.0,0,3.0,2,1.0,0,1,1,1.0,1,17045.0,8522.5,4.0,3.0,0,0
29.0,1,1,7.0,2,1,3,4.0,0,3.0,1,3.0,0,1,0,1.0,1,20722.0,6907.33,4.0,4.0,0,0
35.0,0,3,9.0,3,0,4,4.0,0,3.0,0,8.0,0,5,1,3.0,1,20909.0,5227.25,20.0,7.0,1,0
37.0,0,3,15.0,2,1,4,5.0,3,5.0,2,3.0,0,2,0,3.0,3,26265.0,6566.25,10.0,7.0,0,0
35.0,0,3,14.0,3,0,3,4.0,3,3.0,1,5.0,1,5,1,2.0,3,25377.0,8459.0,20.0,5.0,1,0
43.0,1,3,31.0,3,1,3,4.0,3,3.0,1,6.0,0,4,1,1.0,3,25798.0,8599.33,16.0,4.0,1,0
32.0,1,1,16.0,2,1,3,4.0,3,4.0,1,3.0,0,3,0,1.0,3,29326.0,9775.33,12.0,4.0,0,0
32.0,1,1,7.0,3,1,3,4.0,0,4.0,2,3.0,0,3,1,1.0,1,21179.0,7059.67,12.0,4.0,0,0
27.0,1,1,20.0,2,1,2,3.0,0,5.0,1,2.0,1,4,1,0.0,1,17235.0,8617.5,12.0,2.0,0,0
36.0,0,1,24.0,2,1,3,3.0,1,3.0,2,3.0,0,3,1,0.0,2,22779.0,7593.0,9.0,3.0,0,0
36.0,1,1,32.0,2,1,3,5.0,1,3.0,2,6.0,0,1,1,1.0,2,22359.0,7453.0,5.0,4.0,1,0
45.0,1,1,11.0,3,1,3,4.0,1,4.0,2,2.0,0,2,1,1.0,2,24611.0,8203.67,8.0,4.0,0,0
42.0,1,1,24.0,2,1,2,3.0,1,5.0,1,7.0,1,1,0,0.0,2,20410.0,10205.0,3.0,2.0,1,0
28.0,1,1,13.0,3,0,4,5.0,0,3.0,1,2.0,0,2,1,2.0,1,20865.0,5216.25,10.0,6.0,0,0
36.0,0,3,14.0,1,1,2,3.0,1,3.0,1,5.0,0,3,1,1.0,2,20079.0,10039.5,9.0,3.0,1,0
47.0,0,3,10.0,3,1,2,3.0,1,3.0,2,4.0,0,4,0,1.0,2,17976.0,8988.0,12.0,3.0,1,0
30.0,1,3,17.0,2,1,4,4.0,0,3.0,2,3.0,0,4,1,1.0,1,21320.0,5330.0,16.0,5.0,0,0
39.0,1,1,9.0,3,1,4,4.0,0,3.0,1,8.0,1,4,0,3.0,1,21735.0,5433.75,16.0,7.0,1,0
35.0,0,1,7.0,3,1,4,5.0,1,5.0,2,2.0,0,2,1,3.0,2,24021.0,6005.25,10.0,7.0,0,0
36.0,1,1,22.0,2,0,2,1.0,0,5.0,2,2.0,0,1,1,0.0,1,17743.0,8871.5,1.0,2.0,0,1
29.0,1,1,22.0,2,1,3,4.0,0,3.0,1,3.0,0,4,1,2.0,1,20885.0,6961.67,16.0,5.0,0,0
42.0,1,1,23.0,2,0,2,1.0,1,5.0,2,4.0,1,1,1,1.0,2,21545.0,10772.5,1.0,3.0,1,0
23.0,1,1,10.0,3,1,2,2.0,0,5.0,0,3.0,0,4,0,1.0,1,17819.0,8909.5,8.0,3.0,0,0
59.0,1,3,17.0,3,1,3,4.0,4,3.0,2,2.0,0,3,1,2.0,0,32550.0,10850.0,12.0,5.0,0,0
39.0,1,3,21.0,2,1,4,4.0,1,4.0,1,2.0,0,5,1,3.0,2,28602.0,7150.5,20.0,7.0,0,0
38.0,0,2,16.0,2,1,3,3.0,1,3.0,1,4.0,0,3,0,2.0,2,21077.0,7025.67,9.0,5.0,1,0
51.0,1,1,14.0,2,1,2,4.0,3,4.0,0,6.0,0,3,1,1.0,3,27490.0,13745.0,12.0,3.0,1,0
34.0,1,3,23.0,2,0,4,4.0,3,5.0,2,4.0,1,5,0,1.0,3,27242.0,6810.5,20.0,5.0,1,1
52.0,0,1,15.0,2,1,3,6.0,3,3.0,2,4.0,0,1,1,1.0,3,29328.0,9776.0,6.0,4.0,1,1
35.0,1,3,35.0,3,0,4,5.0,1,3.0,1,3.0,0,5,1,1.0,2,25390.0,6347.5,25.0,5.0,0,0
37.0,1,3,9.0,3,1,4,5.0,3,3.0,0,3.0,0,2,1,1.0,3,26274.0,6568.5,10.0,5.0,0,0
32.0,0,3,12.0,3,0,3,4.0,0,4.0,1,3.0,0,3,0,1.0,1,21467.0,7155.67,12.0,4.0,0,0
27.0,1,3,12.0,2,0,2,5.0,0,3.0,2,2.0,0,1,0,1.0,1,21644.0,10822.0,5.0,3.0,0,0
37.0,1,1,21.0,2,1,4,4.0,1,3.0,0,2.0,1,5,1,3.0,2,25264.0,6316.0,20.0,7.0,0,0
44.0,0,1,17.0,2,0,3,5.0,1,3.0,1,3.0,0,3,0,1.0,2,23935.0,7978.33,15.0,4.0,0,0
54.0,1,1,9.0,1,0,4,5.0,3,3.0,1,2.0,0,5,1,3.0,3,28847.0,7211.75,25.0,7.0,0,1
53.0,1,3,13.0,3,0,3,4.0,3,3.0,0,1.0,1,2,0,0.0,3,25934.0,8644.67,8.0,3.0,0,0
44.0,1,1,16.0,2,1,3,3.0,0,3.0,2,2.0,1,3,1,0.0,1,17936.0,5978.67,9.0,3.0,0,1
33.0,1,1,14.0,2,1,4,4.0,1,3.0,0,3.0,0,3,1,2.0,2,23561.0,5890.25,12.0,6.0,0,1
29.0,1,2,19.0,2,1,2,4.0,0,5.0,1,5.0,1,5,1,1.0,1,17335.0,8667.5,20.0,3.0,1,1
35.0,1,2,10.0,2,1,3,4.0,0,3.0,0,2.0,0,2,1,2.0,1,22415.0,7471.67,8.0,5.0,0,0
39.0,0,1,6.0,2,1,3,3.0,1,3.0,1,2.0,1,5,1,2.0,2,21472.0,7157.33,15.0,5.0,0,0
34.0,0,1,16.0,1,1,3,4.0,1,3.0,1,2.0,0,4,1,1.0,2,20063.0,6687.67,16.0,4.0,0,0
31.0,1,1,9.0,3,0,3,5.0,1,3.0,2,7.0,1,2,1,2.0,2,25555.0,8518.33,10.0,5.0,1,0
35.0,1,1,9.0,2,1,4,5.0,0,3.0,1,5.0,0,5,1,1.0,1,21446.0,5361.5,25.0,5.0,1,0
27.0,1,3,7.0,2,1,3,4.0,1,3.0,0,3.0,0,5,1,1.0,2,23974.0,7991.33,20.0,4.0,0,0
36.0,1,3,23.0,3,1,2,4.0,1,4.0,1,3.0,0,4,1,0.0,2,20507.0,10253.5,16.0,2.0,0,0
30.0,0,1,7.0,2,1,4,6.0,0,3.0,1,3.0,0,1,0,3.0,1,21398.0,5349.5,6.0,7.0,0,0
37.0,1,1,7.0,2,0,3,4.0,1,4.0,0,2.0,0,5,0,1.0,2,23906.0,7968.67,20.0,4.0,0,0
25.0,1,3,11.0,3,0,3,4.0,1,3.0,0,3.0,1,5,1,1.0,2,22840.0,7613.33,20.0,4.0,0,0
29.0,1,1,10.0,3,0,4,4.0,3,4.0,1,2.0,0,4,0,1.0,3,26333.0,6583.25,16.0,5.0,0,0
33.0,0,1,23.0,2,0,4,6.0,0,5.0,2,3.0,1,4,0,1.0,1,22597.0,5649.25,24.0,5.0,0,1
34.0,1,1,16.0,2,1,2,3.0,0,4.0,1,2.0,0,1,1,1.0,1,17008.0,8504.0,3.0,3.0,0,0
30.0,1,1,35.0,3,0,4,5.0,0,5.0,2,3.0,0,1,0,2.0,1,22463.0,5615.75,5.0,6.0,0,0
31.0,0,1,9.0,3,0,3,4.0,0,3.0,2,2.0,0,4,1,1.0,1,21242.0,7080.67,16.0,4.0,0,0
34.0,1,1,17.0,3,1,3,6.0,0,3.0,1,2.0,0,5,0,1.0,1,22086.0,7362.0,30.0,4.0,0,1
43.0,1,3,15.0,3,1,3,4.0,1,4.0,1,2.0,0,3,1,1.0,2,25503.0,8501.0,12.0,4.0,0,0
31.0,0,3,8.0,2,1,2,3.0,1,5.0,2,1.0,0,1,0,0.0,2,20332.0,10166.0,3.0,2.0,0,0
26.0,1,1,9.0,2,0,2,3.0,0,3.0,1,2.0,0,3,1,1.0,1,17061.0,8530.5,9.0,3.0,0,0
37.0,1,1,9.0,2,0,4,4.0,1,4.0,1,6.0,1,4,0,1.0,2,25640.0,6410.0,16.0,5.0,1,0
44.0,0,1,7.0,2,0,3,4.0,1,3.0,1,6.0,0,1,1,2.0,2,24240.0,8080.0,4.0,5.0,1,0
26.0,0,1,6.0,2,0,2,3.0,1,4.0,1,2.0,0,5,1,1.0,2,21397.0,10698.5,15.0,3.0,0,0
38.0,0,3,28.0,3,0,3,4.0,0,3.0,0,7.0,0,2,1,2.0,1,21651.0,7217.0,8.0,5.0,1,0
35.0,1,1,11.0,1,1,3,3.0,3,4.0,2,1.0,0,3,1,1.0,3,23095.0,7698.33,9.0,4.0,0,0
19.0,1,3,27.0,2,1,2,4.0,0,4.0,2,2.0,1,1,1,1.0,1,17121.0,8560.5,4.0,3.0,0,1
37.0,0,3,15.0,3,1,3,3.0,3,4.0,1,2.0,0,2,1,0.0,3,23834.0,7944.67,6.0,3.0,0,0
29.0,1,1,14.0,2,0,2,5.0,1,5.0,1,4.0,0,1,0,0.0,2,24715.0,12357.5,5.0,2.0,1,0
30.0,1,1,13.0,3,1,2,4.0,0,4.0,1,2.0,0,5,0,0.0,1,17141.0,8570.5,20.0,2.0,0,0
28.0,1,1,7.0,3,1,3,4.0,0,4.0,1,3.0,0,3,0,1.0,1,22494.0,7498.0,12.0,4.0,0,0
45.0,0,1,6.0,2,1,3,4.0,3,3.0,1,4.0,0,1,1,2.0,3,25748.0,8582.67,4.0,5.0,1,0
41.0,0,1,15.0,2,1,4,4.0,1,3.0,1,5.0,1,3,1,2.0,2,22747.0,5686.75,12.0,6.0,1,0
27.0,1,1,23.0,2,0,2,3.0,0,3.0,2,2.0,1,5,1,0.0,1,17394.0,8697.0,15.0,2.0,0,1
30.0,1,1,10.0,3,1,4,5.0,3,3.0,0,3.0,0,2,1,3.0,3,30613.0,7653.25,10.0,7.0,0,0
39.0,0,1,14.0,2,1,3,2.0,0,3.0,1,3.0,0,3,0,1.0,1,21288.0,7096.0,6.0,4.0,0,0
51.0,0,3,19.0,2,1,3,4.0,1,3.0,2,5.0,1,3,1,2.0,2,35558.0,11852.67,12.0,5.0,1,1
19.0,0,3,12.0,3,1,4,4.0,0,4.0,2,3.0,1,4,1,1.0,1,20556.0,5139.0,16.0,5.0,0,1
19.0,0,3,6.0,1,0,3,5.0,0,5.0,2,1.0,0,3,1,0.0,1,17325.0,5775.0,15.0,3.0,0,1
39.0,1,1,36.0,3,1,4,4.0,1,5.0,0,2.0,1,3,0,2.0,2,25351.0,6337.75,12.0,6.0,0,1
27.0,0,1,16.0,2,1,2,3.0,3,5.0,1,2.0,0,3,1,0.0,3,23793.0,11896.5,9.0,2.0,0,0
35.0,1,1,26.0,2,0,3,5.0,0,3.0,1,3.0,0,4,1,2.0,1,21607.0,7202.33,20.0,5.0,0,0
36.0,1,1,9.0,2,1,3,5.0,3,4.0,1,4.0,0,4,1,1.0,3,28952.0,9650.67,20.0,4.0,1,0
43.0,1,1,9.0,2,0,3,4.0,1,3.0,0,3.0,0,2,1,1.0,2,22767.0,7589.0,8.0,4.0,0,0
60.0,1,1,6.0,3,1,3,5.0,3,3.0,1,4.0,0,5,0,0.0,3,25883.0,8627.67,25.0,3.0,1,0
31.0,0,1,16.0,3,1,3,4.0,0,5.0,2,4.0,1,3,0,2.0,1,23373.0,7791.0,12.0,5.0,1,1
36.0,1,1,34.0,2,1,3,4.0,1,3.0,1,4.0,0,5,0,2.0,2,25561.0,8520.33,20.0,5.0,1,0
32.0,1,1,10.0,2,0,3,4.0,1,3.0,0,2.0,0,4,1,0.0,2,21162.0,7054.0,16.0,3.0,0,0
38.0,1,3,6.0,2,1,2,4.0,0,5.0,2,5.0,0,3,0,1.0,1,17858.0,8929.0,12.0,3.0,1,0
33.0,1,1,12.0,2,1,3,5.0,1,3.0,2,2.0,0,1,0,2.0,2,28357.0,9452.33,5.0,5.0,0,0
35.0,0,1,10.0,2,1,2,4.0,0,3.0,1,2.0,0,1,1,1.0,1,17376.0,8688.0,4.0,3.0,0,0
49.0,1,3,14.0,1,1,2,4.0,4,4.0,1,7.0,0,4,1,1.0,0,28120.0,14060.0,16.0,3.0,1,0
27.0,1,1,11.0,2,0,2,3.0,0,4.0,2,2.0,1,3,0,1.0,1,17478.0,8739.0,9.0,3.0,0,0
55.0,1,1,16.0,2,0,4,4.0,1,3.0,1,5.0,0,5,0,2.0,2,21575.0,5393.75,20.0,6.0,1,0
30.0,1,3,17.0,3,1,3,4.0,0,4.0,1,3.0,0,2,0,2.0,1,20975.0,6991.67,8.0,5.0,0,0
53.0,1,3,13.0,3,0,3,4.0,3,3.0,1,1.0,1,1,0,1.0,3,25934.0,8644.67,4.0,4.0,0,0
27.0,1,1,10.0,2,0,3,4.0,0,3.0,1,3.0,0,3,1,2.0,1,20739.0,6913.0,12.0,5.0,0,0
36.0,0,1,25.0,2,1,3,4.0,3,3.0,2,4.0,0,3,0,1.0,3,28040.0,9346.67,12.0,4.0,1,0
29.0,0,1,6.0,2,1,3,5.0,0,3.0,1,2.0,0,1,0,2.0,1,17720.0,5906.67,5.0,5.0,0,0
37.0,1,2,20.0,2,1,3,4.0,0,4.0,1,6.0,0,3,1,2.0,1,20821.0,6940.33,12.0,5.0,1,0
22.0,1,1,17.0,2,0,3,5.0,0,5.0,2,3.0,0,3,0,2.0,1,20094.0,6698.0,15.0,5.0,0,1
39.0,1,1,12.0,3,1,3,3.0,0,5.0,0,1.0,1,2,1,1.0,1,17404.0,5801.33,6.0,4.0,0,1
33.0,1,3,15.0,1,0,4,5.0,1,4.0,1,3.0,1,1,1,3.0,2,23906.0,5976.5,5.0,7.0,0,0
59.0,0,3,6.0,2,0,2,4.0,1,3.0,2,1.0,0,5,1,1.0,2,20473.0,10236.5,20.0,3.0,0,0
52.0,1,1,7.0,2,1,4,4.0,0,3.0,1,3.0,0,4,1,1.0,1,21401.0,5350.25,16.0,5.0,0,0
41.0,1,3,6.0,3,1,2,2.0,3,5.0,0,2.0,0,3,1,1.0,3,23392.0,11696.0,6.0,3.0,0,0
34.0,1,1,11.0,3,0,3,5.0,0,4.0,0,2.0,0,1,0,1.0,1,22516.0,7505.33,5.0,4.0,0,0
38.0,1,1,26.0,2,1,4,4.0,0,4.0,1,6.0,0,4,0,2.0,1,21700.0,5425.0,16.0,6.0,1,0
58.0,1,1,8.0,1,1,2,3.0,0,3.0,2,5.0,0,1,0,0.0,1,17479.0,8739.5,3.0,2.0,1,1
44.0,1,3,32.0,3,1,4,5.0,3,3.0,1,7.0,0,4,1,2.0,3,29476.0,7369.0,20.0,6.0,1,0
44.0,1,1,15.0,2,1,3,3.0,0,5.0,1,2.0,1,3,1,0.0,1,17559.0,5853.0,9.0,3.0,0,0
27.0,1,1,11.0,1,1,2,4.0,3,3.0,1,2.0,1,3,1,1.0,3,27808.0,13904.0,12.0,3.0,0,0
53.0,1,3,12.0,3,1,2,3.0,1,3.0,1,3.0,1,5,0,1.0,2,17306.0,8653.0,15.0,3.0,0,0
35.0,1,3,21.0,1,0,3,4.0,0,3.0,1,3.0,1,5,1,2.0,1,21257.0,7085.67,20.0,5.0,0,0
31.0,1,2,8.0,2,1,3,4.0,1,5.0,0,4.0,0,3,0,1.0,2,21410.0,7136.67,12.0,4.0,1,0
34.0,1,1,12.0,2,0,4,5.0,0,3.0,1,3.0,0,1,0,1.0,1,21589.0,5397.25,5.0,5.0,0,0
38.0,0,2,6.0,2,1,2,3.0,0,4.0,1,1.0,1,1,1,1.0,1,17991.0,8995.5,3.0,3.0,0,0
39.0,1,1,16.0,2,0,4,4.0,0,3.0,2,3.0,0,1,1,3.0,1,20966.0,5241.5,4.0,7.0,0,0
29.0,1,1,31.0,2,1,3,5.0,0,3.0,2,7.0,1,1,0,1.0,1,20706.0,6902.0,5.0,4.0,1,1
44.0,1,1,15.0,2,1,3,3.0,0,5.0,0,2.0,1,3,1,0.0,1,17559.0,5853.0,9.0,3.0,0,0
30.0,1,1,9.0,1,0,2,3.0,0,5.0,2,6.0,1,4,1,1.0,1,17657.0,8828.5,12.0,3.0,1,1
32.0,1,3,13.0,3,1,4,2.0,1,3.0,1,6.0,0,5,1,2.0,2,24138.0,6034.5,10.0,6.0,1,0
36.0,1,1,34.0,3,0,3,5.0,0,5.0,2,3.0,0,4,1,2.0,1,21237.0,7079.0,20.0,5.0,0,0
48.0,1,1,21.0,2,0,3,3.0,0,5.0,1,1.0,0,1,1,0.0,1,17367.0,5789.0,3.0,3.0,0,0
55.0,0,1,8.0,2,1,3,3.0,3,4.0,1,4.0,0,1,0,1.0,3,25976.0,8658.67,3.0,4.0,1,0
32.0,0,1,10.0,3,1,3,4.0,0,5.0,1,3.0,1,1,0,1.0,1,21743.0,7247.67,4.0,4.0,0,0
52.0,0,1,7.0,3,0,2,5.0,3,5.0,2,5.0,0,2,1,1.0,3,26162.0,13081.0,10.0,3.0,1,0
43.0,1,1,31.0,3,1,3,4.0,3,5.0,0,3.0,1,2,1,2.0,3,26084.0,8694.67,8.0,5.0,0,0
35.0,1,1,15.0,2,0,3,4.0,3,3.0,0,2.0,1,4,1,1.0,3,25685.0,8561.67,16.0,4.0,0,0
32.0,0,3,27.0,2,1,4,2.0,0,3.0,1,2.0,0,5,1,1.0,1,21469.0,5367.25,10.0,5.0,0,0
51.0,1,1,24.0,2,0,3,5.0,3,5.0,1,7.0,0,3,1,1.0,3,31947.0,10649.0,15.0,4.0,1,0
51.0,1,1,10.0,2,1,2,3.0,0,3.0,1,1.0,1,1,0,0.0,1,17461.0,8730.5,3.0,2.0,0,1
38.0,0,1,17.0,3,1,4,4.0,3,3.0,1,8.0,0,3,0,3.0,3,28726.0,7181.5,12.0,7.0,1,1
22.0,1,1,8.0,1,1,3,3.0,0,3.0,0,1.0,0,5,1,2.0,1,17523.0,5841.0,15.0,5.0,0,0
36.0,1,3,7.0,3,1,3,5.0,1,5.0,2,2.0,0,2,0,2.0,2,22990.0,7663.33,10.0,5.0,0,0
32.0,0,3,11.0,2,1,2,3.0,1,4.0,1,2.0,0,3,1,1.0,2,21524.0,10762.0,9.0,3.0,0,0
33.0,1,1,7.0,3,1,3,4.0,1,3.0,1,3.0,1,4,1,2.0,2,24840.0,8280.0,16.0,5.0,0,0
33.0,0,3,9.0,2,0,4,4.0,0,5.0,1,3.0,0,3,1,1.0,1,21505.0,5376.25,12.0,5.0,0,0
42.0,1,3,10.0,3,1,2,3.0,1,5.0,2,1.0,0,5,1,1.0,2,20155.0,10077.5,15.0,3.0,0,0
43.0,1,1,9.0,2,1,4,5.0,1,3.0,2,5.0,0,1,1,1.0,2,25459.0,6364.75,5.0,5.0,1,0
47.0,1,1,25.0,3,0,3,4.0,1,3.0,1,4.0,0,5,1,2.0,2,23488.0,7829.33,20.0,5.0,1,0
41.0,0,1,33.0,3,0,4,5.0,1,3.0,0,5.0,1,2,1,1.0,2,23100.0,5775.0,10.0,5.0,1,0
35.0,1,1,15.0,3,1,2,3.0,1,3.0,2,2.0,0,4,0,1.0,2,20098.0,10049.0,12.0,3.0,0,0
31.0,1,1,30.0,3,0,3,4.0,1,5.0,2,2.0,0,5,1,0.0,2,21812.0,7270.67,20.0,3.0,0,0
34.0,0,1,7.0,3,1,3,5.0,0,3.0,1,3.0,0,3,0,1.0,1,20686.0,6895.33,15.0,4.0,0,0
20.0,0,1,17.0,3,0,4,5.0,0,4.0,2,3.0,1,5,0,3.0,1,20537.0,5134.25,25.0,7.0,0,1
31.0,1,3,19.0,3,1,3,4.0,1,5.0,1,6.0,1,1,1,0.0,2,17302.0,5767.33,4.0,3.0,1,1
44.0,0,1,14.0,3,1,3,3.0,0,3.0,1,6.0,0,4,0,2.0,1,20767.0,6922.33,12.0,5.0,1,0
48.0,1,3,21.0,3,0,4,4.0,1,3.0,0,5.0,1,5,1,1.0,2,23269.0,5817.25,20.0,5.0,1,0
36.0,1,1,14.0,1,0,2,3.0,3,3.0,1,2.0,0,4,1,1.0,3,25096.0,12548.0,12.0,3.0,0,0
27.0,1,1,9.0,3,1,2,4.0,0,3.0,2,1.0,0,2,0,0.0,1,17045.0,8522.5,8.0,2.0,0,0
48.0,1,1,26.0,3,1,2,3.0,0,3.0,1,5.0,0,1,1,0.0,1,17259.0,8629.5,3.0,2.0,1,0
50.0,0,2,9.0,3,1,2,3.0,2,4.0,0,2.0,0,2,1,0.0,4,33200.0,16600.0,6.0,2.0,0,0
45.0,0,1,31.0,3,0,2,3.0,2,4.0,2,4.0,0,4,1,1.0,4,33061.0,16530.5,12.0,3.0,1,0
19.0,1,1,9.0,3,0,3,3.0,0,4.0,2,2.0,0,3,1,0.0,1,16483.0,5494.33,9.0,3.0,0,0
26.0,1,2,9.0,2,0,3,4.0,0,4.0,1,6.0,0,4,0,1.0,1,20865.0,6955.0,16.0,4.0,1,0
25.0,1,3,34.0,2,1,2,4.0,1,3.0,0,3.0,0,4,0,0.0,2,23639.0,11819.5,16.0,2.0,0,0
53.0,1,1,29.0,2,0,3,3.0,4,3.0,2,7.0,0,5,1,1.0,0,29275.0,9758.33,15.0,4.0,1,0
53.0,1,1,15.0,3,1,3,5.0,1,4.0,1,4.0,0,1,1,1.0,2,23619.0,7873.0,5.0,4.0,1,1
38.0,1,3,9.0,3,1,4,4.0,1,3.0,0,6.0,1,3,0,2.0,2,28280.0,7070.0,12.0,6.0,1,0
30.0,1,3,7.0,3,0,3,5.0,0,3.0,1,8.0,1,2,0,2.0,1,21478.0,7159.33,10.0,5.0,1,1
38.0,1,3,7.0,2,1,3,5.0,3,3.0,0,7.0,0,2,1,2.0,3,29287.0,9762.33,10.0,5.0,1,1
50.0,1,1,8.0,3,1,3,3.0,4,3.0,1,6.0,0,1,0,1.0,0,32639.0,10879.67,3.0,4.0,1,0
35.0,1,1,9.0,2,1,3,5.0,1,5.0,0,8.0,0,4,0,2.0,2,24635.0,8211.67,20.0,5.0,1,0
39.0,1,1,7.0,2,0,3,2.0,1,3.0,2,2.0,0,1,0,1.0,2,26303.0,8767.67,2.0,4.0,0,0
46.0,1,1,13.0,3,1,3,3.0,3,3.0,1,7.0,0,2,0,2.0,3,25845.0,8615.0,6.0,5.0,1,0
50.0,1,1,35.0,2,1,2,4.0,4,3.0,1,1.0,0,5,1,1.0,0,32046.0,16023.0,20.0,3.0,0,0
26.0,1,1,29.0,2,0,2,3.0,0,3.0,1,2.0,0,3,1,1.0,1,17886.0,8943.0,9.0,3.0,0,0
31.0,0,1,12.0,3,0,3,4.0,0,4.0,2,2.0,0,3,0,1.0,1,21100.0,7033.33,12.0,4.0,0,1
37.0,1,1,7.0,1,0,4,6.0,3,5.0,1,4.0,1,2,1,3.0,3,28930.0,7232.5,12.0,7.0,1,0
49.0,1,3,36.0,3,0,4,4.0,3,3.0,1,5.0,0,4,0,2.0,3,31182.0,7795.5,16.0,6.0,1,0
44.0,1,3,16.0,3,0,3,6.0,1,3.0,2,2.0,0,2,1,2.0,2,24024.0,8008.0,12.0,5.0,0,1
50.0,1,1,7.0,1,0,3,4.0,0,5.0,1,4.0,0,4,0,1.0,1,22258.0,7419.33,16.0,4.0,1,0
58.0,0,1,8.0,2,1,2,4.0,0,3.0,1,1.0,1,1,1,0.0,1,17380.0,8690.0,4.0,2.0,0,1
60.0,0,3,7.0,2,0,3,5.0,1,3.0,2,2.0,0,5,1,2.0,2,24151.0,8050.33,25.0,5.0,0,0
38.0,1,3,7.0,2,1,3,5.0,3,3.0,1,7.0,0,1,1,2.0,3,29287.0,9762.33,5.0,5.0,1,1
30.0,0,1,9.0,2,1,2,3.0,0,3.0,0,5.0,0,3,0,1.0,1,17097.0,8548.5,9.0,3.0,1,0
42.0,1,1,8.0,2,1,2,3.0,2,3.0,1,6.0,0,3,1,1.0,4,33880.0,16940.0,9.0,3.0,1,0
24.0,0,3,19.0,2,0,3,3.0,0,4.0,0,2.0,0,1,0,0.0,1,17033.0,5677.67,3.0,3.0,0,0
37.0,1,1,6.0,2,0,3,3.0,1,4.0,1,7.0,0,1,1,2.0,2,21447.0,7149.0,3.0,5.0,1,0
33.0,0,1,6.0,2,0,2,1.0,1,4.0,0,2.0,1,3,0,1.0,2,20488.0,10244.0,3.0,3.0,0,0
39.0,0,1,8.0,1,0,3,3.0,3,3.0,2,1.0,0,2,1,1.0,3,25938.0,8646.0,6.0,4.0,0,0
34.0,0,1,9.0,2,1,2,4.0,0,3.0,1,4.0,0,1,0,0.0,1,17979.0,8989.5,4.0,2.0,1,0
46.0,1,2,31.0,3,1,3,4.0,0,4.0,2,3.0,0,4,0,2.0,1,20855.0,6951.67,16.0,5.0,0,0
44.0,0,1,17.0,2,0,3,5.0,1,3.0,1,3.0,0,3,1,1.0,2,23935.0,7978.33,15.0,4.0,0,0
38.0,0,1,29.0,2,1,2,4.0,3,3.0,2,1.0,0,3,1,0.0,3,24526.0,12263.0,12.0,2.0,0,0
38.0,1,1,17.0,3,1,3,4.0,1,5.0,2,3.0,0,4,0,1.0,2,22891.0,7630.33,16.0,4.0,0,1
34.0,1,1,6.0,2,1,2,3.0,0,3.0,0,2.0,0,3,1,0.0,1,17691.0,8845.5,9.0,2.0,0,0
31.0,1,1,7.0,2,1,3,6.0,0,3.0,0,5.0,0,4,1,1.0,1,22511.0,7503.67,24.0,4.0,1,0
32.0,1,3,13.0,3,1,3,3.0,1,3.0,0,5.0,0,5,1,1.0,2,24204.0,8068.0,15.0,4.0,1,0
45.0,1,1,9.0,2,0,4,2.0,0,3.0,0,3.0,0,4,1,1.0,1,20689.0,5172.25,8.0,5.0,0,0
37.0,1,3,10.0,3,0,3,4.0,1,4.0,2,5.0,1,4,0,2.0,2,27956.0,9318.67,16.0,5.0,1,0
36.0,1,1,23.0,2,1,4,4.0,3,3.0,1,6.0,1,1,0,1.0,3,26310.0,6577.5,4.0,5.0,1,0
24.0,1,3,6.0,1,0,3,3.0,0,4.0,2,2.0,1,4,1,2.0,1,18202.0,6067.33,12.0,5.0,0,1
51.0,1,1,8.0,3,1,2,5.0,1,4.0,1,6.0,0,2,0,0.0,2,20482.0,10241.0,10.0,2.0,1,0
33.0,1,1,13.0,3,1,2,3.0,3,3.0,1,1.0,0,4,1,0.0,3,26691.0,13345.5,12.0,2.0,0,0
34.0,1,1,21.0,3,0,4,4.0,0,4.0,0,3.0,0,5,0,1.0,1,21434.0,5358.5,20.0,5.0,0,0
28.0,1,1,11.0,2,0,4,4.0,0,3.0,2,3.0,0,1,0,1.0,1,20996.0,5249.0,4.0,5.0,0,0
34.0,1,1,12.0,2,0,4,5.0,0,3.0,0,3.0,0,2,0,3.0,1,21589.0,5397.25,10.0,7.0,0,0
43.0,0,1,8.0,2,0,4,2.0,3,4.0,2,3.0,0,3,1,1.0,3,21050.0,5262.5,6.0,5.0,0,1
35.0,0,1,17.0,1,1,4,5.0,1,3.0,1,3.0,0,4,1,2.0,2,23741.0,5935.25,20.0,6.0,0,0
47.0,1,3,8.0,2,0,2,1.0,4,4.0,1,7.0,0,1,0,0.0,0,30972.0,15486.0,1.0,2.0,1,0
38.0,1,1,8.0,2,0,3,5.0,1,3.0,1,3.0,0,1,0,1.0,2,25152.0,8384.0,5.0,4.0,0,0
36.0,1,3,7.0,3,1,3,5.0,1,5.0,2,2.0,0,1,1,2.0,2,22990.0,7663.33,5.0,5.0,0,0
54.0,1,1,13.0,3,0,3,3.0,1,3.0,1,5.0,0,3,1,1.0,2,21854.0,7284.67,9.0,4.0,1,0
29.0,1,3,9.0,3,0,3,4.0,1,4.0,0,3.0,1,3,1,1.0,2,23457.0,7819.0,12.0,4.0,0,0
38.0,1,2,6.0,2,1,2,1.0,0,3.0,1,2.0,0,4,1,0.0,1,17844.0,8922.0,4.0,2.0,0,0
32.0,0,3,14.0,3,0,2,3.0,3,3.0,2,2.0,0,4,1,1.0,3,23998.0,11999.0,12.0,3.0,0,0
37.0,1,1,12.0,2,0,3,4.0,3,5.0,1,6.0,0,4,1,2.0,3,26686.0,8895.33,16.0,5.0,1,0
37.0,1,3,9.0,3,1,4,5.0,3,3.0,1,3.0,0,1,1,2.0,3,26274.0,6568.5,5.0,6.0,0,0
20.0,1,1,6.0,2,0,2,4.0,0,4.0,2,2.0,0,4,0,1.0,1,17836.0,8918.0,16.0,3.0,0,0
36.0,0,1,9.0,3,0,3,4.0,1,4.0,2,7.0,0,2,1,1.0,2,23103.0,7701.0,8.0,4.0,1,0
34.0,0,1,15.0,2,1,3,3.0,1,5.0,1,5.0,0,3,0,1.0,2,20346.0,6782.0,9.0,4.0,1,1
54.0,1,1,14.0,2,1,3,3.0,4,3.0,0,5.0,0,2,0,1.0,0,33492.0,11164.0,6.0,4.0,1,0
30.0,1,3,34.0,3,0,3,4.0,3,3.0,0,3.0,0,3,1,2.0,3,26317.0,8772.33,12.0,5.0,0,1
24.0,1,3,6.0,1,0,3,3.0,0,4.0,2,2.0,1,4,0,0.0,1,18202.0,6067.33,12.0,3.0,0,1
31.0,1,1,13.0,1,0,3,5.0,1,3.0,0,2.0,0,4,1,2.0,2,23305.0,7768.33,20.0,5.0,0,0
60.0,1,3,32.0,2,0,3,4.0,3,5.0,2,2.0,0,3,1,1.0,3,26315.0,8771.67,12.0,4.0,0,0
22.0,0,1,22.0,3,1,3,1.0,0,3.0,1,2.0,1,3,0,2.0,1,17935.0,5978.33,3.0,5.0,0,0
55.0,1,1,14.0,3,0,2,3.0,4,3.0,1,3.0,1,3,0,1.0,0,29756.0,14878.0,9.0,3.0,0,0
55.0,1,3,24.0,2,0,2,3.0,4,4.0,2,4.0,0,1,1,0.0,0,31835.0,15917.5,3.0,2.0,1,0
36.0,1,1,33.0,3,1,3,3.0,1,3.0,1,7.0,0,3,0,0.0,2,20237.0,6745.67,9.0,3.0,1,0
30.0,1,3,30.0,2,0,3,5.0,3,5.0,1,3.0,0,3,1,2.0,3,26014.0,8671.33,15.0,5.0,0,1
31.0,1,3,11.0,1,1,2,3.0,1,3.0,1,2.0,0,5,0,1.0,2,23346.0,11673.0,15.0,3.0,0,0
43.0,0,3,21.0,2,1,2,4.0,1,3.0,0,4.0,0,5,0,1.0,2,21804.0,10902.0,20.0,3.0,1,0
23.0,1,1,7.0,2,1,4,4.0,0,3.0,2,2.0,0,3,0,3.0,1,22053.0,5513.25,12.0,7.0,0,0
45.0,1,1,9.0,2,0,4,2.0,3,3.0,1,3.0,1,4,1,1.0,3,26557.0,6639.25,8.0,5.0,0,0
26.0,1,3,11.0,2,0,1,4.0,0,3.0,2,1.0,0,1,0,0.0,1,17966.0,17966.0,4.0,1.0,0,0
40.0,1,1,8.0,3,1,2,3.0,2,3.0,1,1.0,0,5,0,0.0,4,34436.0,17218.0,15.0,2.0,0,0
40.0,1,2,12.0,3,1,2,3.0,4,3.0,2,2.0,1,3,1,1.0,0,31437.0,15718.5,9.0,3.0,0,0
55.0,1,3,9.0,2,0,3,5.0,3,3.0,0,8.0,0,5,1,1.0,3,29364.0,9788.0,25.0,4.0,1,0
34.0,0,2,29.0,2,0,2,3.0,3,5.0,1,1.0,1,3,1,0.0,3,24950.0,12475.0,9.0,2.0,0,1
45.0,0,2,7.0,2,1,3,4.0,1,3.0,1,6.0,1,5,1,2.0,2,24421.0,8140.33,20.0,5.0,1,0
52.0,1,3,11.0,2,1,3,3.0,3,4.0,2,1.0,1,4,1,1.0,3,23446.0,7815.33,12.0,4.0,0,1
38.0,1,1,17.0,2,1,3,4.0,1,4.0,2,4.0,1,5,0,2.0,2,22875.0,7625.0,20.0,5.0,1,0
30.0,0,3,32.0,3,0,2,4.0,1,5.0,2,6.0,0,2,0,1.0,2,21696.0,10848.0,8.0,3.0,1,1
28.0,1,3,11.0,3,1,2,3.0,1,5.0,2,1.0,0,1,1,0.0,2,23463.0,11731.5,3.0,2.0,0,0
25.0,1,1,6.0,1,1,2,3.0,0,3.0,0,5.0,0,5,1,1.0,1,18229.0,9114.5,15.0,3.0,1,0
26.0,1,3,20.0,3,1,3,4.0,0,3.0,0,3.0,0,3,1,1.0,1,20774.0,6924.67,12.0,4.0,0,0
29.0,0,3,7.0,2,1,3,5.0,1,3.0,1,3.0,1,1,0,1.0,2,25512.0,8504.0,5.0,4.0,0,0
43.0,0,1,15.0,2,1,2,3.0,0,3.0,2,5.0,0,3,0,1.0,1,17438.0,8719.0,9.0,3.0,1,0
28.0,0,1,6.0,2,0,2,5.0,1,3.0,0,1.0,0,3,1,0.0,2,21674.0,10837.0,15.0,2.0,0,0
38.0,1,1,17.0,3,0,4,4.0,0,5.0,1,8.0,0,1,1,3.0,1,22130.0,5532.5,4.0,7.0,1,0
51.0,1,1,16.0,2,1,4,4.0,0,3.0,0,6.0,0,5,1,1.0,1,21058.0,5264.5,20.0,5.0,1,0
23.0,1,1,16.0,1,1,2,1.0,0,3.0,1,3.0,0,1,1,0.0,1,17073.0,8536.5,1.0,2.0,0,0
20.0,1,1,10.0,3,0,4,4.0,0,4.0,2,3.0,0,3,1,1.0,1,20161.0,5040.25,12.0,5.0,0,0
39.0,1,1,32.0,2,0,3,5.0,3,4.0,1,5.0,0,3,0,2.0,3,30739.0,10246.33,15.0,5.0,1,0
35.0,0,1,8.0,3,1,2,3.0,1,3.0,1,3.0,0,3,0,1.0,2,20762.0,10381.0,9.0,3.0,0,0
22.0,1,1,21.0,3,0,2,3.0,0,3.0,2,2.0,0,1,1,1.0,1,17871.0,8935.5,3.0,3.0,0,0
31.0,1,3,22.0,3,1,4,5.0,3,5.0,1,4.0,0,1,0,3.0,3,25818.0,6454.5,5.0,7.0,1,0
35.0,1,1,31.0,1,1,3,4.0,3,4.0,1,4.0,0,3,1,1.0,3,25903.0,8634.33,12.0,4.0,1,0
53.0,1,1,13.0,1,1,4,4.0,1,5.0,1,5.0,1,4,1,3.0,2,24255.0,6063.75,16.0,7.0,1,0
28.0,0,1,10.0,3,1,4,5.0,0,3.0,1,3.0,1,2,0,3.0,1,21244.0,5311.0,10.0,7.0,0,0
39.0,1,3,14.0,3,0,3,2.0,1,5.0,1,3.0,1,3,1,2.0,2,24283.0,8094.33,6.0,5.0,0,0
39.0,1,2,7.0,2,1,3,2.0,0,3.0,1,3.0,0,4,1,1.0,1,21522.0,7174.0,8.0,4.0,0,0
23.0,1,1,15.0,3,1,2,3.0,0,5.0,1,2.0,0,3,1,0.0,1,17500.0,8750.0,9.0,2.0,0,0
46.0,1,3,16.0,3,1,4,4.0,3,5.0,1,6.0,1,2,1,1.0,3,29439.0,7359.75,8.0,5.0,1,0
35.0,1,3,16.0,2,0,4,4.0,1,3.0,1,3.0,0,1,0,1.0,2,24392.0,6098.0,4.0,5.0,0,0
35.0,1,3,9.0,2,1,3,4.0,1,3.0,2,3.0,0,5,0,2.0,2,24952.0,8317.33,20.0,5.0,0,0
28.0,0,3,10.0,3,0,4,3.0,1,3.0,1,3.0,1,2,1,3.0,2,23325.0,5831.25,6.0,7.0,0,0
23.0,1,3,8.0,1,1,3,3.0,0,5.0,1,4.0,0,3,1,2.0,1,17322.0,5774.0,9.0,5.0,1,0
42.0,1,1,10.0,1,1,2,3.0,2,3.0,0,2.0,0,2,0,1.0,4,34232.0,17116.0,6.0,3.0,0,0
36.0,1,1,30.0,2,1,3,5.0,1,3.0,1,5.0,1,4,1,1.0,2,24594.0,8198.0,20.0,4.0,1,1
36.0,1,3,9.0,3,0,3,4.0,3,3.0,1,1.0,0,3,1,0.0,3,22644.0,7548.0,12.0,3.0,0,0
21.0,1,3,9.0,3,0,3,5.0,0,3.0,2,3.0,0,4,1,1.0,1,20722.0,6907.33,20.0,4.0,0,1
42.0,0,3,32.0,3,0,3,3.0,4,4.0,0,6.0,0,3,1,2.0,0,28525.0,9508.33,9.0,5.0,1,0
41.0,0,1,15.0,3,1,3,5.0,3,4.0,1,4.0,0,1,1,2.0,3,32435.0,10811.67,5.0,5.0,1,0
43.0,0,1,16.0,2,0,2,3.0,0,3.0,2,1.0,0,5,0,1.0,1,17455.0,8727.5,15.0,3.0,0,0
